author name,percentage
MartijnCuppens,11.65
XhmikosR,19.46
ysds,19.48
patrickhlauke,30.55
Johann-S,50.18
shaneparsons,0
aditya1906,0
ashfahan,0
mdo,31.91
alecpl,0
coliff,0
tmorehouse,0.12
Lausselloic,0
dvmuccillo,0
jhechtf,0
ahtee,0
bardiharborow,42.32
peterblazejewicz,0
wojtask9,1.0
vanillajonathan,0.0
Herst,0.33
thecodingdude,0
markcarver,0
laserlemon,0
hzoo,2.36
jackmu95,0
sts-ryan-holton,0
wolfy1339,6.909999999999999
ghost,94.19999999999999
danijelGombac,0.73
shaedrich,0.0
s-pace,0
Ruffio,0
mattez,0
supergibbs,0.0
mvastola,0
gijsbotje,1.39
rafalp,0.91
iamandrewluca,0.86
ThatOdieGuy,0
royklutman,0
vsn4ik,26.669999999999998
m5o,0.97
VincentLanglet,33.33
browner12,0
glebm,1.13
perrin4869,0
tkrotoff,0
galczo5,0
sergchernata,0
andresgalante,4.37
alekitto,0.0
myorangeca,0
aceofspades,0
midzer,0
zalog,0.0
aTable,0
twbs-closer,99.7
jeffposnick,0
simPod,0
hrvojegolcic,0
MikeyBeLike,0.52
stof,0
mohamedragaey,0
tiesont,0
jquense,5.45
Vimal-Raghubir,0
coveralls,71.5
parammittal16,0
domq,0
jrchamp,0
razh,0
Varunram,0
sunpietro,0
afuno,0
adsingh14,0
swrobel,0.52
martinbean,0
kevinruscoe,0
bastienmoulia,0
josmaissan,0
peterpeterparker,0
bkdotcom,0
MikeRogers0,0
brianteeman,0
cmckni3,0
guledali,0
pat270,0
slavanga,0
719media,0
ffoodd,0
coorasse,0
niftylettuce,0.33999999999999997
jnizet,0
marcysutton,0.7100000000000001
hiddewie,0
tammersaleh,0
jdorfman,0
FezVrasta,2.02
pierreneter,0
lipis,21.05
meeque,0
sibiraj-s,0
nextgenthemes,0.98
printercu,1.29
aavmurphy,0
gylaz,0
Yongjin0919,0
rmacklin,4.09
Delagen,0
tomscholz,0
Superpencil,0
michael-letcher,0
romanlex,0
prateekgoel,1.1900000000000002
jimmymain,0
marcoscv-work,0
NielsHolt,0
hebbet,0
weilinzung,0
harishgadiya,0
mabar,0
mtawil,0
johnnyshields,0
twbs-rorschach,99.82
jipexu,0
wrakky,0
connorshea,0.8099999999999999
thehitechpanky,0
corbinu,0
bangzek,0
cvrebert,34.29
chiraggmodi,2.85
coolcat-creations,0
ahmadawais,0
StevenBlack,0
jalkoby,0.0
ddevault,0
devedse,0
CVarisco,0
odahcam,0
abrambailey,0
lorvent,0
IdanCo,0
petetnt,0
addyosmani,0
artyomtrityak,0
bbmatt,0
IamManchanda,0
gseregni,0
gthomas-appfolio,0
CDAGaming,0.26
maxiloc,0
pixelastic,0
md5,0
hughbe,95.32000000000001
bogdaniel,0
oktalk,0
Starsam80,0.38999999999999996
JoyceBabu,0
cr101,0
ajacksified,0
pkozlowski-opensource,39.04
Francismori7,0
Deilv,0
pvdlg,1.96
silverwind,0
michhhh,0
tagliala,0
guylepage3,0
spongessuck,0
Quy,0
PlugIN73,0
jakeNiemiec,0
bgentry,0
judetucker,0
giulianovelli,0
Haroenv,0
hnrch02,38.5
Studio384,0
tomlutzenberger,1.26
Yahasana,0
flying-sheep,0
yordis,2.7199999999999998
Mevrael,0
pixelbandito,0
jonathanhefner,0
twbs-savage,97.72999999999999
PeterDaveHello,0
bradly,0
indymx,0
zdroid,18.33
karolyi,50.0
intellix,0
peebeebee,0
Kovah,0
schoenburg,0
nbraud,0
tjkohli,0
maxbeatty,0
ntwb,0
os1r1s110,0
jorrit,0
Martii,0
neilhem,0
dmethvin,33.98
twbs-lmvtfy,38.47
jeradrutnam,0
danimalweb,0
henryw4k,0
sendilkumarn,0
juthilo,57.42
DaSchTour,0.0
tordans,0
mrmlnc,0
florisverburg,0
Pvanhesteren,0
zakrid,0
majornista,0
abstractic,0
deviprsd,0.0
imsky,0
adrien-be,50.0
alberto,0
dtaniwaki,0
adammacias,5.0
fabdouglas,0
afeld,3.45
kkirsche,23.799999999999997
sergej2705,0
davidjb,0
alexventuraio,0
timfish,0
splendido,1.6500000000000001
kuboon,3.37
bassjobsen,3.85
ollym,2.2800000000000002
vicary,0
lachlanjc,0.0
Caster,0
EspadaV8,0
phmasek,0
iatek,0
zacechola,0
tshinnic,0
defsdoor,0
FremyCompany,0
wnr,0
jontewks,0
riichard,0
shirohana,0
JuanitoFatas,13.94
markau,0
bhamodi,22.13
croaky,0
zenorocha,0.0
redbmk,0
abibell,0
zimme,12.920000000000002
matt-hernandez,0
fat,32.17
bcullman,0
maniqui,0
thomas-mcdonald,0
hkdobrev,0
gfpacheco,0
retlehs,0
julionc,0
efender,0.0
krnlde,0
chriseppstein,0.43
tomByrer,0
dmbaughman,0
omeid,0
brnrdog,0
thekondrashov,1.7500000000000002
cornedor,0
ADmad,0
jamiebuilds,15.379999999999999
paulirish,0
MohammadYounes,0
sanusart,0
brettle,0
dandv,0.37
rclai,4.9799999999999995
Serya05,100.0
Henni,0
josephfusco,0
phistuck,3.5700000000000003
dsusco,0
EHLOVader,0
NogsMPLS,0
clarkdemvher,0
ChameleonRed,0
miketaylr,0
nunoarruda,0
inopinatus,0
bryanbraun,0
thomasphorton,0
marcusds,0
tarebyte,0
AndreiTelteu,0
copperdesign,0
alexw23,0
mcsheffrey,0
fchiumeo,0
jarthod,0
Intrepidd,0.63
maximandrews,0
lookfirst,1.15
guybedford,0.0
steph643,0
nvnvenki,0
TishoTM,0
au-phiware,0
Nikita240,0
alexch,0
stevefaulkner,0
trask,0
ericmartel,0
IDisposable,0
JelteF,0
jesusprubio,0
nsteenbeek,0
neoeno,0
stramel,0
BBosman,1.1400000000000001
MarkMurphy,0
barneycarroll,0
just-boris,7.88
hillai,0
thcipriani,0
ricardopolo,0
j3l11234,0
carasmo,0
gerardkcohen,0
jayanthkoushik,0
bodyno,89.23
iamphill,0
jonschlinkert,0
ankurp,0
parkr,0
FagnerMartinsBrack,0.33
blankmaker,0
LubomirGeorgiev,0
iSimonWeb,0
ghusse,0
ShaunR,0
jholl,0
sgonyea,0
bclinkinbeard,1.16
spacepluk,0
gmile,54.55
programcsharp,0
charlesbjohnson,0
joepjoosten,0
ashanbrown,0
timmywil,50.44
thomaswelton,0
apexskier,0
cfxd,0
mpnkhan,0.0
loic,0
ssorallen,0
jsdf,0
troytc,0
erwanjegouzo,0
tamarazuk,0
fletch3555,0
vpukhanov,0
peterjwest,0
ItsJonQ,0
bassettsj,5.220000000000001
Harris-Miller,0
JasonAllenCorns,0
mrobinet,0
tadeuzagallo,66.72
krainboltgreene,0.96
danielhusar,0
bozdoz,0
nickcolley,0
saas786,1.92
thebigredgeek,0
lukehorvat,0
reywood,0
killthekitten,2.9000000000000004
francis-liberty,0.0
MrAntix,0
jonashuckestein,0
s2software,0
robfletcher,0
haydenbleasel,0
ogonkov,0
ahmadnassri,0
raulferras,0
mokkabonna,0
avindra,0
mikesherov,13.28
necolas,1.5699999999999998
axemclion,0.33
Merg1255,1.94
ragulka,0
soundarapandian,0.0
ai,0.4
mgol,25.72
mathiasbynens,0.3
boulox,0.5700000000000001
tlindig,0.36
trshafer,0
antespi,0
hppycoder,0
ddeschepper,0
techwraith,0
yoshi6jp,0
rubenstolk,0
shama,50.0
nathan-osman,0
donaldpipowitch,0
ftbastler,0
danrabinowitz,0
benogle,0
watilde,2.1
ibash,0
leods92,0
waynn,3.55
mkurz,0
tomyam1,0
panarasi,0
frabrunelle,0
nschonni,0
leeaston,0.44
joshkurz,0
andrewscofield,0
colllin,0
morteza,0
hero-m,0
smartcorestudio,0
acornejo,0
pete-otaqui,0
dzwillia,0
acmetech,0
dmustafic,0
westonplatter,0
masterbee,0
awebdeveloper,0
AJ-Acevedo,0
asiniy,1.81
erikflowers,0
blowsie,1.91
pixelyunicorn,40.0
adrientetar,0
archonic,0
ziogaschr,0
asselin,0
bleonard,0
parshap,28.57
KOTRET,0
yokomizor,0.0
jedmao,0
felipefialho,0
khellang,0
benmccann,2.12
akalicki,0
wangsai,0.0
ggam,0.8500000000000001
YodasWs,0
stuartpb,0
plievone,0.6799999999999999
normanzb,0
azuby,0
zeroasterisk,0
navarr,0
ForbesLindesay,0
ryanflorence,0
ljharb,2.26
jodytate,0
clee704,0
nathan-muir,3.4299999999999997
rwillrich,0
kevinSuttle,0.0
Ninir,0
dominicbarnes,0
zeroxme,0
alaa13212,0
Bartmax,0
rikiless,0
eins78,0
realityking,2.11
trumbitta,3.05
caniszczyk,0
rhodrykorb,0
marclaporte,0
liuyl,0.0
eratzlaff,0
turchenkoalex,0
dstroot,0
ameyms,1.7500000000000002
joshma,0
gabrielecirulli,0
sdhull,0
rwaldron,18.970000000000002
tkellen,0
JustinDrake,0
ajb,0
brennanmceachran,0
seriema,1.9800000000000002
Flydiverny,0
barryvdh,0
hice3000,0
ibrasho,0
andreypopp,0
robotfelix,0
jojobyte,0
heruan,0
kylev,0
eastridge,2.0500000000000003
Deele,0
jtheoof,0
jdan,0
tardate,0
Salmatron,0
luishdez,0
mnpenner,0
woto,0
aristath,0
baer,0
fxxkscript,0
mediafreakch,0
nozpheratu,0
burnsra,0
suralc,0
ecentinela,0
hrach,0
dgilperez,66.67
NotBobTheBuilder,0
jokklan,0
josephdpurcell,0
sporkd,0
blakeembrey,2.3800000000000003
adamspicer,0
sebnitu,0
fguillen,0
holic,70.59
hswong3i,0
meenie,0
lucaflisi,0
dr-dimitru,1.53
AoDev,0
shishirmk,0
ArturKwiatkowski,0
mgcrea,1.59
andriijas,0.67
quasipickle,3.15
willfarrell,0
SBoudrias,0
richo,0
jiyinyiyong,0
btholt,0
jamesdaily,0
parndt,2.64
joomla-agency,0
alexkalderimis,0
bronson,1.96
LeEnno,0
blizzy78,0
Yohn,0.73
jacobstr,0
captainpete,0
dudebout,0
felds,40.0
globetrotterdesigns,0
jormon,0
Iristyle,0
devknoll,0
antonellopasella,0
jamesmfriedman,14.93
rmm5t,0
tghw,0
stylenclass,0
akre54,0
jschr,0
joshdick,0
fsateler,0
pseidemann,0
avernet,0
KamranMackey,0
MGaetan89,0
aurnik,0
pepperstreet,0
mneuhaus,0
ansman,0
NelsonReis,0
sshwsfc,0
mattcg,0
localheinz,0
RWOverdijk,0
foxbunny,0
ryan-endacott,0
malekpour,0
lanterndev,0
Sinetheta,0
dougc84,0
slbug,23.630000000000003
vitalets,0
eruiz,0
WilliamStam,0
kevva,0
gustavohenke,5.59
chrisritter,0
NiklasBr,0
danielcha,0
usaphp,0
Anahkiasen,0
opensas,0
abestic9,0
thomaswinterstetter,0.49
ChrisRiddell,0
madmax,0
mindctrl,0
chrisjacob,0
thedrow,0
chrisnicola,0
jackplug,0
jeserkin,0
bensie,1.11
philfreo,0
kevsmt,0.0
rodryquintero,0
apfelbox,1.97
marcalj,0
azr,0
zavan,0
iperelivskiy,0
dwightwatson,1.7000000000000002
VizualAbstract,0
evil-shrike,0
RobertinoValue,0
lwensveen,0
fakhrizaki,0
Sophist-UK,0
Itrulia,1.48
AlixBa,0
Grsmto,0
peterbraden,0
bazineta,0
softlion,0
arcanis,2.13
cvn,0
jlbruno,0
tierra,0
percyhanna,0
chrisirhc,4.65
TheCloudlessSky,0
martinnormark,0
dperrymorrow,4.54
mhuggins,0.16999999999999998
jdalton,3.8699999999999997
joe1chen,0
davidmles,0
SlexAxton,1.49
tanraya,0
robertmclaws,0
koenpunt,0.8200000000000001
cielavenir,0.43
davydotcom,0
Serhioromano,0
richardp-au,0
markvital,0
parisholley,0
ioleo,0.0
erlendfh,0
josh,0.33
lucas-clemente,0
Bertg,0
andrewdeandrade,98.42999999999999
oncletom,0
kynan,0
theodorton,0
demike,0
stephankaag,0
bricker,0
thezoggy,0
brianfeister,0
neersighted,28.57
michaelcox,0
Glideh,0
mgodwin,0
seasoup,0
ptnplanet,0
nostalgiaz,0
travisbot,78.85
cibernox,0
rafeca,0
scomma,0
PavelDemyanenko,0.0
dgw,4.53
BMorearty,0
tjbarbour,0
curt0,0
jeroenvisser101,20.0
olvlvl,0
benjaminoakes,0
twoolie,0
mikaelbr,0
stevelacey,0
mwhitneysdsu,0
mckramer,0
garysweaver,5.35
danielfarrell,0
adityamenon,0
gcoop,0
envex,0
vegardlarsen,0
pokonski,1.6099999999999999
shyam-habarakada,0
mahemoff,0
tigrish,3.4000000000000004
add1ct3dd,0
ctalkington,3.49
Gavrisimo,0
ItalyPaleAle,0
coreyti,0
klebba,0
caiotarifa,40.0
schorsch,0
FloNeu,0
kraz,0
ncreuschling,0
bcardarella,11.52
damrbaby,0
BigBlueHat,0
iamdustan,1.6
rvagg,0
analytically,96.77
babrewer,0
hurtubise,0
aroc,0
mfo,0
joshuapinter,0
tauren,0
agis,9.56
gablabelle,0
rentalhost,0
eternicode,0
ibrent,0
jakepetroules,15.379999999999999
pelme,0
mirasrael,0
alexgorbatchev,4.760000000000001
charettes,0
eillarra,0
dbpolito,50.0
dyve,0
inmarelibero,0
meleyal,0
JakeWharton,0
maraujop,0
worldspawn,0
coli,0
atd,0
sethburtonhall,0
gudbergur,40.0
petewarden,89.44
ifightcrime,0
cgunther,0
Nerian,0
avalanche123,0
kirbysayshi,0
lessless,0
camshaft,0
pamelafox,0
jimryan,0
vreon,0
tinyfly,0
tkazec,0
fionawhim,0
buraktuyan,0
kasperp,1.08
itsmeduncan,0
jsierles,0
sindresorhus,6.9
pixelmixture,0
tonycoco,0
mkchandler,0
tuler,66.67
thomasfr,0
foca,0
sethvargo,1.48
richarddong,0
jasny,0
piranha,0.2
nurey,0
goshakkk,32.910000000000004
amalagaura,0
kbond,0
huacnlee,0.0
orefalo,33.33
hinrik,0
aderyabin,2.03
nikcub,0
RobVanGroenewoud,0
NeoCN,0
Geczy,0
guilhermeblanco,0
robdodson,0
mchambaud,0
saxicek,0
robzolkos,0
derekprior,0.96
bauhouse,0
philipp-spiess,0.09
purcell,0.0
josegonzalez,0
dmyers,0
ekdevdes,0.0
aaronj1335,0
marksands,0
nickveys,0
soffes,0
colinbm,0
JeanMertz,0
et,0
grandfatha,0
nikku,0
karlfreeman,0
wildchild,0.0
alanhogan,0
facebook-github-bot,99.87
trueadm,6.3
sizebot,95.1
526117,0
acdlite,22.07
gaearon,50.1
SimenB,0
rickhanlonii,0
threepointone,2.21
bvaughn,39.09
sophiebits,43.55
Andarist,0.18
ide,92.07
sebmarkbage,17.66
cpojer,32.95
NE-SmallTown,8.0
TheSavior,82.27
giuseppeg,0
VariableVasasMT,0
sompylasar,0.0
lovoop,0.24
matthargett,0.76
jhampton,0
behzad888,0
zpao,68.52000000000001
kunukn,0
markerikson,0.0
eps1lon,0
oliviertassinari,0
mrmckeb,4.279999999999999
aweary,27.33
edvinerikson,0.45999999999999996
renanvalentin,0
bloodyowl,3.11
koto,0
nhunzaker,14.860000000000001
Jessidhia,0.8999999999999999
ryota-murakami,0.0
thysultan,0
kentcdodds,0.58
steveluscher,10.0
sudhirj,0.0
n8schloss,0
benwiley4000,0
Daniel15,3.17
coderitual,0
audiolion,0
zaguiini,0
calebmer,0
aickin,0.9400000000000001
dan-lee,0
milesj,0.31
greysteil,12.370000000000001
brunolemos,2.16
koba04,89.72
TrySound,0.5599999999999999
devrchancay,0
JoeCortopassi,0
raunofreiberg,0.0
probablyup,6.93
bmeurer,0
developit,0
leebyron,0.0
alexmckenley,0
FredyC,0
empyrical,7.08
sw-yx,0
sag1v,0
jaydenseric,0
mmarkelov,0
vikr01,0
poeschko,3.08
alexeyraspopov,0
Karenott53,0
monkindey,2.78
satya164,90.98
arackaf,0
sergei-startsev,0
einarq,0
acusti,0
chrisnojima,0
pull-bot,98.48
msand,40.81
yungsters,9.1
jfo84,0.84
motiz88,21.5
veekas,0
pgarciacamou,0
flarnie,9.959999999999999
segoddnja,0
Slowyn,0
timdorr,0
gengjiawen,18.12
cyan33,0
FancyCoder0,18.18
brokentone,0
RusinovAnton,0
jaredpalmer,0
stereobooster,0
jasonwilliams,0
mridgway,0.24
jddxf,0
sahrens,66.78
abhaynikam,4.71
ericsoderberghp,0
hramos,54.31
lanzhiheng,7.380000000000001
ellsclytn,0
KyleAMathews,0.9400000000000001
yhirano55,20.07
shergin,21.68
Simek,0
slorber,1.66
nicolevy,1.8900000000000001
eemeli,0
L42y,0
janicduplessis,89.1
nickmccurdy,0
maulberto3,0
jeremenichelli,0
NekR,0
mlazowik,2.5
krzysiek1507,6.43
jamesreggio,0.52
antsmartian,0
getaaron,5.140000000000001
fkgozali,3.54
barrymichaeldoyle,0
alexkrolick,0
Deraen,0
benjamn,38.42
ajwhite,0.8200000000000001
guillaume86,0
GarethSmall,0
orta,0.43
rajendraarora16,6.9
stryju,0
marionebl,0
pshrmn,0
istarkov,0
spirosikmd,0
billyjanitsch,0
t4deu,0
stephenkingsley,0
wilsonhyng,0
rizoom,0
banga,0
wyze,0
M-ZubairAhmed,0
vikramcse,0
rmhartog,0
thymikee,0
appsforartists,0
HeroProtagonist,0
onstash,0
craigkovatch,0
prometheansacrifice,4.66
ianschmitz,78.9
GordyD,0
yu-tian113,1.21
watadarkstar,0
chenglou,48.449999999999996
mjackson,0
MrLoh,0
syranide,20.22
magicmark,0
amasad,24.16
clemmy,0
grabbou,84.36
zombieJ,0
raphamorim,2.35
anushreesubramani,8.33
madeinfree,0
ConradIrwin,0
skiritsis,0
accordeiro,0.43
timjacobi,0.0
Ethan-Arrowood,0.2
serima,0
misoguy,0
xjlim,0
MatteoVH,0
selbekk,0.0
deanbrophy,0
aaronjensen,0
BreahnaDavid,0
silvestrijonathan,0
zhaozhiming,0
AudyOdi,0
enapupe,0
mjw56,0
NicBonetto,20.0
mxstbr,0
nuc,0
dantman,1.7399999999999998
neoziro,0
Hendeca,0
reactjs-bot,87.49
Krizzu,0
andreysaleba,0
yangshun,0
gusgard,0
joecritch,0.18
rreusser,0
mhhegazy,0
evgenyrodionov,0
browniefed,0
Mathspy,0
jonricaurte,0
glasser,83.89
xyzdata,0
AndrewIngram,0
dijonkitchen,44.440000000000005
kenotron,0
mokevnin,0
dabutvin,0
lelandrichardson,15.040000000000001
yyx990803,0
nstraub,0
operatino,0
evilbs,4.36
hnordt,50.0
fxfactorial,22.220000000000002
iansu,92.67999999999999
ksvitkovsky,1.5699999999999998
leidegre,0
montogeek,0.0
keyz,21.740000000000002
aaronabramov,0
LeoNatan,12.43
javache,91.84
gwmccull,0
codepodu,0
siddharthkp,1.9
AlmeroSteyn,0
vjeux,78.61
trusktr,0.16999999999999998
pieterv,0
idibidiart,0
jordanpapaleo,79.25
pingan1927,0
linmic,0
sethkinast,0
xgqfrms-GitHub,0
Timer,78.55
dmitriz,0
leobalter,0
tomocchino,0
gunn,0
brigand,5.58
lamo2k123,22.220000000000002
jessebeach,0
dylanb,0
ericelliott,33.33
maxdeviant,0
wacii,0
aloveb,0
ajcumine,0
tlakomy,0
stevemao,0
viankakrisna,0
sungwoncho,0
ptomasroos,1.92
claudiopro,0
valscion,0
dsblv,0
BDav24,0
krinoid,0
lacker,85.89
anmonteiro,0
danielbraun,2.82
jamesknelson,0
diegomura,0
j0lv3r4,5.0
rohannair,0
richiethomas,0
churchie317,0
wmertens,0
mbrookes,0
gre,10.65
n3tr,0
laumair,0
paranoidjk,0
camspiers,0
david-mark,0
zertosh,0.0
ConnorAtherton,1.96
LinusU,0.35000000000000003
dashtinejad,0
hedgerh,0
ankeetmaini,18.75
shuhei,0
dhyey35,0
mrscobbler,0
brentvatne,72.41
chicoxyzzy,1.78
ivanzotov,11.98
kevinzwhuang,0
rricard,5.24
lasekio,0
omerts,0
rickbeerendonk,0
mkonicek,76.1
conartist6,0
fcsonline,0
nathansobo,0
ericnakagawa,14.31
rthor,0
GantMan,3.75
varjmes,0
jamonholmgren,75.0
davidblurton,0
teameh,2.1399999999999997
Jiab77,0
GIARGIARI,0
jimfb,58.650000000000006
mixed,0
aleclarson,4.93
FND,0
pranaygp,10.59
fson,0
gabelevi,0
evenstensberg,3.6799999999999997
millermedeiros,0
shaneosullivan,0
faceyspacey,0
MatthewHerbst,0
troydemonbreun,0.86
sassanh,0
caub,0
g-palmer,0
dozoisch,0.0
iammerrick,0
STRML,0
ruiaraujo,0
btoueg,0
alexzherdev,0.0
cole-sanderson,0
butchmarshall,0
msmania,0
mertkahyaoglu,0
josephsavona,0
usmanajmal,0
olov,0
jedwards1211,0
mP1,0
ericf,0
yiminghe,0
zwhitchcox,0
brad-decker,0.0
graue,0
alansouzati,0
tylermcginnis,0
felipethome,0
hkal,0
sashashakun,0
andrewimm,0
nfcampos,0
glenjamin,0
taion,0
darobin,0
ankitml,0
arendjr,0
mheiber,0
chadfawcett,0
davidaurelio,81.98
jrowny,0
jayphelps,0
DanielRosenwasser,0
RReverser,1.0
jakeboone02,0
sheerun,0
carlosbaraza,0
jmm,0
Bilge,0
Wildhoney,2.4299999999999997
m4tthumphrey,0
jeffbski,15.379999999999999
RaitoBezarius,0
puradox,1.5599999999999998
rayshan,0
jdlehman,0
bogdanvlviv,13.120000000000001
victor-homyakov,0
rgbkrk,0
marcshilling,0
ericmatthys,0
iamchenxin,0
ludvigsen,0
sairion,46.150000000000006
everdimension,0
cody,0.53
swaroopsm,0
songawee,0
nakazye,0
shogunsea,0
raineroviir,0
yuanyan,0
vslinko,3.32
richardscarrott,0
sebmck,0.36
bgw,8.0
gfogle,0
dallonf,0
lostthetrail,0
blainekasten,0
RandScullard,0
piscolomo,14.29
jamesplease,0
sercaneraslan,50.0
ianobermiller,0
mdolbin,0
michaelgmcd,0
benjycui,0.0
kayakyakr,22.220000000000002
afc163,0.0
fabiomcosta,0.0
mwiencek,0
RochesterinNYC,9.8
jwworth,0
vitorbal,0
tgandrews,0
ryneeverett,0
hayesgm,0
jutaz,0
bouk,0
thekevlau,0
mhart,0
pluma,0
3den,0
hejld,0
marocchino,0
fkling,0
rppc,4.33
alxndr,0
RaasAhsan,13.320000000000002
darul75,0
arkist,77.78
dalinaum,0
kevinrobinson,0
drdelambre,0
romainneutron,0
bcomnes,0
wincent,0
nLight,0
tomduncalf,0
vipulnsward,48.699999999999996
camsong,0
dmatteo,0
jankuca,0
davidmason,0
dgreensp,2.8000000000000003
dcousens,0
hellendag,0
knowbody,37.5
thorn0,8.37
mmoss,0
AnSavvides,0
mihaip,0
lili21,0
jeffchan,0
flipactual,0
henrik,0.0
djrodgerspryor,0
hakunin,0
nmn,0.0
kohei-takata,5.56
tgriesser,0
ArnonHongklay,0.0
gustavoguichard,0
KJTsanaktsidis,0
ccorcos,15.379999999999999
irae,0
johnnyreilly,5.6000000000000005
dittos,0
scottburch,0
niole,0
jaredly,0.0
troutowicz,0.0
rtfeldman,0
cesarandreu,0
subtleGradient,22.64
mathieumg,0
leolannenmaki,0
richardaday,0
adelevie,0
jisaacks,0.4
johanneslumpe,1.1199999999999999
abhilashsajeev,0
nicolasbrugneaux,0
prathamesh-sonpatki,45.95
revolunet,0.7000000000000001
basarat,0
davemeetsworld,0
nickhudkins,0
gnapse,0
manonthemat,0
bsansouci,0
neojski,0
samwgoldman,0
pwmckenna,0
framp,0
jrobison153,0
swannodette,0
dmitry,0.32
MoOx,0
melwinVincent,0
petehunt,16.8
levibuzolic,0
HurricaneJames,0
byroot,5.8999999999999995
meatballhat,0
jhicken,0
reedloden,0
jonscottclark,0
caike,0
natew,0
yukinying,0
mariodu,0.0
colinmegill,0
jokeyrhyme,0
jamesgpearce,50.0
James-Dunn,0
sumbach,0
Pouja,28.57
pirate,0
ariabuckles,0.0
bunnyc1986,0
vsiao,0
jonhester,0
darcyadams,0
SanderSpies,0
konklone,0
hmarr,0
pletcher,0
brianpchsu,0
jasom,0.8699999999999999
syrusakbary,0
WickyNilliams,0
martinstein,0
jeffmo,1.11
brianleroux,0
jergason,0
benmoss,0
kevinold,0
masylum,0
ryanseddon,0
awwright,0
jasonLaster,0
ryanzec,0
pspeter3,0
RichardLitt,0.49
tcoopman,0
af,0
jbhatab,0
samccone,0.0
ashtuchkin,0
justinwoo,0
LeonFedotov,0
Peeja,0.6799999999999999
ThomasCrevoisier,0
lrowe,0
stephenjudkins,0
cirocosta,0
jgable,0
fisherwebdev,0
pvenkatakrishnan,0
guidobouman,0
jordwalke,36.17
sonaye,0
magrinj,0
mtsyganov,0
contra,0
julen,0
rexxars,0
crm416,5.57
erikbrannstrom,0
jimobrien,0
karlmikko,0
kristianmandrup,0
DimitryDushkin,0
fgnass,0
merriam,0
avanderhoorn,0
remixz,0
gasi,0.0
jonase,0
Tvaroh,0
nullobject,0
brandonbloom,0
ToucheSir,0
popham,0
pedroteixeira,0
Raynos,0
danielschonfeld,0
sunnyrjuneja,0
kramerc,0
brianreavis,0
benatkin,0
Jxck,2.29
hendrikswan,0
mitar,11.28
steida,0
zoomclub,0
matthewwithanm,0
thomasboyt,0
MarkNijhof,0
markijbema,0.0
fforw,0
freiksenet,0
dzannotti,0
sathify,0
EtienneLem,0
bripkens,0
jjt,0
johnthethird,0
sahas-,0
jeanlauliac,0.53
jhiswin,0
seidtgeist,0.64
brycekahle,0
andrewdavey,0
Kureev,82.24000000000001
xixixao,0
passy,0
joeyyang,0
hojberg,0
brainkim,0
pgherveou,0
brianr,0
toddself,0
jtmalinowski,0
clayallsopp,0
pcottle,53.16
jlfwong,0
jeffreylin,0
seiffert,0
byronyi,4.52
googlebot,100.0
yifeif,95.67999999999999
Nayana-ibm,6.9
rthadur,82.04
bananabowl,31.069999999999997
qlzh727,42.309999999999995
angersson,5.55
mihaimaruseac,5.1499999999999995
penpornk,5.6899999999999995
gbaned,87.92999999999999
ashahba,18.18
gunan,94.67
trentlo,0
jlebar,23.369999999999997
georgepaw,9.51
freedomtan,1.5
martinwicke,87.79
feihugis,27.46
jerryyin,0
deven-amd,49.26
xinan-jiang,0
pavithrasv,16.31
alanhdu,0
ezhulenev,0
mahmoud-abuzaina,2.94
alextp,94.12
I-Hong,0
av8ramit,95.43
yann-yy,0
jdduke,2.16
jsimsa,0.61
sumesh13,0
bhack,7.2700000000000005
houtoms,7.969999999999999
SSaishruthi,18.6
guizili0,1.06
jinqian,0
jackwish,0.44999999999999996
mrry,98.83
kmh4321,0
caisq,97.26
mdanatg,0
facaiy,15.6
sguada,32.98
chsigg,1.91
whchung,15.27
sanjoy,0.59
aaroey,12.3
lowintelligence,0
claynerobison,37.12
jekbradbury,8.7
BryanCutler,0
trevor-m,3.73
samikama,6.78
reedwm,29.459999999999997
jchia,0
adamjrichter,0
sjamesr,0
yongtang,66.60000000000001
BinFan,0
bhavani-subramanian,0
agramesh1,20.54
pranavm-nvidia,0
karllessard,2.36
perfinion,1.05
timshen91,0.66
dagamayank,22.220000000000002
annarev,0.8500000000000001
wdirons,0.5
gzmkl,36.16
ashwin,0
mdfaijul,39.800000000000004
missaugustina,25.0
lc0,8.81
lamberta,6.45
ymodak,69.76
jianlijianli,6.25
shashvatshahi1998,13.120000000000001
chrisyeh96,0
frreiss,8.93
allenlavoie,69.26
v1incent,100.0
aweers,0
ANSHUMAN87,34.21
rmlarsen,97.69
xiejw,0.13999999999999999
erwa,0
pminervini,0
smit-hinsu,0
girving,84.23
nhasabni,2.09
ebrevdo,68.30000000000001
MattConley,1.7000000000000002
bioothod,0.0
Stepiii,0
ppwwyyxx,0.77
kyscg,11.23
Bharat123rox,0
georgesterpu,0
eaplatanios,6.3
amitsrivastava78,46.839999999999996
jenselofsson,0
mosesmarin,0
drpngx,91.16
fchollet,16.7
tensorflowbutler,97.95
impjdi,0
Dayananda-V,70.41
benbarsdell,0
luxupu,50.0
multiverse-tf,0
seanpmorgan,0
benjaminp,0
nluehr,6.3
cheshire,93.67
ageron,0.66
anj-s,0
a6802739,0
ewilderj,0
achowdhery,40.0
goldiegadde,0
kmader,0
vrv,94.57
karmel,3.0300000000000002
gargn,0
freddan80,0.0
yangjunpro,0
Srini511,0.0
Ayush517,0
gshashank84,0
PariksheetPinjari909,0
Mainak431,0
renjie-liu,3.8600000000000003
shishaochen,0
mattn,1.96
Gurpreetsingh9465,5.71
csukuangfj,0
mandroid6,2.52
meteorcloudy,35.010000000000005
lgeiger,2.1399999999999997
Dref360,0
siju-samuel,3.19
lissyx,0
joyalbin,0
haozha111,0
KOLANICH,0
akhtyamovpavel,0
tfboyd,7.19
tanzhenyu,0
ghostplant,0
FlashTek,30.769999999999996
jcf94,0
Sudeepam97,0
lhendre,8.21
hawkinsp,78.05
Zantares,0
JoursBleu,0
sana-damani,0
rllin-fathom,0
jhseu,98.72999999999999
scottcjt,0
shenli-mobvoi,0
pooyadavoodi,11.58
jayfurmanek,0
shahzadlone,7.37
irenedea,14.29
mingxingtan,0
NeilGirdhar,0
srjoglekar246,0
wookayin,0
liutongxuan,0
preethivenkatesh,0
temrich,0
jackyko1991,10.36
allevato,0.61
margaretmz,0
jackd,0
frankchn,98.99
guoshimin,0.33999999999999997
saeta,0
nataliaponomareva,11.110000000000001
asimshankar,85.95
skye,6.370000000000001
nutsiepully,0
markdryan,0
Harshini-Gadige,44.56
revan,0
TimZaman,0.0
shashishekhar,0
PhilJd,0.6799999999999999
aselle,61.59
parallelo,0
pragyaak,0
suharshs,0.48
miaout17,30.31
tjakob,0
MarkDaoust,0.0
ziky90,0
cclauss,0
nammbash,0.45999999999999996
rongjiecomputer,1.32
jvdillon,20.69
bodin-e,7.68
delock,0
tedhtchang,1.67
samdow,0
case540,8.03
blakehechtman,0
dmitrievanthony,10.43
gautam1858,1.18
karthikvadla,0
musikisomorphie,13.79
guikarist,2.87
kdethoor,0
denis0x0D,0
yejw5,0
dubey,0
pkit,0
superbobry,0
protoget,1.97
azaks2,0
wenxizhu,2.12
duncanriach,0.0
nfelt,0
Squadrick,0
DavidNorman,14.540000000000001
isaprykin,0
yupbank,6.67
yuefengz,7.64
josh11b,40.57
DEKHTIARJonathan,0
alsrgv,14.879999999999999
ciprianflow,0
tobegit3hub,5.59
shivaniag,0
avijit-nervana,0
b0noI,0
Neargye,0
daj,0
yanivbl6,0.77
poxvoculi,49.059999999999995
CheukNgai,0
jeffdaily,0
guptapriya,40.0
wangsiyu,2.36
hshankar61,0
smilu97,0
vidakDK,0
rryan,9.379999999999999
DeliangFan,0
terrytangyuan,75.67
ChrisAntaki,1.59
accraze,0
yweweler,0
mpjlu,0
pandaoxin,71.55
pglushkov,50.0
tadeegan,0
sandipmgiri,2.5100000000000002
zhaoyongke,0
HuiyangFei,0
wt-huang,40.52
chengmengli06,81.82000000000001
abhinav-upadhyay,0
andrehentz,0.72
Keno,0.0
nutti,0
kayzhu,66.67
supriyar,0
mrTsjolder,0
joaak,0
yashk2810,13.26
akshaym,16.85
FloopCZ,0
tatatodd,85.11
drasmuss,0
dcirne,0
fanshiqing,3.93
javierluraschi,0
wei-v-wang,0
craigcitro,0
sleighsoft,0
2sin18,0
pythonanonuser,0
zh794390558,0
ashraf-bhuiyan,7.8100000000000005
tatianashp,5.65
Kirayue,0
palmerlao,0
random-forests,0
calid,0
galv,0
hsgkim,0
willnorris,0
yiqianglee,70.59
nvcastet,0
congxu-ml,0
knightXun,0
gorBaghdasaryan,0
dave-msk,0
benjamintanweihao,0
nehaljwani,0
candyzone,33.33
IMBurbank,0
zhangyaobit,83.04
cuixiaom,40.0
yanboliang,8.0
jrbtaylor,0
damienpontifex,0
asaquib,0
bstriner,0.37
michaelisard,0
eliben,0
AzizCode92,0
thorjohnsen,0
artemmalykh,0.0
pengwa,0
AnishShah,0.2
ConcurrencyPractitioner,0
coder3101,0
again4you,0
efagerho,0
JimBoonie,0
lukmanr,0
zhuangh,0
weidankong,0
tedlz123,100.0
cdluminate,0
m3bm3b,0
guillaumekln,0
ervaibhavkumar,0
sbrodehl,0.0
ispirmustafa,6.67
carusyte,0
danijar,0
rohan100jain,96.39
rjpower,0
PatWie,0
SliMM,0
shlens,76.92
cbockman,0
strubell,0
SayHiRay,0
formath,0
MarkPKCollier,16.669999999999998
kingofthebongo2008,0
Hoeze,0
LoSealL,1.7000000000000002
AndreasMadsen,0
jjsjann123,5.4
goodfeli,0
joel-shor,0
dougalsutherland,0
sabhiram,0
akshayka,0
zheng-xq,86.3
joeyearsley,1.28
skambha,0
jperl,0
Mostafa-Alaa,0
futurely,0
pbanavara,3.51
Tauranis,0
npanpaliya,0
jonathanwyatt16,60.0
lilbedwin,0
erain,1.94
nlopezgi,0
msarahan,0
jart,36.309999999999995
d4l3k,0
xxxx001,0
ringw,0
msamogh,0
namrata-ibm,0
yoya,0
ahundt,0.77
manipopopo,0
raghuraman-k,2.98
fortuin,0
reeze,0
nestle1993,85.71
awan-10,40.0
theflofly,0.74
flx42,9.520000000000001
smistad,0
shengfuintel,0
andydavis1,98.91
cancan101,6.660000000000001
nanddalal,0
dariocazzani,0
nrstott,0
brunomorishita,85.71
jpienaar,54.55
kbsriram,12.5
cliffwoolley,0
concretevitamin,79.06
kbalka,0
Androbin,2.5
achalshah20,0
jdgumz,0
smitshilu,7.140000000000001
skavulya,0
roumposg,0
ngc92,0
jbobba,0.0
fo40225,0
simpeng,86.96000000000001
hhzrz,0
xldrx,0
opencici2006,0
brettkoonce,0.0
lukaszkaiser,61.24000000000001
yesmung,13.33
selcouthlyBlue,11.200000000000001
ekelsen,20.84
sb2nov,98.03
nuchi,0
imsheridan,15.35
junpenglao,0
seanli9jan,57.14
yk5,0
alexpantyukhin,0
jinghuangintel,0
linusmartensson,0
betterenvi,0
benoitsteiner,99.0
shoyer,0
dthkao,50.0
sibyjackgrove,0
chenzhiwo,0
fraudies,0
yjmade,0
markostam,0
akashgangil,26.669999999999998
anton-matosov,1.48
nealwu,6.01
vincentvanhoucke,60.69
carlthome,0.0
danosipov,0
Kejie-Wang,0
ttdd11,0
fumihwh,5.66
PuchatekwSzortach,0
slevental,0
droidicus,0
qmick,0
xxiane,0
WenguoLi,0
shravankumar147,0
zhangbo5891001,0
yym-ustc,0
ScorpioCPH,5.0
ipeirotis,0.0
jowagner,0
zasdfgbnm,4.8
ankitvgupta,0.0
hovhannesgithub,0
adminq80,0
monkey-jsun,0
StanislawAntol,0
halleywj,0
kr-ish,0
zhenyuni,50.0
andrewharp,94.52000000000001
rayanelleuch,0
okuchaiev,0
gweidner,0
dmikushin,0
laszlocsomor,0
ibebrett,0
chrert,0
jhetherly,1.8399999999999999
vchigrin,0.0
mohamedadaly,0.0
panyx0718,31.580000000000002
stegben,2.86
dantkz,6.94
pwnall,2.21
minminsun,0
mkurovski,0
evanluyifan,0
tensorflow-jenkins,100.0
lspvic,0
Slonegg,2.98
psyhtest,0
twairball,0
sherrym,0
XuChunling,0
yegord,0
deval1491,0
eladweiss,0
junshi15,0.44999999999999996
quaeler,0.53
bchu,0
yaroslavvb,0.32
vnavkal,0
Netzeband,0
JoshVarty,0
scotthuang1989,0
yilei,0
codrut3,1.67
fenrus75,0
ryanleary,0
snnn,1.46
mystic123,0
powderluv,3.3099999999999996
tjingrant,6.83
dr4b,0
wbaek,0
guschmue,1.22
decentralion,84.24000000000001
jinxin0924,0
yzhwang,0
chaihua483,0
boeddeker,0
tibrewalpratik17,0
bowang,25.919999999999998
akanimax,0
kobejean,0
blodan,0
MtDersvan,0
eigen2017,70.59
jakiechris,12.5
shreyneil,0
FirefoxMetzger,0
rajha-korithrien,0
theyonibomber,0.0
gibiansky,0
KiewanVillatel,0
Timen,3.51
PatrykChrabaszcz,0
anight,54.55
horance-liu,7.17
cloudbank,0
al3xsh,0
resec,0
dariavel,0
noaezra,0
shamoya,4.95
Timmmm,0
Carmezim,0
amygdala,0
alanyee,4.42
botev,0
cshenton,0
printdhruv,0
liyinhgqw,0
gdeer81,0
bpiel,1.69
vjpai,0
GeorgyZhou,0.0
DjangoPeng,10.89
Mistobaan,9.21
lakshayg,0.21
jbedorf,0
jinze1994,1.0699999999999998
mdaley,0
sjperkins,0
cwhipkey,75.67
extrowerk,0
scottmudge,0
TTrapper,0
andrewcmyers,0
nathansilberman,1.8499999999999999
steven-hh-ding,0
mention-bot,100.0
immars,0
davorrunje,0
ilya-edrenkin,0
yardstick17,0
tillahoffmann,0.35000000000000003
charlesnicholson,0
vivek-rane,3.65
ry,0
chihuahua,50.0
lukeiwanski,7.57
learyg,0
ArtsiomCh,0
fritzo,0
Sylvus,0
dguerra,0
liamnaka,0
wangqr,0
Eric2016Lv,28.57
pks,0
jthestness,0
pieroit,0
qianyizhang,0
nolanliou,1.97
lucasmoura,0
annanay25,0
keveman,66.47999999999999
jmchen-g,0
jcastagneri,0
Kongsea,0.0
guoyejun,0
ychfan,0
lmthang,0
akindyakov,0.62
Mazecreator,1.27
EKami,0
elibixby,0
ceteke,0
mavenlin,0.0
wchargin,0
taehoonlee,0
liuzjmike,0
majnemer,0
shamanDevel,0
raymondxyang,0
tiagofrepereira2012,0
alex-petrenko,0
martin-gorner,0
darrengarvey,0.19
samjabrahams,0.8500000000000001
Shuolongbj,0
DimanNe,0
abenmao,0
zhouh,0
yorkie,0
discoveredcheck,55.559999999999995
HectorSVC,0
qjivy,0
ctava,0
suiyuan2009,6.859999999999999
avolkov1,0
JKurland,0
thesuperzapper,0
jwlawson,0
damienmg,0.16
mdeff,0
spinnau,0
yanchen036,2.01
mbbrodie,0
Moriadry,0
sswv,0
neuzxy,0
sandyskies,0
quantumlicht,0
jalammar,0
swook,0
zhongzyd,0
DeNeutoy,0
fwinnen,0
osdamv,0
BrianOn99,0
JerrikEph,15.379999999999999
Scitator,0
mdymczyk,0
johnsmithm,0
dave-andersen,2.16
llhe,10.530000000000001
maciekcc,99.78
Earthson,40.0
fayeshine,0.8999999999999999
lattas,0
4F2E4A2E,0
peeyush18,50.0
marcociccone,0
kumasento,0
KristianHolsheimer,0
alisidd,0
xodus7,0
rasbt,0
chris-chris,33.33
wodesuck,4.14
snownus,0
fesun,0
xcyan,0
ibab,2.4899999999999998
raviqqe,0
bkovalev,0
markslwong,0
sandersk,0
kdexd,0
aidan-plenert-macdonald,28.57
zycdragonball,0.5700000000000001
admcrae,50.0
mbrickn,50.0
gaohuazuo,0
louiehelm,0
dsmilkov,0
vit-stepanovs,18.18
ville-k,0
oxwsds,0
t13m,0
JVillella,0
Namnamseo,0
loliverhennigh,0
jubjamie,0
liuyipei,40.0
dominic-rossi,40.0
raingo,0
RealTimeDeployment,0
comicchang,0
jakelee8,0
shkr,0
panmari,0.0
jyegerlehner,0
brchristian,7.6899999999999995
manjunaths,0
MycChiu,0
conqerAtapple,14.82
finbarrtimbers,0
sizbrother,0
MicaelCarvalho,0
EronWright,0
skycoop,0
persiyanov,0
Lewuathe,0
jendap,70.44
malmaud,0.0
acjak,0
davidzchen,38.99
jbms,0
hevensun,0
jihunchoi,0
tntnatbry,0
carlorosati,0
buaaliyi,0.0
kchodorow,0
rizasif,0
wujingyue,0
agistrueai,0
abhitopia,1.97
nikste,0
mkolod,0
zafartahirov,0
phvu,0
aj-michael,0
jungle-cat,0
yangyanli,0
aam-at,1.0999999999999999
Hvass-Labs,0
johndpope,0
rxwei,97.82
tirrorex,0
JacobIsrael123,0
philipperemy,0
zuoxingdong,0
ppries,0
danielgordon10,0
kentonl,0
ilblackdragon,84.78999999999999
wanguanglu,0
kirilg,0
rdipietro,0
Syndrome777,0
thjashin,0
foreverfaint,0
gokceneraslan,0.0
rinugun,0
Jihadik,0
thuyen,9.520000000000001
xmbrst,0
guotong1988,30.29
kamcpp,0
igormq,0
lingz,0
willdzeng,0
ankush-me,0.0
ghego,0
schmuell,51.849999999999994
karthiek,0
CamJohnson26,0
DrMarcII,0
haosdent,9.09
alexggmatthews,0.38
elviswf,0
nikhilmishra000,0
alrojo,0.89
tyfkda,17.05
neilhan,0
hrldcpr,0
IvanUkhov,0
kashif,4.12
ic,0
moontails,0
gustavla,0
nsuke,0
jmhodges,0
DenisGorbachev,0
zffchen78,22.220000000000002
kbrems,0
HW-ZZ,0
AidanGG,0
chemelnucfin,0
maniteja123,0
sahiliitm,0
NathanHowell,0
sdenel,0
raix852,0
Egor-Krivov,0
m-colombo,0
damienstanton,0
HaebinShin,0
siddharth-agrawal,6.54
rohitgirdhar,0.0
sono-bfio,0
alonsovidales,1.73
dauba-dauba,0
maxmelnick,0
KendallWeihe,0
shotat,0
amrit-poudel,0
StephenOman,0
georgedahl,0
avostryakov,0.73
PhABC,0
hsaputra,0
MarvinTeichmann,0
lesniewski,0
Undo1,0
dpaiton,0
ThomasWollmann,0
sun9700,0
baoblackcoal,0
tmc,0
cg31,0
hunkim,4.65
keiji,0
qbx2,0
zhongying811,17.78
mheilman,0
mikowals,0
wchan,1.34
alanzoppa,0
illuzen,0
lukaszbk,0
Sohl-Dickstein,0
lukemetz,0
Styrke,0
clsung,1.28
amchercashin,0
jstaker7,0
dongjoon-hyun,56.82000000000001
lekaha,0
znah,0
ronrest,0
rbharath,0
dgolden1,0
cesarsalgado,0
lucaswiser,0
olostan,0
izeye,0
Mandar-Shinde,0
dvyukov,0
jeremybarnes,40.489999999999995
thagikura,0
memo,0
timothyjlaurent,0
lzlarryli,0
shreyasva,0
brchiu,0
fpmchu,9.09
jfsantos,0
elbamos,0
esd100,0
bernardopires,0
dennybritz,0
BenMorganIO,16.669999999999998
petebacondarwin,35.96
gkalpak,42.52
kambleaa007,0
Narretz,29.509999999999998
jbedard,10.92
joej164,0
Eblax,0
fbrandel,0
FRSgit,0
m-amr,4.44
frederikprijck,0.49
IgorMinar,73.87
XFree,0
rjamet,0
franciscovelez,0
maksimr,0
curlydevil,0
poshest,0
oliversalzburg,0
jileeon,11.76
fpipita,0
szimek,10.530000000000001
marcin-wosinek,0
carlfranz,0
ZitaNemeckova,0
kmccullough,0
hellofadude,0
chirag64,0
dcherman,2.78
lgalfaso,61.99
graingert,9.629999999999999
cure53,0
mprobst,8.61
musclor,0
PatrickJS,29.25
BobChao87,0
atefBB,0
pbr1111,0
ashsearle,0
mary-poppins,99.88
NilsHolger,0
kindy,0
odedniv,0
dlongley,0
ojab,0
wesleycho,11.459999999999999
Rob--W,0
jcompagner,0
adamreisnz,0
klieber,0
jsoref,0
juboba,0
drpicox,0.31
ocombe,3.35
frankstepanski,0.0
adob,0
austinoneil,0
stevermeister,0
packtpartner,0
kuitos,0
nikhilknoldus,2.08
Mischi,0
icorne,0
dizel3d,0
wbyoko,0
Deklin,0
jzaefferer,14.93
alisianoi,0
lirantal,0
deplay,0
gabrielmaldi,1.04
jrvidal,0
mirabilos,0
zbjornson,0
matsko,83.57
kevmo314,0
khoomeister,0
bcherny,0
sreeramu,40.0
mjwwit,0
ademuri,0
teropa,0
deadmann,1.46
sjbarker,0
benjamingr,0
robertmirro,0
nicholasserra,0
glebec,0
sjelin,0
jdforsythe,0
btford,63.85999999999999
SteveShaffer,0
Vadorequest,0
benelliott,0
timruffles,0
LeeAdcock,0
jurko-gospodnetic,49.45
ryanhart2,0
MoatazAbdallh,0
Puigcerber,0
aashishnagpal,0
campersau,0
shahata,10.47
Thesoro,0
zgmnkv,0
robstove,0
feelepxyz,0
andyrooger,0
PascalPrecht,0
uglu,0
AlexVangelov,0
rstuart,0
timkindberg,40.0
krotscheck,0
rrsivabalan,0
JWGmeligMeyling,0
Squazz,0
calebcauthon,0
jimthedev,0
atogata,0
ColinFletch,92.31
radmaneshp,0
schmod,0
fhernandezn,0
S-YOU,0
ivomju,0
hahla,0
Chris380,0
gilesedinburgh,0
daviskoh,0.0
fenduru,0
tbosch,29.609999999999996
shairez,0
ThomasBurleson,0
idoo,0
samaxes,0
aoancea,0
yoann-antoviaque,0
caitp,24.759999999999998
netman92,0
KrekkieD,0
smashercosmo,2.23
stianjensen,0
dragosrususv,0.98
Strikeskids,0
dmaloneycalu,2.78
dod38fr,0
jniebuhr,0
christianvuerings,0
grsmvg,0
jeffbcross,44.2
luckylooke,0
seaside98,0
mjc-gh,0
alediaferia,0
kaufholdr,0.8699999999999999
yathos,0
sjurba,0
pocesar,0
Burgov,0
hamfastgamgee,0
qbzzt,0
OlenDavis,0
mikaelharsjo,10.489999999999998
juliemr,12.67
kwypchlo,0
divercraig,0
jesselpalmer,0.45999999999999996
dmaslov,0
lugovsky,0
jrencz,22.220000000000002
chirayuk,30.69
SebastianM,0
mhevery,73.94
gonzaloruizdevilla,1.59
nhodges,1.9900000000000002
randing89,0
johnhoffman,0
jpribesh,0
slavede,0
snapwich,0
KevinBrogan,0
toncid,0
LeonardoBraga,0.67
mustela,0
pomerantsev,0
jmendiara,0
booleanbetrayal,0
nbrustein,0
fredsa,0
andrewaustin,0
thatmarvin,0
e-oz,0
jamestalmage,0.0
rodyhaddad,34.489999999999995
cironunes,18.52
randombk,0.8200000000000001
bendrucker,0
edthedev,0
ElephantRose,0
zamith,0.0
ckundo,0
benedictchen,0
mboudreau,1.23
ckniffen,0
wesalvaro,0
HenriqueLimas,0
santialbo,0
aaronfrost,0
geddski,0.76
kseamon,0
rzschech,0
b1rdex,0
nickvdyck,0
thinkingmedia,0
joeenzminger,0
tleruitte,0
DropsOfSerenity,0.0
kubawalinski,0
linclark,0
litera,0
marcfallows,0
omsmith,0
park9140,0
ilanbiala,0
DavidSouther,0
m7r,0
prettycode,0
Foxandxss,0
caseyhoward,0
elad,0
gregjhogan,0
Tobyee,4.5600000000000005
brandonburkett,0
arbus,0
kostat,0
sricc,0
rynz,0
urish,0
Vibhuti,0
jackfranklin,0
gyx1000,0
adi-ads,0
NevilleS,3.6700000000000004
jamshid,0
phouri,1.79
habfast,0
HeberLZ,0
jimmywarting,0
tk120404,0
devsoftweb,0.0
nantunes,0
gampleman,0
sagens42,0
alexanderchan,0
EspenHolmen,0
doshprompt,0
albertboada,0.0
juangabreil,0
cmichal,0
vojtajina,45.739999999999995
Juanmcuello,12.5
Francisc,0
mernen,0
ee0pdt,0
jviotti,0
Traxmaxx,0
lukasolson,0
brocksamson,0
rainboxx,0
ksheedlo,27.279999999999998
Izhaki,0
bullgare,0
SharpMax,0
Zizzamia,0
leon,0
mishoo,0
rinatio,0
janv,0.0
domenic,0
artch,0
cburgdorf,0.8500000000000001
maartenst,0
jorgecasar,0
ahmerafzal,0
ltfschoen,0
bolasblack,0
mgallag,0
ltrillaud,0
dbinit,7.79
hjast,0
SekibOmazic,0
jnraine,0
tobias74,0
standup75,0
alexeykudinkin,0
benlesh,9.36
juampynr,0
zachsnow,0
Kapaacius,0
jsdevel,2.0
stephenbunch,0
chirag04,92.69
ealtenho,0
genuinefafa,0
treyhunner,0
swisstofu,0
jordanms,0
timraymond,0.37
thenikso,0
t0mtaylor,0
avdv,0
sylvain-hamel,1.0699999999999998
lord2800,20.0
deathbob,0
nicoabie,0
gentooboontoo,0
myitcv,0
rolfyone,0
Hartimer,0
lrlopez,5.17
airato,0
anton000,0
gdennie,0
fabiancook,0
sdornan,0
MichaelSp,0
btesser,0
zsong,50.0
corytheboyd,0
igorzg,0
tuchk4,0
danxshap,0
niemyjski,0
NV,0
TEHEK,0
guzart,0
jmpalacios,0
pussinboots,0
ahmednuaman,18.18
kamilkp,1.15
ncuillery,6.84
jeffwhelpley,0
stakach,0
412andrewmortimer,0
thomastuts,0
Fresheyeball,0.0
jessehouchins,0
djsmith42,0.0
jamiekrug,0
stickel,0
rousisk,0
plentz,45.45
grisendo,0
ggoodman,0
lefos987,4.760000000000001
jbdeboer,14.09
smsohan,0
hsablonniere,0
ajoslin,0
troch,0
g00fy-,76.92
joscha,0.53
doodeec,0
jvandemo,0
robinboehm,0
dankohn,0
johnsoftek,0
brettporter,0
al-the-x,0
auser,0
runk,0
njs50,0
gsklee,1.5599999999999998
MikeMcElroy,0
davidjnelson,5.79
hollingberry,0
leifhanack,0
frederic-bonjour,0
ashleygwilliams,8.33
vlajos,0
sgrif,18.7
tomdcc,0
khepin,0
piotr-cz,0
nolazybits,0
carab,0
forresst,25.0
Pasvaz,0
ProLoser,0.54
sssilver,0
bradyisom,0
OliverJAsh,0
twhitbeck,0
clkao,0.0
attodorov,0
ChadKillingsworth,0
sudodoki,0
panuhorsmalahti,0
smorele,0
atomrc,0
tobio,0
vlopez5,0
jbalboni,0
mfollett,0
siddii,0
minznerjosh,0
JasonCust,0.76
joshuaflanagan,1.1400000000000001
kbudde,100.0
marshall007,0
CWSpear,0
Urigo,8.0
Maxim-Filimonov,0
perek,3.9
bwiklund,0.0
JobaDiniz,0
jorgt,0
sinelaw,0
bbhoss,0
arty-name,22.220000000000002
caiotoon,2.21
andresilveirah,0
nvie,0
jaygoldman,0
jbruni,0
jr314159,0
willthefirst,0
jdhiro,0
jridgewell,0
dtabuenc,25.0
bfricka,0
TonyCronin,0
mkolodny,0
Sharondio,0
gesellix,0
chovy,0
wizardwerdna,2.96
gurdiga,0
tbertenshaw,66.67
shanepelletier,0
jfroffice,0
RodolpheGohard,0
hswolff,0.0
brwr,0
skoszuta,0
scribblet,0
davemo,0
dysfunc,0
laurelnaiad,0
vin,0
goya,0
symblify,0
thenickcox,0.0
jackcviers,0
Mparaiso,0
kofalt,0
eknkc,0
boneskull,0
leisms,0
mlandalv,0
mbenford,7.960000000000001
stsvilik,5.13
quazzie,9.54
jamie-pate,0
svenanders,0
jure,0
ttsiodras,0
janbaer,0
farolfo,0
c9s,0
pgilad,11.76
netpoetica,0
steelsojka,0
jtangelder,0
allaud,0
eddiemonge,8.33
RobertLowe,1.44
tomjakubowski,0
kzar,25.0
Siyfion,0
chrisrhoden,28.57
floyd-may,50.0
asilluron,0
buunguyen,0
jdavisp3,0
capaj,0
willmendesneto,77.78
mjtko,0.16999999999999998
shidhincr,0
wilsonjackson,0
clakech,0
icholy,28.57
agentcooper,0
kevin-smets,0
esarbanis,0
sjmulder,0
marknadig,0
tamtakoe,0
ashaffer,0
pahlers,0
ffesseler,0
JamieMason,0
manuelkiessling,0
jroper,0
ream88,0
isabo,0
machard,20.0
baconmania,0
shepheb,0.0
igorlima,0
ricardohbin,0.0
spamdaemon,0
migajek,0
dalcib,50.0
jorgenfb,50.0
joshrtay,0.36
kpolitowicz,0
angelcabo,0
notNotDaniel,0
niallsmart,0
pheuter,0
ethanli83,0
Sergey80,0
richardcrichardc,0
nateabele,0
ctrahey,0
simonsparks,0
vendethiel,0.0
rpanjwani,0
jtymes,0
dhbaird,0
jojosati,0
jonbcard,0
xjamundx,0
cm325,0
emhagman,0
kenspirit,0
andi1984,0
escalant3,0
jbourassa,0
mbrevoort,0
JensRantil,0
mlarcher,0
NathanWalker,0
ganarajpr,0
altryne,0
paulyoung,1.05
prajwalkman,0
kstep,0
tilgovi,0
jimlyndon,0
OrenAvissar,0
honzajde,0
CageFox,0
alexspurling,0
groner,0
penfold,0
alonbardavid,0
BartlomiejSkwira,0
shea256,0
tangentfairy-zz,0
m99coder,0
danicomas,0
akarelas,0
alnutile,0
laurent22,0
patrickkettner,0
romiem,0
florianorben,0
jrschumacher,0
karellm,0
markdalgleish,0
pborreli,0
MihaiValentin,0
neilsarkar,0
inukshuk,0
lgersman,0
tonywok,0
schmurfy,0
Keyamoon,0
sirlantis,0
barhaleacct,0
tynman,0
mtrainham,2.26
cowboy,0
satchmorun,0
ruprict,2.36
dparikh,6.260000000000001
davidchang,0
jrief,0
provegard,0
jc00ke,0
kkruit,3.93
latentflip,0
fredrikbonander,0
wgriffiths,0
sja,0
jmaynier,0
danilsomsikov,33.39
schmuli,0
ashishgithub,0
amirhhz,0
kmayer,0
bignall,0
jayzeng,0
imrehg,0
splondike,0
YeFFreY,0
gregwebs,0
zdexter,0
diseaz,0
Phantoms,0
georgiosd,0
taralx,0
treasonx,0
saurabhnanda,0
PeteAppleton,0
johnoscott,0
NARKOZ,0.0
tdavis,0
lifeiscontent,0
godmar,5.56
benjamine,0
tazsingh,0
anotherpit,0
ramaralo,0
jeme,0
brettcannon,0
andresmoschini,0
CMCDragonkai,0
witoldsz,0
floydwch,0
pf-tara-maxwell,0
walski,0
maxmart,0
dmanek,0
psyho,0
bartes,0
dandoyon,0
hekke,0
marcenuc,0
esprehn,0
Codier,1.3
alkis,0
react-native-bot,90.55
zhongwuzw,3.39
Kudo,0.96
ericlewis,2.03
dulmandakh,67.83
PeteTheHeat,0
nossbigg,0
bartolkaruza,2.39
lucasbento,0
uqmessias,0
sasurau4,0
jeanregisser,0.77
wojteg1337,0
michalchudziak,0
lunaleaps,0
retyui,0
turnrye,55.75
RSNara,3.4000000000000004
JoshuaGross,0
bondparkerbond,0
zhigang1992,0
eliperkins,10.71
Salakar,0
mmmulani,46.550000000000004
radeno,0
mikehardy,0
elucaswork,0
danilobuerger,0.0
vonovak,0.64
RCiesielczuk,0
mhorowitz,0
marcmulcahy,0
glauberfc,0
karanpratapsingh,0
pvinis,0.98
jacobp100,7.340000000000001
matt-oakes,0
benjarwar,0
guhungry,0
Esemesek,0
sm2017,3.4799999999999995
timwangdev,0
bcarroll22,0
radex,0
RubenSandwich,0
friederbluemle,0
mislav,0
Nizarius,0
mattijsf,0
statm,0
elyalvarado,0
Jyrno42,0
vincentriemer,0
rigdern,6.16
acoates-ms,6.47
kelset,24.43
mjmasn,0.58
farwayer,0
dryganets,1.44
gandreadis,0
sunnylqm,15.959999999999999
hey99xx,1.15
FLGMwt,0
HazAT,0
Sharcoux,0.98
terrysahaidak,0.0
rajivshah3,0
mdvacca,7.07
FibreFoX,0
todorone,0
berickson1,0
EvanBacon,0
dlowder-salesforce,12.280000000000001
wellmonge,0
vovkasm,1.48
omnikron,0
mo22,0
jkdf2,0
Kriyszig,0
misaku,0
ngandhy,0
newyankeecodeshop,0
osdnk,0
januswel,0
CodingItWrong,0
wildseansy,0
hamidhadi,0
migbot,0
raphael-liu,0
cabelitos,0
IljaDaderko,0
ronal2do,0
sryze,0
Winglonelion,0
chuganzy,0
mandrigin,0
Titozzz,0
ggtmtmgg,0
radko93,0
watanabeyu,0
tychota,0
DanielZlotin,0
akshetpandey,0
frantic,60.28
Monte9,0
henrikra,2.63
ifsnow,0
ignacioola,0
Tnarita0000,0
morenoh149,0
JAStanton,0
exced,1.9
flowkraD,0
nd-02110114,12.5
Freddy03h,0
yedidyak,0
mmccartney,0
AlanFoster,0
JunielKatarn,0
ikesyo,94.59
Minishlink,0
scally,1.6099999999999999
itinance,0
cHaLkdusT,0
gtebbutt,0
th317erd,0
cojo,0
krzysztofciombor,0
lightboys22,0
olfek,0
mike-marcacci,0
barrault01,0
adamivancza,0
deecewan,0
karanjthakkar,0
MarkOSullivan94,0
kmagiera,28.7
rozele,1.2
charpeni,5.25
chrusart,0.0
krszwsk,0
fungilation,6.94
SRandazzo,0
yurnery,0
lnikkila,0
haggholm,0
rotemmiz,16.669999999999998
draperunner,0
ssssssssssss,0.0
christianbach,0
steveccable,0
asowayan,40.0
patrickkempff,0
AndrewJack,2.19
jwaldrip,0
SudoPlz,0.0
Moreno97,0
rdonnelly,0
clmntcrl,0
hgale,0
JunyiXie,0
zedtux,0.0
jordoh,0
gnprice,0
Noitidart,0
tolbkni,0
boliveira,0
anthonyhumphreys,0
marafat,0
bestander,86.49
skv-headless,6.17
connoremma,0
ujwal-setlur,0
miyabi,9.610000000000001
savelichalex,0
tabrindle,2.54
baldursson,0
kpink224,0
oNaiPs,0
Ashoat,16.669999999999998
jerolimov,0
hfossli,0.0
kevinresol,23.01
mjesun,0
maicki,0
shockdesign,0
WaldoJeffers,0
VSchlattinger,0
se-bastiaan,0.0
LukeDurrant,0
mistenkt,0
lebedev,0
kranzky,0
hamaron,0
dannycochran,1.96
yk3372,0
arnabsen,50.0
samuela,75.0
cbrevik,0.76
peacechen,0
foghina,80.41
elliscwc,0
magicien,0
akalin-keybase,0
joshjhargreaves,0.72
maxkomarychev,2.04
TomSwift,0
syaau,0
tuncaulubilge,0
edo1493,0
dested,0
sdg9,0
erikpoort,0
CFKevinRef,0
lucianomlima,12.5
guperrot,9.55
amhinson,1.68
Nkzn,0
DylanVann,0
wokalski,0
ultramiraculous,1.44
jainkuniya,0
jozan,0
strindhaug,0
samsafay,0
naqvitalha,0
aneophyte,0
yewenxiang23,0
haitaoli,0
perrosnk,25.0
anp,0
atkit,0
alloy,2.88
SandroMachado,6.0600000000000005
MattFoley,2.3800000000000003
linjson,0
iRoachie,0
AaaChiuuu,9.520000000000001
bae-unidev,0
leeight,38.83
chiraggshah,0
timotew,0
allengleyzer,0
LEEY19,0
ayc1,0
lindskogen,0
cdlewis,0
greghe,0
maartenschumacher,0
sibelius,0
rh389,1.13
ocleo1,0
stale[bot],99.95
mikelambert,0
jsdario,2.59
AustinHunt,0
bowerman0,0
adamski,0
cmcewen,0
outpunk,0
kesha-antonov,0.0
tomasreimers,0.0
JoelMarcey,83.83
dahjelle,0
adbl,0
alvinthen,0
fred2028,33.33
emusgrave,0
skevy,88.78
MaxLap,0
dmueller39,0
dickie81,0
AaronFriel,0
macdoum1,1.68
DaKaZ,0.5
syzer,0
Jacse,0
Bhullnatik,0
jhen0409,5.56
Slava,11.66
nerdmed,0
bood,0
nihgwu,16.79
Adlai-Holler,0
justinr1234,0
iegik,0
doochik,3.47
wschurman,3.54
lprhodes,0
narychen,0
sigvef,0
ransj,23.79
paramaggarwal,7.340000000000001
macrozone,0
mironiasty,0
chrisbianca,0
JulienKode,0
kastiglione,3.16
astreet,71.15
ericvicenti,74.07000000000001
formatlos,0.0
dabit1,0
rajsuvariya,0
sebirdman,0
christopherdro,74.53999999999999
rtman,0
simonayzman,0
terribleben,0
cosmith,0
kipricker,0
forki,1.4500000000000002
Lxxyx,25.0
gpeal,0
cooperka,0
antoinerousseau,0.0
ms88privat,0
PardeepK,0
sjmueller,0
smallpath,0
thotegowda,0
guysegal,12.139999999999999
vjeranc,0
zoontek,0
yury,0
simonmitchell,0
gilesvangruisen,0
stoffern,0
mvayngrib,0
chnfeeeeeef,0
shrutic123,0
peterp,0
alexkring,0
MiLeung,0
ZHT131,0
shrutic,0
Benjamin-Dobell,0
jeremyong,0
stereodenis,0
Etheryte,0
Crash--,0
eacaps,0
mroswald,17.96
ds300,0
Emilios1995,0
farazs,0
pesterhazy,0
lexs,51.790000000000006
vvavepacket,0
alin23,0
nicktate,0
rgngl,0
edmofro,0
dannyharding10,0
myrjola,0
vongohren,0
ptmt,1.82
Swordsman-Inaction,0.0
jpshelley,0.9299999999999999
ykzts,0
alvaromb,2.79
Thomas101,0
ronocod,0
mlanter,0
guptasourabh,44.440000000000005
hilkeheremans,0
ligaz,0
Froelund,0
kgritesh,0
Phredward,0
0x5e,1.9900000000000002
guguji5,0
kzc,0
ywz2010,0
dudeinthemirror,0
ndejesus1227,0
scarlac,1.91
jaygarcia,0
desmond1121,0
xqwzts,0
Brian-Kaplan,0
lazyhoneyant,0
Swaagie,0
Kerumen,1.9900000000000002
cyprusglobe,18.18
mehraan,0
prabakarviji,0
moaxaca,0
vinceyuan,2.1999999999999997
admmasters,0
Ajackster,0
gitim,0
MaxGraey,2.22
rops,0
mosesoak,0
andreicoman11,85.76
belemaire,0
rt2zz,0.29
philikon,12.770000000000001
normanjoyner,0
emilsjolander,0
quangcm,0
DarkHollow,0
salanki,0
Ehesp,0
cpunion,0.0
StevePotter,0
felipecsl,0.44
istvanmakary,0
eduardinni,0
kentaromiura,28.57
andyhite,0
bigsassy,0
jadbox,0
dsibiski,78.14
fahrradflucht,0
K-Leon,0
pinqy520,0
Andreyco,0
tepamid,0
evollu,1.9800000000000002
hansemannn,0
manicakes,8.0
charlesvinette,0
joypatel04,0
sriraman,0
younthu,0
lukemiles,0
tqc,0
fredemmott,0
magicismight,0
damusnet,0
VojtechBartos,40.0
pandiaraj44,0
JakeRawr,0
jgibbons,0
ramilushev,0
reneweb,0
sharnik,0
blackxored,0
raymondchooi,0
ryangomba,2.34
mdamien,0
asgvard,0
grabcode,0
npomfret,0
oblador,0
mc-zone,0
rseemann,2.5
saevarb,0
robclouth,0
deanmcpherson,0
rgoldiez,0
clozr,0
rmevans9,0
negativetwelve,0
stockulus,0
pietropizzi,0
spikebrehm,1.46
pgom,0.0
caabernathy,85.19
olofd,0
geirman,7.1
jameshen17,0
booboothefool,0
sooth-sayer,0.0
matryoshcow,74.07000000000001
kgowru,0
hedgerwang,0
douglowder,0
alexHlebnikov,0
benhughes,0
davepack,0
dmmiller,86.92
miguelespinoza,0
koxen,0
tonysherbondy,22.220000000000002
jmurzy,37.5
jaggs6,0
chetstone,0
guilhermebruzzi,0
majak,0
s-sridevi15,0
ThaJay,0
rhysd,0
bootstraponline,0
jlipps,0
jonesdar,0
locly,0
hwitsel,0
lovato,40.0
ekryski,0
RD1991,0
dzautner,0
bengoism,0
DanielMSchmidt,0.0
corbt,36.22
oprisnik,0
nevir,0
andyfen,0
samuelkraft,0
aakashsigdel,0
LearningDave,0
alexleventer,0
arthurnn,69.62
benjick,0
jr-k,0
artemyarulin,0
chenxsan,0
geof90,0
ospfranco,0
alexanderjarvis,0
romidane,0
zxcpoiu,0.91
ahanriat,9.139999999999999
skatpgusskat,0.6
DavidGoldman,17.31
tdzl2003,0
fadookie,0
deminoth,1.94
fadils,0
nathanajah,0
tuckerconnelly,0
thebnich,0
david135,0
jalada,0
myusuf3,0
mquandalle,1.27
anttimo,0
seekshiva,0
chandlervdw,0
joelcloralt,0
aqnaruto,0
mabels,11.5
osungjin,0
clarle,0
JohnyDays,0
ademars94,0
davidyaha,0
bnham,0
redmar,0
avaly,60.0
noerK,0
jondot,0
nicklockwood,90.96
sreesharp,1.11
xvalentino,0
hufeng,0
wootwoot1234,0
pglotov,0
lawrence858,0
emilioicai,0
lostintangent,0
tlvenn,0
dgladkov,0
skyride99,0
rocman,7.7
DannyvanderJagt,0
mpretty-cyro,1.73
atifmansoor,0
poppybank,0
umhan35,0
dhrrgn,0
martinbigio,79.22
devfd,0
codeheroics,0
benhoyt,0
Hari70a,0
hayeah,0
urbancvek,0
TanTan-TT,0
adamterlson,0
xenophilicibex,0
jellevandenhooff,0
jemise111,40.0
pyEntropy,0
eyaleizenberg,4.77
lesliesam,0
arbesfeld,0
glaw,0
nmccready,0
MikeOrtiz,0
odino,0
grgmo,0
holyxiaoxin,0
aprct,0
godness84,0
jrichardlai,0
dewe,0
felipemartim,0
glittershark,0
lucasfeliciano,2.55
fakenickels,0
mikemonteith,0
hyugit,1.3
ekrivopaltsev,0
niborb,0
brunobar79,0
jesseruder,0
jeffchienzabinet,0
jordansexton,0
rmcvey,0
shayne,0
arasmussen,0.0
lwansbrough,0
kenwheeler,2.83
mrlaessig,0
Otolock,0
okonet,0
kevinstumpf,6.260000000000001
janmonschke,0
AbilashK,0
realaboo,0
BretJohnson,0
ashleydw,0
markrickert,0
icodethings,0
kevinejohn,0
joshbuchea,0
andreyvital,0
soliury,0
mtostenson,0
DavidYKay,0
TheBerg,0
antoxi4,0
elliottsj,0
digeff,0
yamill,0
lpil,0
manask88,28.57
DaleLJefferson,0
djhi,0
appden,0
andybb,66.67
aflanagan,0
hkjorgensen,0
DougBanksPersonal,0
seb0zz,0
iamulya,0
andrewsardone,0
fangmobile,0
lrettig,0
tjwudi,0
NoBaR,0
mattds,0
adamkrell,0
BerndWessels,0
mihirsoni,0
milend,75.0
klvs,0
wvengen,20.0
magus,40.0
liuyaodong,0
bozzmob,0.0
genki,0
chandu0101,0
jaysoo,0
mauron85,0
Purii,0
qbig,5.0
shtefanntz,0
patoroco,0
udnisap,0
sospartan,0
cava23,0
mschwartz,0
aphillipo,0
mkonicek-tester,82.45
lxsameer,0.0
darkrishabh,0
pedro,0
dvcrn,0
mrcasals,0
timfpark,0
chris-erickson,0
puf,0
DickyT,0
andrewgleave,0
PhilippKrone,0
nucleartux,0
mfenniak,0
marcusroberts,0
pjcabrera,0
udfalkso,0
yelled3,0
Mokto,0.0
dralletje,0
kujohn,0
gs-akhan,0
edward,0
mattapperson,0
cldwalker,3.61
nsimmons,1.8499999999999999
boourns,0
abdelouahabb,0
alexisvincent,0
vishnevskiy,0
Iragne,0.0
compulim,0
a2,63.83
MadRabbit,0
lloydho,40.0
josebalius,0
hharnisc,0
jtremback,28.57
joewood,0
yusefnapora,0
mrspeaker,0
evansolomon,0
ccheever,0
oveddan,0
bparadie,0
rxb,0
lazywei,0
bimawa,0
tsunammis,0
zhangkaiyulw,0
dvine-multimedia,0
kevinaltschuler,0
vkurchatkin,0
robertjpayne,0
jmstout,0
lukasreichart,0
henter,0
prenaux,0
enaqx,0
vitch,0
drkibitz,0
arthuralee,0.0
KJlmfe,0
MossP,0
bhosmer,0
justinmcp,0
tommymchugh,0
lvyile,0.0
Rudimental,0
krazyeom,0
Za1batsu,70.59
phamhieu,0
pilwon,0
JoeStanton,0
pjjanak,0
toxicFork,0
JustinCarmony,0
amccloud,0
KernelPRBot,100.0
jmarcher,0
tuxutku,0
orhan55555,0
VincentXII,0
SteveHeist,0
jbruchon,0
AsuMagic,0
balsoft,0
felipemullen,0
aduskett,0
arnavb,0
ajdlinux,0
daxtens,0
mdeguzis,0
arcivanov,0
schlerp,0
lenovouser,66.67
battlesnake,0
jnavila,0
marctmiller,0
diegoviola,0
parrotgeek1,85.71
nkeck720,0
ticki,0
0xAX,50.0
yuxuanchen1997,0
ecnepsnai,0
joshumax,0
Elizafox,0
arjun024,0
torvalds,0
jaseemabid,0
tubbo,0
myfreeweb,0
drogus,7.76
jsanders,0
rtomayko,0
luckydev,4.390000000000001
JoshCheek,0
aleksclark,0
oelmekki,0
nils-werner,0
tilsammans,0
smartinez87,2.0500000000000003
Spaceghost,0
CruzBishop,0
sobrinho,16.259999999999998
ebraminio,0
jsf-clabot,99.94
gibson042,27.560000000000002
Krinkle,3.0700000000000003
DanielRuf,0
iamleot,0
kborchers,0
SaptakS,3.93
markelog,21.17
arguiot,0
jlukic,0
veered,0.52
mathiasrw,0
jaubourg,5.99
ShashankaNataraj,0
niltoncsr,0
akihikodaki,0
amatsuda,24.73
karan-96,4.81
amnhh,0
jquerybot,99.92
kumarmj,0
scottgonzalez,4.16
poppinlp,0
bzbarsky,0
marcandre,7.430000000000001
anseki,0
ralinc,0
bluekvirus,0
csnover,54.65
vitaliyterziev,0
zackhall,0
gnarf,29.89
topaxi,0
arthurvr,0
zzbo,0
AurelioDeRosa,0
SeanHenderson,0
nathanhammond,0
staabm,1.16
mr21,1.54
AVGP,2.0500000000000003
jdphenix,0
mhbseal,0
piotrj,0
nazar-pc,0
meetselva,0
graysonwright,0
arschmitz,0
Kangaroopower,0
mastahyeti,0.9900000000000001
shivajivarma,0
lukemelia,0
mescoda,0
aFarkas,0
rxaviers,0
JamesMGreene,0
hamishdickson,0
onovy,0
ornj,0
johnhoven,0
tarikbenmerar,0
getify,0
jakob-stoeck,0
fhemberger,0
rosenfeld,0.0
tmanderson,0
wyuenho,0
christophertrml,0
michaelpapworth,0
curiousdannii,0.69
ronny-springer,0
iliakan,0
katsgeorgeek,0.0
lihanli,1.6
johnkpaul,4.04
xtian,0.0
terrycojones,0
b1lly,0.0
antishok,0
davidmurdoch,0
pbriggs,0
amolpujari,0
ruado1987,3.45
ros3cin,0
tomfuertes,0
zhil,0
dgalvez,0.98
say2joe,0
gajdaw,0
andrewplummer,0
jrburke,0
silentroach,0
tricknotes,0
adamcoulombe,0
isaacs,0
hasclass,0
evanworley,0
PaulBRamos,0.0
bsorbo,0
elijahmanor,0
chadparry,0
farmdawgnation,1.08
queequac,0
bmelton,0
fracmak,0
eikes,0
cmcnulty,0
rkatic,7.1499999999999995
wwalser,0
catrope,0
lancejpollard,0
private-face,0
danheberden,2.75
MoonScript,0
atirip,0
Wikinaut,0
ebeigarts,0
rewish,0
laughinghan,0.16
tks2103,0
louisremi,0.79
braddunbar,0.0
amonat,0
leeoniya,0
wolever,0
cmc3cn,0
rdworth,0
tojocky,0
rafbm,0
mattheworiordan,0
dslatten,0
JangoSteve,0
aitorciki,0
jigfox,0
anton-ryzhov,0
zacstewart,0
fernandezpablo85,0
AaronAsAChimp,0
bman654,1.6099999999999999
xavi-,0
scott-hughes,0
jeresig,20.18
johncrenshaw,0
kflorence,0
xavierm02,0
jboesch,0.0
fpwoshg,0
jaredwy,0
jasondavies,0
thg2k,0
JessThrysoee,0
logankoester,0
jitter,34.33
wycats,17.65
danbeam,0
jfirebaugh,2.31
niyazpk,0
compnerd,96.91
stephentyrone,88.75999999999999
akyrtzi,96.14
gottesmm,92.49000000000001
jrose-apple,89.51
aciidb0mb3r,74.62
tapthaker,3.38
brentdax,90.12
dcci,93.72
swift-ci,90.84
rintaro,97.72999999999999
palimondo,85.54
xedin,91.03999999999999
dan-zheng,98.13
aschwaighofer,95.67999999999999
slavapestov,95.47
shahmishal,74.56
drodriguez,68.87
DougGregor,95.72
bartchr808,90.82000000000001
mundaym,8.33
jckarter,96.44
plotfi,0
bob-wilson,90.91
vedantk,89.03
bgogul,98.44000000000001
lorentey,95.39999999999999
gmittert,57.98
pschuh,99.27
mikeash,98.66
harlanhaskins,95.19999999999999
eeckstein,92.80000000000001
airspeedswift,90.89
nkcsgexi,96.78
Rostepher,96.7
benlangmuir,89.14999999999999
sl,94.28
ravikandhadai,88.31
johnno1962,10.31
rjmccall,95.74000000000001
marcrasi,99.65
tattn,0
davidungar,96.87
Catfish-Man,96.75
vgorloff,33.33
buttaface,0
CodaFi,71.99
spevans,57.82000000000001
davezarzycki,94.39999999999999
atrick,95.97
xwu,80.35
natecook1000,98.22
burmako,88.83
rajbarik,13.120000000000001
omochi,7.32
theblixguy,59.419999999999995
JDevlieghere,57.14
xymus,98.50999999999999
najacque,90.09
Gumichocopengin8,16.8
hamishknight,3.9
ChrisBrough,66.67
colemancda,7.41
weissi,82.92
benrimmington,8.62
phausler,89.86
milseman,96.63000000000001
lattner,92.09
kitasuke,0.9299999999999999
Azoy,20.84
tkremenek,88.21
nate-chandler,95.77
nathawes,92.38
PatrickPijnappel,66.75
aroben,4.34
adrian-prantl,95.99
yln,81.10000000000001
FlexMonkey,0
AnthonyLatsis,12.47
ianpartridge,13.209999999999999
troughton,1.0999999999999999
kubamracek,95.30999999999999
sgugger,0
xiaobai,0
keith,26.669999999999998
moiseev,89.92
shajrawi,91.71000000000001
ddunbar,78.39
dmbryson,0
alexshap,86.96000000000001
fredriss,10.209999999999999
millenomi,74.28
sarveshtamba,19.439999999999998
bendjones,71.43
itaiferber,90.18
realdoug,0
ebainville,70.59
devincoughlin,91.36999999999999
parkera,83.25
Coeur,0
ffried,0
hartbit,29.459999999999997
tanner0101,0
tanmayb123,0
futurejones,1.79
nafu,0
gwynne,56.00000000000001
BenchR267,67.86
Jumhyn,0
kevints,22.220000000000002
krilnon,75.0
johnfairh,19.7
lanza,76.25999999999999
turbolent,0
pvieito,0
vguerra,0
AnnaZaks,80.13
dexonsmith,31.580000000000002
LucianoPAlmeida,0
uraimo,0
smeenai,0
levivic,0
mhong,91.31
ktopley-apple,87.45
gparker42,92.06
karwa,1.22
austinzheng,2.26
weliveindetail,0
hyp,63.4
khanlou,6.950000000000001
jpsim,0
groue,0
dingobye,13.03
bannzai,0
anayini,0.67
ahoppen,97.35000000000001
samding01,16.669999999999998
jshier,0
marcelofabri,32.06
BalestraPatrick,0
KingOfBrian,1.8499999999999999
robinkunde,1.3
rposts,0
dabrahams,93.24
zisko,96.05
DevAndArtist,0
llvm-beanz,63.21
lancep,98.61999999999999
nordicio,0
zneak,0.62
graydon,96.8
rudkx,95.46
technicated,0
pitiphong-p,0.36
carlos4242,0.0
dlbuckley,0
glessard,7.46
hpux735,3.04
MaxDesiatov,0
alblue,94.83
gmilos,23.18
bjhomer,0
mdiep,6.29
modelorganism,0
tinysun212,3.45
rockbruno,0
bcardosolopes,80.95
Fidetro,8.94
vsapsai,0
adamshin,0
lilyball,26.900000000000002
tbkka,81.82000000000001
clackary,0
gregomni,90.52
Kaiede,0
Moximillian,0
tokorom,0
agnosticdev,0
zayass,0
anemet,85.08
njjiang,6.49
vivkong,6.460000000000001
kchibisov,0
NachoSoto,0.0
mwwa,93.39
huonw,89.53999999999999
rahul-malik,0
jtkeeling,0
sparkasaurusRex,0
SusanDoggie,50.0
jmolloy,79.31
ahti,0.0
cwakamo,59.85
lutherjm,80.5
AndrewSB,0.8500000000000001
dplanitzer,0
RUSshy,0
dabelknap,0
amartini51,13.33
jasonmolenda,50.0
LaurentMazare,75.0
erica,0
modocache,75.49
naru-jpn,0
nuclearace,0
mohitathwani,1.72
tkrajacic,3.54
bdash,0
nadavrot,84.03
masters3d,0
PhilArmstrong,0
zbowling,1.35
mortenbekditlevsen,2.1399999999999997
kelvin13,0
orakaro,0
danielctull,0
paulofaria,0
dduan,46.29
DanielAsher,0
DexinLi,70.0
tarunon,0
gonzalolarralde,0
DylanLukes,0
lplarson,94.28
alper,0
gooichi,40.0
ole,0
jimingham,0
swiftix,88.34
bitjammer,96.77
lhames,0
yasserdeceukelier,33.33
chriseidhof,0
practicalswift,98.63
frootloops,30.48
JaviSoto,0.0
ematejska,89.74
norio-nomura,0.43
tdimeco,0
frogcjn,0
korli,0
ephemer,0
orent,0
fjricci,85.85000000000001
gspiers,0
romanroibu,0
amraboelela,0.0
jeremyhu,0
tjw,0
felix91gr,0.84
JGiola,4.6
Kacper20,1.04
danielmartin,0
michael-lehew,33.33
OscarSwanros,0
dgrove-oss,0.9199999999999999
gribozavr,94.54
willtellis,0
mackoj,0
return,0
mkchoi212,0
nerdsupremacist,0
d-ronnqvist,0
an0,0
briancroom,89.96
timvermeulen,0
linqingmo,0
ansimita,0
jtbandes,86.81
Jnosh,0
erg,95.0
therealbnut,4.16
bielikb,0
mattrajca,0
mxswd,72.88
Dimillian,0
bubski,0
flyin1600,0
garricn,0
Bouke,0
ben-ng,0.89
louisdh,0
TheOtherDave,0
RLovelett,1.5
colinhowell,10.530000000000001
Cbieniak,0
mtake,11.110000000000001
scallanan,91.67
Gankro,83.47
lupinglade,0
ymanton,0
matthewcarroll,0
JaSpa,13.33
czechboy0,0
Fruneau,0
das,0
ArtSabintsev,2.86
mmattioli,0
IngmarStein,0
djwbrown,1.0999999999999999
carlbrown,0
drewcrawford,0.64
cooperp,40.0
nakeep,33.33
tfiala,56.10000000000001
seabaylea,0
russbishop,1.31
hooman,7.22
kperryua,98.63
jdfweb,0.0
egranata,44.440000000000005
Nirma,0
aleksgapp,22.220000000000002
trentxintong,95.06
kstaring,27.27
mko-io,0
AquaGeek,0
timbodeit,1.81
MnO2,0
joewillsher,0.9299999999999999
garyliu1,0
iachievedit,0
tanadeau,7.79
marcusrossel,0
johnspurlock,0
mike-ferris,38.1
LEOYoon-Tsaw,0
alexwlchan,2.44
jopamer,87.79
jrtibbetts,0
bryanpkc,0
antonblanchard,0
nsalmoria,0
q2r5,0
delcypher,0
shawnce,2.35
cwillmor,66.67
MichaelBuckley,0
hitstergtd,0
manavgabhawala,1.02
danra,11.129999999999999
danielgindi,0
KrishMunot,0
froody,0
jder,0
AlexDenisov,0
tenderlove,18.59
martijnwalraven,0.27
takecian,2.34
mxcl,0
codestergit,0
stefanstefan2001,0
emish,0
cellularmitosis,0
neilkimmett,0
bogner,0
SquaredTiki,0
tienex,0
zwaldowski,0
adrfer,0
lhoward,0
ezephir,7.430000000000001
johnlui,0
panzarino,0
amackworth,0
ken0nek,0
gamabuntan,60.18
kud1ing,0
florianreinhart,0
MagaTailor,0
gabrielPeart,0
billabt,0
13rac1,0
azdavis,3.3300000000000005
vicky002,0
johnantoni,0
estan,0
GuillaumeBibaut,0
orobio,0
yas375,0
landonf,0
DaKnOb,0
AdamHess,0
steveklabnik,23.86
emilstahl,2.71
udp,0
Mitame,0
cnd,0
yurikoles,0
oblitum,0
jsjohnst,0
Goles,0
Bernard-Bernie-Sanders,0
BrandonMathis,0.75
davidcelis,0.49
meteor-bot,100.0
KoenLav,0.5
smeijer,0
sebakerckhof,3.08
jamesmillerburgess,0
aadamsx,0
CaptainN,0.8500000000000001
yorrd,0
hwillson,6.76
StorytellerCZ,9.77
dagatsoin,0
GeoffreyBooth,3.5700000000000003
sakulstra,0
tcastelli,0
elie222,0
menelike,0
rj-david,0
Nauzer,0
arggh,0
morloy,0
abernix,16.21
filipenevola,0
klaussner,0.41000000000000003
wojtkowiak,0
pagesrichie,0
copleykj,2.36
brucejo75,2.2800000000000002
lmachens,0
leosco,0
p3pp8,0
etyp,0
Markus-Mooqita,0
crapthings,0
kentonv,0
pravdomil,25.0
coagmano,0
toinevk,0
awatson1978,0
axelvaindal,0
eskan,0
skirunman,0.79
mpowaga,0
zebra-lucky,0.35000000000000003
thearabbit,0.63
fgm,0
pozylon,0
paulincai,0
mizzao,0.62
zionts,0
theodorDiaconu,0
stubailo,30.470000000000002
jbaxleyiii,0
SachaG,0
vlasky,0
bmanturner,0
alexgzhou,0
radekmie,0
vladejs,0
adamgins,0
carlevans719,0
hexsprite,0
antoniopresto,0
sdarnell,0
msavin,0
n1mmy,35.22
aldeed,8.7
fermuch,1.06
AndreasGalster,0
laosb,12.65
retrixe,0
Primigenus,0
willyb321,0
clayne11,0
M4v3R,0
markshust,0
dburles,2.2399999999999998
jbbr,0
serkandurusoy,0
gregory,0
lorensr,0.26
edemaine,0
davidworkman9,0
PEM--,0
mutdmour,0
realyze,0
maxnowack,0
mbrobbel,0
sethmurphy18,0
d62remi,0
TechplexEngineer,0
rijk,0
mave99a,0
Akryum,0
anymos,0
yanickrochon,0
ansaries,0
jamiter,0
janat08,0
raix,20.66
nlhuykhang,0
tmeasday,70.85000000000001
OleksandrChekhovskyi,0
dreich-nucleus,0
zol,27.97
dferber90,0
akvadrako,0
lucfranken,0
mhidou,0
alphanso,0
barbatus,0
gadicc,0
ElegantSudo,0
theosp,0
hmontes,0
vjau,0
jchristman,0
Ben305,2.5
gsabran,0
alanning,2.75
kachkaev,0.74
dotansimha,0
TomFreudenberg,0.0
MasterAM,0
MichaelJCole,0
jasper-lu,0
IonicaBizau,4.109999999999999
pmoons,0
marceloschmidt,33.33
MichelFloyd,0
avital,5.3
queso,6.59
lassombra,0
benstr,0
okland,0
multilinear,0
sedouard,0
nirajpd,0
bwobst,0
timbotnik,0
talha-asad,0
arboleya,0
robertpitt,0
sergiotapia,0
Sanjo,0
rgoomar,0
arunoda,0.5599999999999999
rozzzly,0
deanius,0
eXon,0
ekatek,35.29
bradvogel,0.0
pbastowski,0
timhaines,0.5700000000000001
oskarkook,0
lourd,0
anubhav94,3.85
lukejagodzinski,0
yanisIk,0
timbrandin,0
chmac,0.0
jakozaur,0
debergalis,24.27
gsuess,0
meonkeys,0
frozeman,0
srounce,0
Tarang,0
patmoore,0
hypno2000,1.97
justinsb,0
DanielDent,0
estark37,38.99
smallhelm,0
adnissen,0
graemian,0
apendua,0
awwx,0.66
cryptoquick,0
jamesfebin,0
Cangit,0
plachintas,0
mrzafod,0
Multiply,0
cmather,20.69
Gaelan,0
jagill,12.5
ryw,0
rdickert,8.649999999999999
alexhancock,0
FooBarWidget,0
jimmack1963,0
sixolet,0
BenjaminRH,1.0999999999999999
KartikChugh,0
andreioprisan,0
eymiha,0
bchelli,0
lirbank,0
lennartcl,0
zvictor,0
stephentcannon,0
ianserlin,0
belisarius222,0
mpj,0
gschmidt,0
zealoushacker,0
jrhone,0
TaraWij,1.83
iplanwebsites,0
egtann,0
ypresto,0
Ed-von-Schleck,22.220000000000002
nwmartin,0
75lb,0
tifroz,0
yonggao,0
xenolf,0
possibilities,0.52
alansikora,0
audreyr,0
MarcusRiemer,0
groodt,0
jonathanKingston,0
thomasf1,0
bminer,0
ncri,0
huetsch,0
dlee,0.91
clarete,0
dmitriy-kiriyenko,21.51
gabriel-dehan,0
jackp,0
milesmatthias,0
AndyMoreland,0
jamesotron,0
eileencodes,43.830000000000005
kamipo,69.07
yahonda,13.239999999999998
koic,13.62
p8,0
y-yagi,70.21
kddeisz,0.42
matthewd,25.16
jhawthorn,0
fxn,24.92
cpruitt,0
guigs,0
kaspth,56.10000000000001
schneems,51.89
utilum,3.51
deivid-rodriguez,1.8800000000000001
rafaelfranca,31.730000000000004
gustavogr,0
eugeneius,3.4799999999999995
omnilord,0
Edouard-chin,33.58
vishaltelangre,17.44
SamSaffron,1.01
st0012,58.58
dhh,12.09
itsWill,0
georgeclaghorn,38.04
ahorek,0
simi,10.440000000000001
tgxworld,34.72
alexcameron89,2.86
casperisfine,7.6899999999999995
okuramasafumi,0
cseelus,0
gmcgibbon,12.67
lanej,3.19
deepj,0
guilleiguaran,39.290000000000006
ConfusedVorlon,0
gsamokovarov,13.56
paracycle,0
rosa,0
shioyama,8.450000000000001
sikachu,10.280000000000001
r7kamura,0
soartec-lab,44.29
jeremy,23.65
ryohashimoto,0
yskkin,1.21
jrafanie,5.24
michaelglass,0
baweaver,0
twalpole,0.51
sharang-d,0.0
robertomiranda,30.72
alimi,0
excid3,0
timoschilling,0
nisusam,0
sebjacobs,2.75
mtsmfm,1.47
sushantmittal,0
boblail,0
palkan,4.44
Kukunin,0
andrehjr,0
jeremyevans,0
mattyoho,0
imtayadeway,0
haberbyte,0
ashishprajapati,0
bdewater,0.8099999999999999
igorkasyanchuk,0
willnet,26.669999999999998
javan,28.92
pixeltrix,67.36999999999999
petejohansonxo,0
abhchand,0
alkesh26,0
airhorns,0
erose,0
tinogomes,11.76
AlexBrodianoi,0
bogdan,18.61
gwincr11,0
lifo,0
Gaurav2728,47.69
sponomarev,20.0
andyw8,40.0
morgoth,3.74
carlosramireziii,0
grosser,4.42
lzap,0
rafaelsales,0.0
larskanis,0
yuki24,32.86
dylanahsmith,0
oniofchaos,1.7999999999999998
schuetzm,0
olivierlacan,1.34
mdesantis,0
maschwenk,0
albertoalmagro,20.549999999999997
lsylvester,2.74
gregnavis,0
kbrock,2.19
toshimaru,0
arunagw,35.72
lucianosousa,0
lulalala,0
mqchau,0
nynhex,0.0
WoH,0
vinistock,0
jemminger,0
sambostock,0
thelucid,0
cjolly,0
alfie-max,0
delner,0
composerinteralia,1.7999999999999998
spohlenz,8.49
chaadow,0
DmitryTsepelev,0
azbshiri,14.29
prikha,0
gingerlime,0
tomrossi7,0
rails-bot,99.98
tekin,0
agrobbin,8.59
esparta,0
Ana06,0
shugo,0
fatkodima,35.29
DialBird,0
aleksandrs-ledovskis,0
robin850,42.13
saiqulhaq,0
bkuhlmann,0
bf4,6.83
jaredbeck,7.48
dasch,25.69
kylekeesling,0
mberlanda,0
frodsan,35.96
geoffgarside,0
JacobEvelyn,0
matildasmeds,0
staugaard,0
zzz6519003,0
gregmolnar,11.66
yukideluxe,0
christophemaximin,0
sham-sheer,57.14
reitermarkus,75.0
sandstrom,0.0
tgturner,14.29
simonc,0
dark-panda,0
kirs,29.53
marshall-lee,0
febeling,0
faucct,0
RKushnir,0
zealot128,0
sodabrew,5.92
ianks,0
clemensp,0
brodock,0
ryanwhocodes,0
BKSpurgeon,0
BrentWheeldon,10.530000000000001
mockdeep,0
aeroastro,0
marceloperini,4.49
janko,1.6400000000000001
mikhailov,0
al2o3cr,1.53
robotdana,0
noahgibbs,0
piecehealth,0
eliotsykes,0.1
steakknife,0
mroutis,0
tiegz,0
LemonAndroid,0
cgriego,1.66
darwin67,0
ioquatix,1.23
jasonroelofs,0
willianveiga,0
bobbytables,0
aried3r,0
mohitnatoo,15.939999999999998
anniecodes,0
saveriomiroddi,0
ZASMan,0
twitnithegirl,0
jychen7,16.669999999999998
Schwad,0
sidot3291,0
christos,0
aditya-kapoor,16.43
maxim,0
ptoomey3,2.6599999999999997
padi,0
ttanimichi,38.71
varyonic,0
jhubert,0
alpaca-tc,33.33
ilkkao,0
DimitriosLisenko,0
ebihara99999,0
homakov,3.35
benmmurphy,0
davidstosik,0
KevinSjoberg,0
fedxgibson,0
pschambacher,0
JackMc,0
searls,0
mechanicles,15.93
assain,0
jacobsmith,0
oreoshake,0
joshsusser,0
urbanautomaton,0
vfonic,0
robinboening,0
meinac,11.27
claudiob,8.14
isamankumara,0
sj26,0
naw,0
gmalette,0
pyromaniac,0
onomojo,0
njakobsen,0.0
jdelStrother,0
chancancode,21.87
Envek,2.81
dixpac,1.67
sergiogomez,0
reggieb,0
seanarnold,0
wagenet,2.75
matrinox,0
renchap,0
vijaydev,17.64
jturkel,0
malikolivier,0
riseshia,0
tyok,0
badosu,0
jorgemanrubia,0
jagthedrummer,0
thomasfedb,0
frenkel,0
clupprich,0
radar,0.51
liwii,0
Alamoz,1.53
kivikakk,0
timsly,3.29
christianblais,0
benoittgt,0
ericboehs,0
stevenharman,0
kshnurov,0
Fudoshiki,0
jfragoulis,0
ignatiusreza,0
headius,0.06
kares,0.33999999999999997
blimmer,0
eagletmt,0
mperham,0.75
jcoyne,0.48
pat,0.6
kuroda,0
kg8m,0
ydakuka,0
equivalent,0.49
mpapis,0
youngbrioche,0
rywall,0.0
hone,0
Kevinrob,0
jasl,0
GBH,0
gfvcastro,0
wbreeze,0
carlosantoniodasilva,62.94
bpohoriletz,0.0
zenspider,0.8
rmosolgo,0
tcopeland,0
jrochkind,0.2
kami-zh,0
javierhonduco,0
shime,0
redtachyons,0
kinnrot,0
hsbt,1.52
remofritzsche,0
zhouguangming,40.0
iamvery,1.06
PHedkvist,0
TheSmartnik,28.57
mrhead,0
5t111111,0
pedrofurtado,0
dixitp012,8.33
lostapathy,0
ys,0
dmitri-d,0
knu,0
iguchi1124,0
atul-shimpi,0
jjb,0
siegy22,0
crispinheneise,0
tsukasaoishi,0
kwstannard,0
sorentwo,0
pedantic-git,0
jeffreyguenther,0
natematykiewicz,0
joevandyk,4.17
lugray,18.72
k0kubun,0.08
rohitpaulk,0
EPecherkin,0
seanlinsley,0
akshay-vishnoi,50.74999999999999
lunks,0
EdOverflow,0
yalab,1.27
erikeide,0
khall,0
NickLaMuro,0
mikker,0
travisofthenorth,1.02
artofhuman,0.0
urkle,0
BigChief45,0
chumakoff,4.45
gaurish,16.78
zzak,25.66
shayonj,0
maclover7,76.64
mathieujobin,0
betesh,0
colorfulfool,0
qsona,0
FrankFang,0
tjschuck,5.94
ffmike,0
yui-knk,11.88
CicholGricenchos,0
edwardmp,0
mlangenberg,0
thomasnal,0
wpp,0
norman,0
pawandubey,0
kmcphillips,0
nateberkopec,1.26
mvz,0
teohm,1.7000000000000002
fschwahn,0
saizai,0
brixen,0
mrj,0
glaucocustodio,0
mikecmpbll,0
ayanko,0
pointlessone,0
joshpencheon,0
kenn,0.75
Erol,44.74
samphippen,0
benglewis,0
deeeki,0.0
halogenandtoast,0
zmoazeni,0
DmytroVasin,0
latortuga,0
npezza93,0
lcreid,0
coreyward,0.0
untidy-hair,1.2
metaskills,5.18
burke,0.5599999999999999
Empact,8.58
ojiry,0
bradleypriest,0
yawboakye,0
RasPat1,0
cristianbica,5.680000000000001
notEthan,0.0
josevalim,20.4
ta1kt0me,0
mijoharas,0
etdev,0
jpawlyn,0
rustygeldmacher,0
willbryant,0.33
stve,0
jacobbednarz,0
lukaszx0,16.76
fphilipe,0
kieraneglin,0
wvanbergen,0
bradgessler,0
KeithP,0
trevorturk,0.72
vishalzambre,0
will-in-wi,0
matrix9180,0
runephilosof,0
sandipransing,0
aguynamedben,0
htanata,0
sbull,0
jkowens,0
adamgamble,0
jules2689,0
Fryguy,0
rngtng,0
mmangino,0
doits,0
sevenseacat,0.0
tzabaman,0
ixti,0
iangreenleaf,0
aripollak,0
matthewrudy,0
malclocke,0
lucasmazza,3.44
stouset,9.520000000000001
wlipa,0
f1sherman,0
kenta-s,7.95
rubys,2.27
laertispappas,0
andrewhood125,0
evanphx,0
namusyaka,23.05
senny,64.8
deraru,0
drnic,0
ahoward,0
ce07c3,0
Sen-Zhang,0
spk,0
fareastside,0
rzane,0.0
sinogermany,0
chrisarcand,0
leifcr,0
jordanlewis,0
jasonleonhard,0
jdantonio,0
meagar,0
thedarkone,0.36
pmahoney,0.8699999999999999
AaronCowan,0
ayghor,0
marutosi,0
domcleal,0
mikelikesbikes,8.84
spastorino,22.67
sachin21,3.15
pwim,1.24
Crunch09,0
Widdershin,0
mrageh,7.07
klaseskilson,0
Le6ow5k1,0.0
takkanm,0
shardulparab97,0
bquorning,5.93
tarcieri,0.0
eavgerinos,0
calebthompson,0.24
stefanmb,0
nanaya,0.51
MQuy,0
cllns,0.0
tjai89,0
supercaracal,1.39
indirect,0
sergey-alekseev,0.95
jtrost,0
Paxa,28.57
pjg,0
tomprats,0
samphilipd,1.08
elorest,0
Soleone,0
j-dexx,0
Alwahsh,0
seuros,50.78
Cohen-Carlisle,0
Liceth,0
benlangfeld,0
josepjaume,0
gucki,13.569999999999999
iainbeeston,1.1199999999999999
codeodor,2.26
choncou,0
Azdaroth,0
jcoleman,18.18
jnicklas,0
zachaysan,0
schpet,0
tinco,0
sirupsen,0
mjhoy,0
daniel-rikowski,0
sb8244,0
timrogers,25.0
dharamgollapudi,0
jvanbaarsen,1.15
Neodelf,0
mgpnd,0
vassilevsky,0
girishso,0
ysksn,22.220000000000002
jfelchner,0
ccutrer,6.0600000000000005
Eric-Guo,0
davydovanton,16.28
juno,0
jmccartie,0.91
philnash,0
tak1n,0
agibralter,0
stomar,0
joallard,0
kyatul,0
Dagnan,0
kerrizor,0
travisoneill,0
siong1987,7.870000000000001
vsizov,0
JasonLunn,0
bronzle,0
aquajach,0
nicksieger,0
Azzurrio,0
jkuchta,0
benpickles,0
arturopie,0
suginoy,0
jonleighton,8.93
leejarvis,0
jmondo,0.0
sblackstone,0
mrgilman,18.75
bluehallu,0
matkoniecz,0
sonalkr132,0
nurse,0
voxik,0
TimPetricola,0
raggi,0
taboularasa,0.0
marekkirejczyk,0
nfm,0
Martin91,0
Karunakar,1.25
akaspick,8.04
abhishekjain16,15.379999999999999
rwz,13.0
jgarber623,0
brocktimus,0.0
nthj,0
andela-oakinniranye,0
solojavier,0
beauby,0
iGEL,0
dgeb,0
EdDeAlmeidaJr,0
lvl0nax,66.67
philipgiuliani,0
egilburg,4.22
jonatack,6.58
schneidmaster,0
brianmario,0
javiervidal,0
HoneyryderChuck,0
tarasmatsyk,0
aharpervc,0
tomkadwill,0
exAspArk,0.0
nbouscal,0
AndreasWurm,0
arktisklada,0
sevaorlov,0
estolfo,0
jacobat,0
mfazekas,0
alex-handley,0
raimo,0
tomash,3.82
BlakeMesdag,0.0
ankit8898,3.38
sealocal,0
strzibny,0
jasnow,0
jch,0
route,12.68
denofevil,1.0699999999999998
xw19,20.0
rthbound,0
tute,0.0
laurmurclar,0
arekf,0
danielrhodes,0
georgemillo,7.41
chewi,42.49
aaronang,0
vm00z,0
sferik,4.35
dmathieu,10.26
brendon,0
Ladas,0
exviva,33.72
perceptec,0.0
nakulpathak3,0
alfonsojimenez,0
chiragsinghal,0
kuldeepaggarwal,34.9
chashmeetsingh,0
akshaymohite,0
mwear,0
droptheplot,0
clarkware,0
xijo,0
wisetara,0
leonardoprg,0
exagil,0
phuibonhoa,0
jankeesvw,0
kachick,0
rab,0
lesliev,2.82
romaimperator,0
repinel,13.56
coldnebo,0
remomueller,0
qrush,0
sgringwe,0
mcfiredrill,0
felixbuenemann,0.9199999999999999
tawan,0
mgrachev,0
ppworks,0
drcapulet,80.0
brandonhilkert,0
gchan,0.0
davidkuhta,0
yyyc514,0
shakib609,0
jcoglan,0
dougcole,4.14
amitsuroliya,59.75
pftg,53.879999999999995
huoxito,1.8800000000000001
jmbejar,0
acapilleri,30.81
fabn,0.0
aantix,0.0
ignat-z,0
rabbitt,7.04
pboling,60.0
nwjsmith,4.44
kou,0
marnen,0
s-aida,0
xuanxu,1.02
ka8725,0
sivagollapalli,0
ma2gedev,0
ali-l,0
dv,0
maxehmookau,0
nettofarah,0
jeyb,0
eljojo,0
astrauka,0
imanel,5.56
tamird,8.52
mikegee,0
ccallebs,0.5700000000000001
methyl,3.0
RobinClowers,0
merhard,0.0
mmustala,6.68
dnagir,0
pdg137,0
edwardloveall,0
timbreitkreutz,0.0
siadat,0
avokhmin,4.760000000000001
andreynering,5.1499999999999995
nishantmodak,0
myrridin,8.59
kv109,0
masterkain,0.65
harrykiselev,0
rymai,0.0
fxposter,0
avit,1.22
joker1007,0
resource11,0
DavidMikeSimon,0
smathy,0
boone,0
brancz,0
xaviershay,0
jamis,0
obduk,28.57
mtodd,0
thejamespinto,10.26
akihiro17,14.000000000000002
davidcornu,17.44
lest,20.43
frankywahl,0
carols10cents,0
yob,0
tkrajcar,0
brauliobo,0
swaathi,0
tarzan,0
neutronz,0
tanmay3011,0
eloyesp,0
ronakjangir47,64.08
charliesome,21.43
jasonnoble,22.11
lfittl,0
subelsky,0
Strech,0.0
arvindmehra,0
magikid,13.33
rodzyn,0
agios,0
sharmaanshul2102,18.18
manish-shrivastava,0
icambron,55.279999999999994
EugZol,0
teoljungberg,0
shireeshj,0
aaa707,0
atambo,1.03
jeremyf,13.55
piton4eg,11.110000000000001
meltheadorable,0
GeekOnCoffee,3.71
trosborn,0
trejkaz,0
denisenkom,0
zoltankiss,0
AaronLasseigne,0
maurogeorge,31.330000000000002
dhiachou,13.889999999999999
gazay,1.28
bukue,22.220000000000002
pcreux,0
thibaudgg,0
lucascaton,3.04
swapab,0
chapmajs,0
cerdiogenes,0
shivanibhanwal,0
aprescott,0
d-Pixie,0
afcapel,0
JDutil,0
goddamnhippie,0
joshk,6.0
sbhatore95,0
boddhisattva,0
Senjai,0
jeremywadsack,0
vincentwoo,0
benjiwheeler,0
puneet24,0
dubek,28.57
gouravtiwari,0
jorihardman,0
akolomiychuk,0.0
luke-gru,0
jaimeiniesta,0
dcrec1,0.0
keepcosmos,0
radanskoric,0
blowmage,0
knovoselic,0
igas,0
miguelgraz,0
matthuhiggins,0
equiamos,0
yoongkang,3.05
jpcody,0
uberllama,0
acutemedical,0
laurocaetano,41.349999999999994
pi3r,0
s3ymd,0
dogweather,0
floehopper,18.41
davetron5000,0
thebinarium,0
asanghi,1.54
AmShaegar13,0
pjump,0
steved,0
semaperepelitsa,0
chrisccerami,0
timothee-alby,0
loganhasson,0
axilleas,0
henders,0
pabloh,0
fny,0
nruth,0
mungler,0
trev,0
jipiboily,33.33
ekampp,0
bsodmike,1.18
kenips,0
todd,0
ngauthier,0
wazery,0.0
why-el,0.0
courtland,15.379999999999999
Antiarchitect,8.59
y00rb,3.6700000000000004
thejonanshow,0
prakashmurthy,0
raysrashmi,0
paulociecomp,0
brainopia,1.5599999999999998
mxhold,0
sivsushruth,4.17
bdmac,1.08
yuroyoro,0
mrbrdo,1.01
thiagopradi,0
wyaeld,0
adrianpike,0
febuiles,0
angdev,0
mraidel,0
imajes,0
waynerobinson,0
emilsoman,0
phoet,0.0
pda,0
rebyn,0
hundredwatt,0
recursive-madman,0
Silex,0
mcmire,0
mudge,0
GRoguelon,0
GCorbel,0
Sinjo,0
mikestone14,0
yasyf,0
skippy,0.0
iHiD,0.31
kyledecot,0
rafaeladel,0
jgeiger,0
tonytonyjan,0
jiripospisil,0
mhartl,0
dmastylo,0
mcls,0
splattael,1.26
take,0.63
mandrews,0
balexand,0
divineforest,8.0
rono23,0
mwesigwa,0
cantino,0
cloud8421,0
mokhan,0
rohit,0
Ferdy89,0
scambra,0
hjdivad,0
gkop,0
dteoh,0
seanwalbran,0
tmm1,0.3
freemanoid,0
isaacseymour,0
chinshr,0
DanOlson,0
mehulkar,0
chocoby,0
pranas,0
carlisia,0
petedmarsh,0
IslamAzab,0
M7,0
mkdynamic,0
tpope,0
carpodaster,0
jduff,0
kommen,0.6
joergschray,0
lleger,0
fw42,2.78
mrnugget,0
mtparet,18.18
jurglic,0
rishijain,28.57
andyjeffries,0
workmad3,0
AvnerCohen,0
jlecour,0
siddharth28,0
jGRUBBS,0
jordimassaguerpla,0
zerothabhishek,0
nengxu,0
revans,0
sidonath,0
JackDanger,0
kevinmarx,0
xhoy,0
creddy,0
tvdeyen,2.98
tomeara,0
bobbus,0
akampjes,0
akshat-sharma,0
pramod-sharma,0
JonRowe,9.82
paneq,6.25
kurko,2.42
ziggythehamster,0
Bounga,0
buddhamagnet,0
NZKoz,2.59
masarakki,0
larrylv,2.45
vais,0
fedesoria,0
elia,0.8099999999999999
murtuzakz,0
eval,0
mikz,0
pkmiec,0
skiplist,0
trungpham,0
masone,0
leafac,17.560000000000002
stopdropandrew,0
Snuff,0
sachin004,0
jejacks0n,0.0
alan,0
teeparham,0
cirosantilli,0
rsutphin,0
pawelnguyen,0
Hermanverschooten,0
eladmeidar,0
jeremywrowe,0
pseudomuto,0
adomokos,0
filipegiusti,0
dpickett,0
citizen428,0
nicolasblanco,0
seamusabshere,0
guilhermesimoes,0
jedschneider,0
Robovirtuoso,0
DouweM,0
xuchu,0
dmayer,0
skanev,0
niklas,0
smasry,0
deependersingla,0
zuhao,18.6
hbin,0
davidbalbert,0
gtd,0
wisq,0
oss92,0
aghull,0
andreychernih,0
gaelmuller,3.15
jmileham,0
ujjwalt,1.4000000000000001
johnpaulashenfelter,0
MGerrior,0
jbrowning,0
rafael,0
joseluistorres,0.0
amiel,0
kassio,2.34
sachin87,0
zev,100.0
crywolfe,0
wanelo-pair,0
p,0
nbudin,0
rahul100885,0.0
lawso017,0
donbobka,0
dosire,0
kalmanh,0
907th,0.9299999999999999
joneslee85,0
oggy,0
jsgarvin,4.49
nathany,0
jefflai2,0
bitboxer,5.57
xoen,0
iantropov,8.48
georgebrock,3.3000000000000003
johnkferguson,0
peeyushsingla,0
mfpiccolo,0
mikegehard,0
jamo,1.43
dkthehuman,0
D1plo1d,0
khelben,0.0
deepak,0
ayamomiji,0
apotonick,0
lucianocosta,0
hubertlepicki,0
pothibo,0
ucarion,0
ereslibre,0
nirvdrum,0
bigxiang,0
fredwu,6.25
ehtb,5.2299999999999995
eric-chahin,2.78
rizwanreza,0
moktin,0
estsauver,0.31
hardbap,0
stevegraham,0
ernie,5.55
jenslukowski,0
zenati,0
heironimus,0
andrielfn,0
ejholmes,0
rajcybage,13.74
nashby,10.09
mcmorgan,0
Sharangovich,0
rmascarenhas,0
sadjow,0
winston,0
gjaldon,0
zhaoyan1117,0
kreynolds,0
mreinsch,0
lukesteensen,3.01
fabiokr,0
lavrovdv,0.0
miry,42.86
kemper,0
mikekelly,1.55
pmq20,0
Houdini,0
cap10morgan,0
ybart,0
chrisfinne,0
trobrock,0
Draiken,0
AlexCppns,0
pch,0
fshowalter,0
dnch,0
MSch,2.78
vjt,0
ch33hau,0
kritik,0
patricksrobertson,0
nixme,0
wkruszewski,0
anilmaurya,0
ehutzelman,0
Fortisque,0
freegenie,0
Nerdman4U,0
myronmarston,0
sergiocampama,0
iwiznia,0.0
lukesarnacki,9.520000000000001
mauricio,0
bughit,0
achempion,0.0
nixpulvis,0
kaluznyo,0
joshjordan,0.0
misfo,0
firedev,0
costa,0
magical-yuri,0
terracatta,0
vpuzzella,0
wangjohn,5.0200000000000005
roberto,0
pallan,0
semenyukdmitry,0
mattetti,0
jbaudanza,0
chanks,0
jenseng,0
timuralp,1.6
alindeman,0
lellisga,13.59
oliveiraethales,0
christhekeele,16.669999999999998
darrencauthon,0
danmcclain,7.41
andreashappe,0
khustochka,0
aayushkhandelwal11,4.04
barelyknown,0
tmikoss,0
amrnt,0.0
stephenprater,0
britto,0
nishant-cyro,0
mdespuits,4.51
tommeier,0
neilmiddleton,0
benhoskings,0
mariovisic,0
demisx,0
psahni,0
gregolsen,0
mbhnyc,0
TroySK,0
dv2,0
NathanielWroblewski,0
fluxusfrequency,1.59
Amit-Thawait,0
sorah,0
mhenrixon,0
gja,0
kentaro,0
razielgn,21.05
ktheory,5.2299999999999995
mmozuras,0.84
sbagdat,0
melekes,0
joshwilliams,0
jaggederest,0
martinemde,0
hbakhtiyor,0
dolzenko,0
pmarreck,0
orend,0
cbartlett,0
aaronchi,0
notalex,0
etehtsea,4.54
sausman,0
nijikon,0
birkirb,0
dm1try,0
bollard,0
PikachuEXE,0
jherdman,0
batter,0
durrantm,0
cfabianski,0
banyan,0
matthewford,0
releu,0.0
severin,0
antonio,0
serra-allgood,0
Smarre,0
kevinmook,0
sue445,0
neerajdotname,16.02
wanthony,0
dbussink,0
indrekj,0
makaroni4,1.47
pacoguzman,0
carlosparamio,0
tadast,0
kennyj,14.89
ctide,0
chaffeqa,0
rystraum,0
BanzaiMan,0.0
parabuzzle,0
inossidabile,0
georgiev,0
ersatzryan,0
yfeldblum,1.32
kenmazaika,0
matiaskorhonen,0
unorthodoxgeek,0
gzohari,0
bcherry,0
roderickvd,12.5
Exoth,0
flexoid,0
ognevsky,0.0
Mik-die,0
UncleGene,0
bitaxis,3.91
jonkessler,0
onlymejosh,0
jamesprior,0
beerlington,0
greinacker,0
havenwood,0
dchelimsky,1.04
jeroenj,0
amasses,0
yaotti,0
jasiek,0
benhamill,0
zilkey,0
anildigital,0
bradleybuda,0
swooop,0
ssimeonov,0
jarl-dk,0
maratvmk,0
sarahhodne,0.47000000000000003
tilo,0
rbhitchcock,0
urielka,0
petervandenabeele,0
sanemat,0
adamcrown,0
yangchenyun,0.0
thbar,0
alexbartlow,0
ryanjones,4.760000000000001
rajars2576,0
davejachimiak,0
ragaskar,0
sbeckeriv,0
tovodeverett,0
armstrjare,0
rickmzp,0.0
fukayatsu,20.57
h0jeZvgoxFepBQ2C,6.419999999999999
southpolesteve,0
ptn,12.5
eiel,0
rdlugosz,0
frankapimenta,0
marceloeloelo,0
jholton,0
LTe,22.5
dlikhten,0
julianvargasalvarez,0
chuyeow,0
nertzy,0.2
skorfmann,0
vanstee,0
waseem,11.76
sjmadsen,0
kstevens715,0
iain,0
btucker,0
scudco,0
ranjaykrishna,0
chadmoone,0
Slike9,0
lmars,0
matthewrobertson,0
docunext,0
cconstantine,0
zolzaya,33.33
olliwer,0
subwindow,0
benmcredmond,0
knapo,0
solnic,0
DevL,0
bai,0
saki7,0
choudhuryanupam,0
obrie,0
jacobo,0
le0pard,0
MacksMind,27.0
egjiri,0
rajofchennai,0
andriytyurnikov,0
samsonasu,0
KensoDev,1.48
rrmartins,0
ardavis,0
erichmenge,4.64
garethrees,0
alexeymuranov,6.890000000000001
dmeremyanin,0
zires,0
robertjwhitney,1.55
cliochris,2.98
hsume2,0
jroes,0
shaiguitar,0
Jacke,0
troyk,0
chris-baynes,0
beedub,0
hoffm,0
richardkmichael,0
lexmag,49.18
KrzysiekJ,0
Tho85,0
lazyatom,0
Systho,0
lawrencepit,0
envygeeks,0
Fivell,0
loe,0
ihower,0
jlxw,14.66
bluemont,0
artemave,0
johndouthat,0
nicholassm,0
dazuma,0
mbarb0sa,0
bemurphy,0
michiels,0
ches,0
williscool,0
vlad-shatskyi,0
virusman,0
h3h,0
jgaskins,0
cordawyn,0
zmalltalker,0
cjohansen,0
mguterl,0
josemotanet,0
joxxoxo,0
nilbus,0
seejee,0
tehgeekmeister,0
ndbroadbent,0.0
gnufied,14.29
greyblake,0
tank-bohr,0
franckverrot,7.61
shemerey,0
jstirk,0
deanpcmad,0
tjouan,0
alexspeller,0
davidtrogers,0
mykola-kyryk,0
bbenezech,0
bdurand,0
acesuares,0
rmoriz,0
thiagofm,8.05
markmcspadden,0
alup,18.18
dugsmith,0
derekkraan,0
kytrinyx,0
VadimPushtaev,0
giner,0
rmcastil,0
ershad,0
JoeyButler,0
rafmagana,0
danchoi,0
clemens,0
bploetz,0
panthomakos,14.29
RStankov,0
nikitug,2.63
kalv,0
lardawge,0
KDGundermann,0
vinnydiehl,0
adimichele,0
scottwb,0
thaidn,0
emboss,0
maurafitz,4.81
alexisbernard,0
softwaregravy,0
daenney,0
ugisozols,0
graceliu,0
butcher,0
elthariel,0
Grandrath,0
ayrton,0
justinko,0
fsword,0
davidjrice,0
barttenbrinke,0
the8472,0
ryanb,0
saimonmoore,0
jeroeningen,0
beyond,0
joliss,0
stevecj,10.530000000000001
porras,0
joeljunstrom,0
lucasuyezu,0.0
benolee,8.82
bradrobertson,0
HugoLnx,0
veader,4.0
bkuo,33.33
keithgabryelski,0
guedes,5.29
eriko,0
refractalize,0
sishen,0
sandeepravi,0
csmuc,0.0
jbarreneche,0
kuraga,0.0
bgipsy,0
adzap,0.0
thefool808,0
y8,0
arthurpsmith,0
kot-begemot,1.4200000000000002
jmazzi,0
anthonyalberto,0
robotex82,0
roshats,0
TildeWill,0
spaghetticode,0
plribeiro3000,0
isaacsanders,89.13
ahawkins,3.1399999999999997
JEG2,0
oscardelben,6.45
seanbehan,0
mirceapricop,0
nragaz,0
nahi,0
rkh,2.01
jfoley,0
KL-7,0
robbkidd,0
agraves,0
brutuscat,0
hube,0
zephyr-dev,10.0
butzopower,0
ohwillie,0
alfredw,0
tomstuart,0
oriolgual,0.0
pnegri,0
hazah,0
clacke,0
dpassage,0
collin,0
stevenh512,0
kalbasit,28.57
emersonrp,0
dhall,0
carlosgaldino,46.150000000000006
gaelian,0
dyba,0
guyisra,0
amutz,0
sskirby,0
lazylester,0
jackdempsey,0
avakhov,10.35
joefiorini,0
lucashungaro,0
janx,0.0
pinetops,0
judearasu,0
samoli,0
edtsech,0
spectator,0
mattpolito,0
whistlerbrk,0
blakesmith,0
soulim,0.0
larzconwell,1.1199999999999999
mhfs,0.0
MSNexploder,0
romanvbabenko,0
ay,0
mipearson,0
davout,0
leehambley,0
jamesarosen,0
ivanacostarubio,0
arturaz,0
bradediger,0
german,0
evtuhovich,0
ajsharp,0
quellhorst,0
kevinzen,0
travisjeffery,0
crystalneth,0
diminish7,0
vishnuatrai,1.9
rhulse,0
robinroestenburg,0
trevor,0.0
kevmoo,0
benedikt,0
jsl,0
clifton,0.42
andhapp,0
goncalossilva,0
krsmurata,0
chendo,0
xdite,0
vertis,0
nhocki,0
rroblak,0.73
mboeh,0
nmertaugh,0
vanderhoorn,0
whilefalse,0
joshuap,0
patrick99e99,0
syphoxy,2.8400000000000003
pragdave,0
mitio,0
frankieroberto,0
paukul,0
hmcfletch,0
raghunadhd,0
bokor,0
ask4prasath,0
hindenbug,0
j-manu,0
brentsowers1,0
dim,0
amw,0
coop,0
qoobaa,0
flooose,0
kielkowicz,0
yopefonic,0
pimeys,0
scottvrosenthal,0
mitijain123,0
moiristo,0
emmanuel,0
danielvlopes,0
bonkydog,0
pksunkara,0
ozeias,0
vjebelev,0
sbounmy,0
Ninju,0
kimptoc,0
elomarns,0
ivanvanderbyl,0
BDQ,0
tanin47,0
tonyc,0
TylerRick,0
lysenko,0
edgarjs,0
samuelkadolph,0
rsim,0
jaredonline,0
paulca,0
gsterndale,0
rails-noob,0
Bodacious,0
phene,0
elight,0
TomTriple,0
cmeiklejohn,4.19
ssoroka,0
grantovich,0
bfolkens,0
arkadiyk,0
bhus,0.0
bratish,0
jhtwong,0
simonbaird,0
kuahyeow,0
brajadorable,0
AndrewRadev,0
ganeshkumar,0
lucasts,0
winterchord,0
tribalvibes,0
mikel,2.41
iboard,0
flippingbits,0.45999999999999996
leereilly,0
defeated,0
xli,0
TheEmpty,0
MDaubs,0
nickhammond,0
markbates,0
pjammer,0
SweeD,0
getconor,0
reschke,0
miloops,0
eduardordm,0
dtrasbo,0
josiahivey,0
mlomnicki,0
krekoten,0
gramos,15.620000000000001
starpeak,0
kylekatarnls,2.21
mgorabbani,7.539999999999999
kaushikgandhi,0
marwahaha,31.75
kalehv,0
jbleduigou,25.0
bkyceh,0
Quenty31,5.2
WikiDiscoverer,0
nanomosfet,0
caio-ribeiro-pereira,2.98
ichernev,60.709999999999994
chienkira,0
petrbela,37.5
TremayneChrist,0
limonte,0
baryon,0
cassianomon,60.0
harpreetkhalsagtbit,0
SobakaSlava,0
socketpair,19.33
ben-lin,0.0
boyaq,0
butterflyhug,1.79
cmyers,0
mrbase,0
Elhebert,0
fbonzon,18.18
maggiepint,21.240000000000002
xkxx,0
mj1856,19.06
Menelion,11.21
lluchs,4.17
Seldaek,0
lourenci,0
rajeevnaikte,0
dar5hak,0
zenlor,0
ovangle,0
xsoh,0
TracyGJG,30.769999999999996
evoL,0
kshitijb,0
Kaushik1987,0
middagj,0
stephan-v,0
bleadof,0
neroux,0
juanghurtado,0.0
nlouahedj,0
mattgrande,0
zemlanin,0
kyungw00k,0.27
lashad,7.969999999999999
narainsagar,0
muminoff,0
wi-ski,0
zhkuskov,0
mbad0la,0
sirn,0
pereorga,0
ibnesayeed,0
aymericbouzy,0
jasonkb,0
zenozeng,18.18
captbaritone,0
skfd,0
markstos,0
gfviegas,0
realbisoye,0
eximius313,0
frontyard,0
kifcaliph,0.0
forabi,0
timrwood,30.39
ottoliar,0
MylesBorins,0
sigurdga,0
dasa,6.950000000000001
ulmus,0
B0k0,0
mehiel,0
robgallen,0
sedovsek,0
jonbca,0
BYK,0.98
colindean,0
miodragnikac,0
mirontoli,0
suvash,0
skakri,0
amaranthrose,0
bankyadam,0
vimdude,0
sereysethy,0
kruyvanna,0.0
enumag,0
dbkirk4211,0
dmaii,0
darrenjennings,0
PatrickFranz,0
XueWei,0
gzurbach,0
StevenMcD,0
massic80,0
iamstarkov,0
teohhanhui,0
wyantb,0
shabanovd,0
cwohlman,0.54
crisu83,0
erhangundogan,0
gregor-rayman,0
RobinvanderVliet,0
timaschew,0
triqi,0
wackawacka,0
benesch,0
gholadr,0
kenvunz,0
gr2m,0
DamianFekete,0
Kordonme,0
tcarlsen,0
petkaantonov,0
alexstrat,0
ulfryk,0
Xotic750,4.760000000000001
jarosluv,0
bollwyvl,0
behrang,0
bentaber,0
quietmint,0
gdibble,0
spring1975,0
mar-chi-pan,0
rockymeza,1.79
niwinz,0
wulftone,0
cgbeekman,0
mattiasrunge,0
amyrlam,7.89
pelotom,0
bugzpodder,3.35
methodbox,0
crubier,0
rovansteen,0
delaaxe,0
JoviDeCroock,0
mxschmitt,0
deftomat,0.0
elevatebart,0
JBallin,0
jamesgeorge007,1.4000000000000001
Downchuck,0
loryman,0
harrysolovay,5.4
swaminator,0
otaviopace,0
matthewdavidson,0
mikeattara,0.0
bradziolko,0
holloway,0
Pajn,0
eivind88,0
netlify[bot],91.67
mikew,0
alaycock,0
mrchief,0
juanpicado,0
timsnadden,0
samuelcastro,0
kjin,0
stristr,50.0
weswigham,0
NShahri,0
GasimGasimzada,0
AviVahl,0
mAiNiNfEcTiOn,0
lixiaoyan,0
marcofugaro,0
prichodko,0
frankwallis,0
RIP21,0
zx6658,2.48
christemple,0
