author name,percentage
ghost,61.46
VincentLanglet,50.0
twbs-closer,99.63
coveralls,65.79
twbs-rorschach,97.82
hughbe,67.57
jump020305,100.0
twbs-savage,96.0
Stadly,80.0
karolyi,60.0
twbs-lmvtfy,70.52000000000001
bo01ean,100.0
citrusui,100.0
adrien-be,66.67
fk,50.0
zhansnjust,50.0
Serya05,100.0
zzl520,100.0
bodyno,52.239999999999995
gmile,52.94
tadeuzagallo,50.4
shama,70.0
JoahG,50.0
pixelyunicorn,57.14
AliMD,100.0
dgilperez,75.0
holic,76.19
felds,57.14
BenMorel,100.0
marcelaraujo,80.0
marceloverdijk,100.0
andrewdeandrade,93.06
neersighted,49.220000000000006
travisbot,76.39
caiotarifa,57.14
analytically,97.3
garrettlancaster,100.0
dbpolito,67.67999999999999
gudbergur,57.14
petewarden,68.33
simonfranz,100.0
tuler,66.67
StephanHoyer,80.0
orefalo,50.0
marcog83,100.0
facebook-github-bot,69.95
sizebot,88.05
koba04,53.339999999999996
eostb,100.0
pull-bot,83.05
FancyCoder0,55.2
reactjs-bot,86.53999999999999
dijonkitchen,59.74
hnordt,66.67
iansu,57.099999999999994
javache,54.300000000000004
jordanpapaleo,81.67
amberxixi,100.0
ankeetmaini,50.0
tae-jun,83.33
jamonholmgren,81.82000000000001
davidaurelio,56.71000000000001
Yaxian,70.41
sairion,54.55
sercaneraslan,66.67
arkist,84.85000000000001
jw-00000,50.0
yasaricli,82.69999999999999
kulicuu,100.0
jamesgpearce,66.67
pcottle,53.98
googlebot,90.47
yifeif,56.64
gbaned,52.94
NosovDmitry,100.0
alextp,52.959999999999994
mrry,73.58
caisq,67.22
missaugustina,50.23
ymodak,63.65
allenlavoie,68.26
v1incent,66.67
rmlarsen,56.75
tensorflowbutler,82.15
luxupu,71.65
cheshire,76.55999999999999
hawkinsp,67.44
jhseu,70.3
frankchn,87.12
asimshankar,60.56
innovimax,100.0
poxvoculi,58.879999999999995
guptapriya,57.14
pandaoxin,65.63
pglushkov,66.67
lxl910915,80.0
chengmengli06,86.21
kayzhu,70.45
yuxitong,100.0
tatatodd,73.14
yiqianglee,65.28
chunyang-wen,80.0
candyzone,50.0
zhangyaobit,66.22
cuixiaom,57.14
jackonan,80.0
tedlz123,100.0
rohan100jain,85.76
shlens,80.0
zheng-xq,65.67
jonathanwyatt16,67.73
nestle1993,90.0
awan-10,57.14
andydavis1,94.45
brunomorishita,88.89
jpienaar,70.59
concretevitamin,60.39
simpeng,89.29
sb2nov,74.89
seanli9jan,59.150000000000006
benoitsteiner,94.5
dthkao,50.0
zhenyuni,66.67
andrewharp,76.69
tensorflow-jenkins,100.0
si-you,80.0
4d55397500,100.0
darthsuogles,100.0
eigen2017,79.06
anight,52.94
cwhipkey,65.96
mention-bot,95.7
chihuahua,65.48
keveman,71.09
discoveredcheck,56.16
fbsder,100.0
buffxz,80.0
maciekcc,96.17999999999999
Earthson,57.14
peeyush18,66.67
admcrae,60.0
mbrickn,50.0
dumBGuy08,100.0
saxenasaurabh,100.0
liuyipei,57.14
dominic-rossi,57.14
Karel-van-de-Plassche,100.0
jendap,54.22
phiradet,80.0
ysuematsu,80.0
rxwei,85.14
leftnoteasy,69.08999999999999
ilblackdragon,80.62
schmuell,64.58
frankfqchen,80.0
satok16,100.0
zhongying811,51.11
dongjoon-hyun,57.24
jeremybarnes,49.769999999999996
aymericdamien,64.29
alibitek,100.0
peacecwz,100.0
lisapfisterer,100.0
oBusk,100.0
mary-poppins,94.89
ellimist,100.0
lebloism,99.85000000000001
sreeramu,50.0
jurko-gospodnetic,59.45
arashkbanan,100.0
izogain,100.0
timkindberg,57.14
ctaepper,100.0
ColinFletch,94.12
lee-tunnicliffe,100.0
adamweeks,80.0
johnnyghost,50.0
OverZealous,80.0
zsong,66.67
eydreeyawn,55.589999999999996
plentz,51.27
g00fy-,80.65
greglockwood,80.0
ruifortes,100.0
kbudde,100.0
IlanFrumer,100.0
itamarro,80.0
caseyn,100.0
zbabtkis,100.0
sicarrots,80.0
jerzydem,100.0
GabrielDelepine,80.0
chriswjones,100.0
riatiger,100.0
ThomasWeiser,100.0
tbertenshaw,75.0
uglow,100.0
elado,80.0
blaise-io,100.0
mb-dev,100.0
scamden,100.0
swar30,100.0
georgebonnr,100.0
floyd-may,66.67
willmendesneto,84.61999999999999
bertrandgressier,100.0
ts-web,100.0
hrbonz,50.0
dalcib,66.67
malsup,80.0
jorgenfb,66.67
codef0rmer,100.0
joshball,63.970000000000006
red-0ne,80.0
danilsomsikov,49.120000000000005
react-native-bot,89.85
turnrye,75.94
mattyclarkson,80.0
ikesyo,73.78
asowayan,54.379999999999995
alimek,50.0
rghorbani,100.0
bestander,54.730000000000004
eXist-FraGGer,100.0
arnabsen,60.0
samuela,64.29
foghina,49.05
oferRounds,100.0
perrosnk,58.330000000000005
ss18,100.0
stale[bot],94.69
JoelMarcey,63.91
fred2028,52.65
skevy,49.54
janiokq,100.0
lexs,52.33
guptasourabh,57.78
johanforssell,100.0
danielfeelfine,100.0
andreicoman11,83.52000000000001
hollanderbart,80.0
kentaromiura,51.21
dsibiski,61.519999999999996
VojtechBartos,56.16
caabernathy,64.7
lucasferreira,80.0
matryoshcow,78.12
dmmiller,54.17999999999999
avaly,56.25
nicklockwood,59.08
martinbigio,61.3
jemise111,50.0
andybb,81.82000000000001
milend,76.47
magus,57.14
sahin,100.0
mkonicek-tester,75.21
mkonicek-pr-test,100.0
a2,51.690000000000005
lloydho,58.5
jamestpearce,100.0
Za1batsu,76.19
KernelPRBot,99.97
JiangbiaoDeng,100.0
ItzLevvie,100.0
lenovouser,75.0
AntonBoch1244,80.0
parrotgeek1,88.89
ancaemanuel,100.0
wyqwxj,100.0
0xAX,66.67
jsf-clabot,99.87
jquerybot,99.9
wenber,80.0
compnerd,70.16
stephentyrone,63.949999999999996
akyrtzi,61.86000000000001
gottesmm,56.38999999999999
brentdax,64.34
dcci,60.36
swift-ci,83.39999999999999
rintaro,76.57000000000001
xedin,64.14999999999999
dan-zheng,86.72999999999999
aschwaighofer,72.97
slavapestov,74.96000000000001
shahmishal,49.46
drodriguez,52.949999999999996
DougGregor,68.26
bartchr808,91.03
jckarter,67.77
bob-wilson,50.870000000000005
vedantk,61.6
bgogul,89.36
lorentey,63.92
pschuh,94.07
mikeash,85.98
harlanhaskins,65.75
eeckstein,64.61
airspeedswift,62.1
nkcsgexi,80.17
Rostepher,86.42
benlangmuir,64.09
sl,87.79
ravikandhadai,65.71000000000001
rjmccall,63.470000000000006
marcrasi,92.67
davidungar,82.63000000000001
Catfish-Man,68.43
vgorloff,50.0
spevans,53.1
davezarzycki,71.16
atrick,64.98
natecook1000,74.08
burmako,86.82
xymus,91.18
najacque,66.18
ChrisBrough,79.65
weissi,69.78
phausler,72.19
milseman,65.16
tkremenek,65.5
nate-chandler,85.1
nathawes,77.07000000000001
PatrickPijnappel,56.830000000000005
adrian-prantl,68.95
yln,74.1
kubamracek,82.87
moiseev,61.970000000000006
shajrawi,70.55
ddunbar,57.4
alexshap,75.76
bendjones,66.67
itaiferber,68.17999999999999
ebainville,76.19
devincoughlin,68.28999999999999
gwynne,63.470000000000006
BenchR267,72.83
krilnon,80.0
lanza,64.63
AnnaZaks,63.849999999999994
mhong,59.81999999999999
ktopley-apple,68.78999999999999
gparker42,65.03
hyp,57.52
ahoppen,84.55
dabrahams,56.85
zisko,78.66
llvm-beanz,56.36
lancep,77.78
graydon,73.45
rudkx,73.56
alblue,83.14
bcardosolopes,83.77
tbkka,76.03
gregomni,67.51
anemet,74.18
mwwa,83.5
huonw,74.51
SusanDoggie,55.1
jmolloy,82.22
cwakamo,53.900000000000006
lutherjm,82.05
jasonmolenda,62.91
LaurentMazare,80.0
nadavrot,65.79
DexinLi,80.0
lplarson,60.660000000000004
gooichi,54.55
swiftix,69.17999999999999
bitjammer,70.99
yasserdeceukelier,50.0
practicalswift,82.64
ematejska,69.95
fjricci,86.57000000000001
gribozavr,53.16
briancroom,64.71000000000001
jtbandes,50.91
erg,80.39
mxswd,52.33
med69,100.0
scallanan,89.13
Gankro,62.01
cooperp,57.14
tfiala,54.84
kperryua,98.78
egranata,54.71
trentxintong,79.99000000000001
mike-ferris,50.0
jopamer,59.540000000000006
pklebba,50.0
gamabuntan,55.769999999999996
thanegill,66.28
wademauger,100.0
tervay,100.0
radianttap,100.0
meteor-bot,93.34
helfer,100.0
marceloschmidt,50.0
inhji,100.0
soartec-lab,53.55
andyw8,57.14
rails-bot,99.95
sham-sheer,52.94
reitermarkus,64.29
zhouguangming,57.14
feist,100.0
mrgilman,50.0
lvl0nax,72.72999999999999
mrkn,65.59
drcapulet,88.89
pboling,69.23
victorlcampos,100.0
akihiro17,49.7
ronakjangir47,50.78
korny,50.0
BattleBrisket,80.0
jipiboily,50.0
csaura,100.0
pablocrivella,80.0
benprew,100.0
rishijain,49.220000000000006
tumayun,80.0
pywebdesign,100.0
duduribeiro,100.0
zev,100.0
miry,52.94
mpotter,100.0
fukayatsu,53.910000000000004
zolzaya,50.0
compactcode,100.0
mikepmunroe,53.99
bkuo,50.0
isaacsanders,64.19
rapind,100.0
sukeerthiadiga,100.0
kirillrdy,70.30999999999999
cassianomon,65.44
netlify[bot],81.42
memoryjin,100.0
stristr,50.0
