author name,percentage
twbs-closer,99.06
twbs-rorschach,95.7
twbs-savage,95.43
twbs-lmvtfy,80.25999999999999
Serya05,100.0
holic,78.86
andrewdeandrade,91.78
travisbot,84.82
sizebot,75.77000000000001
pull-bot,79.21000000000001
FancyCoder0,84.25
reactjs-bot,85.09
jordanpapaleo,82.66
arkist,86.58
googlebot,88.87
tensorflowbutler,82.54
cheshire,75.33
frankchn,83.39
pglushkov,80.96
chengmengli06,79.31
tedlz123,100.0
rohan100jain,82.5
shlens,82.47
nestle1993,90.0
andydavis1,91.91
brunomorishita,88.89
simpeng,91.3
benoitsteiner,93.06
andrewharp,76.4
tensorflow-jenkins,100.0
mention-bot,94.27
maciekcc,92.75999999999999
rxwei,86.49
mary-poppins,90.47
ColinFletch,97.45
willmendesneto,80.94
react-native-bot,92.7
turnrye,76.66
ikesyo,75.4
perrosnk,79.27
stale[bot],95.02000000000001
matryoshcow,80.56
andybb,77.89
milend,82.35
mkonicek-tester,83.47
Za1batsu,84.26
KernelPRBot,99.72
lenovouser,84.64
parrotgeek1,88.89
jsf-clabot,99.85000000000001
jquerybot,99.86
swift-ci,85.82
rintaro,78.2
dan-zheng,86.85000000000001
aschwaighofer,76.64999999999999
slavapestov,77.5
bartchr808,88.48
bgogul,89.55
pschuh,94.91000000000001
mikeash,85.41
nkcsgexi,84.83000000000001
Rostepher,87.58
sl,90.14
ravikandhadai,77.64
marcrasi,93.61
davidungar,86.6
natecook1000,76.41
burmako,93.22
xymus,92.61
ChrisBrough,79.17
weissi,76.68
phausler,79.9
nate-chandler,84.91
nathawes,85.36
yln,85.11
kubamracek,83.67
shajrawi,76.68
alexshap,75.76
ebainville,84.11
BenchR267,80.82000000000001
krilnon,80.0
ahoppen,86.16
zisko,80.51
lancep,81.0
graydon,76.79
rudkx,76.25
alblue,83.07
tbkka,75.84
anemet,78.25999999999999
mwwa,78.17
huonw,84.72
jmolloy,93.33
lutherjm,98.46000000000001
LaurentMazare,80.0
DexinLi,90.0
swiftix,80.25999999999999
practicalswift,85.03
ematejska,78.12
fjricci,96.21
erg,81.0
scallanan,86.64
kperryua,98.19
trentxintong,83.17999999999999
meteor-bot,93.76
rails-bot,99.92999999999999
reitermarkus,77.84
lvl0nax,84.1
drcapulet,88.89
zev,100.0
netlify[bot],81.51
