author name,percentage
ghost,62.43
VincentLanglet,65.19
twbs-closer,99.06
coveralls,70.57
Yongjin0919,66.28
twbs-rorschach,95.7
hughbe,65.82000000000001
twbs-savage,95.43
karolyi,70.86
twbs-lmvtfy,80.25999999999999
Pvanhesteren,49.94
adrien-be,66.67
adammacias,56.330000000000005
alexventuraio,52.43
Serya05,100.0
phistuck,53.190000000000005
gmile,56.69
shama,76.73
colllin,49.01
pixelyunicorn,70.0
parshap,62.160000000000004
dgilperez,87.5
holic,78.86
felds,57.14
globetrotterdesigns,57.78
apfelbox,49.65
andrewdeandrade,91.78
neersighted,58.209999999999994
travisbot,84.82
jeroenvisser101,61.480000000000004
caiotarifa,57.14
analytically,97.3
jakepetroules,54.65
dbpolito,70.41
gudbergur,57.14
petewarden,68.19
tuler,66.67
orefalo,57.379999999999995
facebook-github-bot,71.24000000000001
sizebot,75.77000000000001
steveluscher,53.269999999999996
koba04,55.900000000000006
pull-bot,79.21000000000001
FancyCoder0,84.25
lanzhiheng,53.239999999999995
anushreesubramani,58.24
xjlim,49.86
deanbrophy,53.14
NicBonetto,54.42
reactjs-bot,85.09
dijonkitchen,58.269999999999996
evilbs,49.559999999999995
hnordt,66.67
fxfactorial,52.76
javache,55.00000000000001
jordanpapaleo,82.66
lamo2k123,52.52
ericelliott,50.660000000000004
dashtinejad,53.690000000000005
ankeetmaini,64.88000000000001
jamonholmgren,73.38
ruiaraujo,51.01
davidaurelio,53.13
sairion,59.3
richardscarrott,51.849999999999994
piscolomo,52.81
sercaneraslan,66.67
benjycui,53.510000000000005
arkist,86.58
dalinaum,49.09
knowbody,56.74
jamesgpearce,66.67
Pouja,53.5
crm416,56.43
benatkin,49.21
pcottle,51.690000000000005
googlebot,88.87
yifeif,58.15
bananabowl,52.410000000000004
gbaned,58.29
pavithrasv,50.32
guizili0,50.480000000000004
mrry,69.84
caisq,68.45
dagamayank,63.959999999999994
missaugustina,59.62
ymodak,71.17
allenlavoie,59.47
v1incent,66.67
ANSHUMAN87,55.04
rmlarsen,60.47
tensorflowbutler,82.54
luxupu,70.41
cheshire,75.33
achowdhery,55.19
gargn,52.16
Srini511,49.84
FlashTek,54.010000000000005
hawkinsp,69.74000000000001
jhseu,70.3
frankchn,83.39
asimshankar,54.1
revan,51.5
pragyaak,52.300000000000004
miaout17,49.25
musikisomorphie,52.65
alsrgv,49.9
poxvoculi,53.269999999999996
guptapriya,57.14
mpjlu,55.059999999999995
pandaoxin,65.12
pglushkov,80.96
sandipmgiri,50.519999999999996
wt-huang,55.69
chengmengli06,79.31
kayzhu,69.3
tatatodd,64.62
2sin18,49.19
yiqianglee,63.83
candyzone,62.31
zhangyaobit,68.76
cuixiaom,57.14
tedlz123,100.0
rohan100jain,82.5
shlens,82.47
MarkPKCollier,50.129999999999995
kingofthebongo2008,60.129999999999995
zheng-xq,61.019999999999996
skambha,56.07
jonathanwyatt16,71.46000000000001
erain,50.839999999999996
nlopezgi,51.92
raghuraman-k,51.76
nestle1993,90.0
awan-10,64.56
andydavis1,91.91
brunomorishita,88.89
jpienaar,69.05
concretevitamin,61.33
smitshilu,51.690000000000005
simpeng,91.3
xldrx,50.78
sb2nov,72.04
seanli9jan,65.52
benoitsteiner,93.06
dthkao,60.209999999999994
ScorpioCPH,60.660000000000004
zhenyuni,66.67
andrewharp,76.4
gweidner,52.53
panyx0718,57.25
dantkz,58.41
tensorflow-jenkins,100.0
decentralion,50.21
jinxin0924,51.41
bowang,53.080000000000005
eigen2017,69.22
anight,52.94
horance-liu,58.03
cloudbank,49.14
cwhipkey,66.53
andrewcmyers,50.28
mention-bot,94.27
chihuahua,62.12
Eric2016Lv,53.080000000000005
keveman,66.44
Mazecreator,73.82
discoveredcheck,66.64
JerrikEph,53.949999999999996
maciekcc,92.75999999999999
Earthson,61.519999999999996
peeyush18,66.67
chris-chris,57.730000000000004
aidan-plenert-macdonald,55.66
admcrae,62.33
mbrickn,57.220000000000006
dsmilkov,49.63
liuyipei,57.14
dominic-rossi,57.14
conqerAtapple,52.04
rxwei,86.49
ilblackdragon,67.97
thjashin,51.77
willdzeng,49.75
schmuell,75.0
haosdent,50.849999999999994
neilhan,49.830000000000005
zhongying811,50.0
mheilman,49.94
dongjoon-hyun,53.73
jeremybarnes,53.71
kambleaa007,51.28
jileeon,57.50999999999999
ZitaNemeckova,66.74
atefBB,51.38
mary-poppins,90.47
packtpartner,49.01
sreeramu,56.24
nicholasserra,49.45
jurko-gospodnetic,61.44
timkindberg,63.54
ColinFletch,97.45
mikaelharsjo,56.04
jesselpalmer,49.29
mhevery,54.94
ilanbiala,50.32
m7r,50.629999999999995
Juanmcuello,50.029999999999994
lord2800,50.94
zsong,66.67
ahmednuaman,54.08
Fresheyeball,51.11
plentz,58.56
g00fy-,83.46000000000001
davidjnelson,51.68000000000001
ashleygwilliams,53.400000000000006
forresst,72.44
kbudde,100.0
arty-name,50.3
TonyCronin,51.72
tbertenshaw,78.97999999999999
jackcviers,51.73
mbenford,58.46
chrisrhoden,49.93
floyd-may,66.67
willmendesneto,80.94
icholy,51.54
agentcooper,62.5
dalcib,66.67
jorgenfb,66.67
Sergey80,55.64
cm325,49.6
ruprict,53.15
dparikh,55.96
kkruit,59.51
react-native-bot,92.7
sasurau4,62.739999999999995
turnrye,76.66
mmmulani,52.059999999999995
migbot,50.739999999999995
JunielKatarn,49.66
ikesyo,75.4
rotemmiz,51.17
asowayan,66.11
bestander,56.769999999999996
miyabi,56.49999999999999
Ashoat,52.28
hfossli,52.559999999999995
kevinresol,52.019999999999996
arnabsen,62.89
samuela,70.14
lucianomlima,55.300000000000004
guperrot,57.4
Nkzn,50.660000000000004
perrosnk,79.27
stale[bot],95.02000000000001
JoelMarcey,62.29
fred2028,60.36
skevy,49.57
wschurman,51.33
gpeal,52.11
guysegal,50.260000000000005
lexs,49.2
guptasourabh,63.160000000000004
cyprusglobe,49.15
mehraan,55.93
prabakarviji,52.769999999999996
andreicoman11,67.97
kentaromiura,58.57
dsibiski,53.86
manicakes,55.06999999999999
VojtechBartos,63.080000000000005
pgom,100.0
caabernathy,60.25
matryoshcow,80.56
koxen,50.980000000000004
tonysherbondy,50.0
jmurzy,66.02
avaly,58.81999999999999
nicklockwood,54.900000000000006
sreesharp,51.18000000000001
DannyvanderJagt,50.39
martinbigio,61.160000000000004
TanTan-TT,49.88
jemise111,59.85
brunobar79,52.16
kevinstumpf,50.080000000000005
manask88,52.03
djhi,51.82
andybb,77.89
milend,82.35
magus,57.14
genki,53.99
qbig,53.2
mkonicek-tester,83.47
lloydho,59.260000000000005
Za1batsu,84.26
KernelPRBot,99.72
lenovouser,84.64
marctmiller,57.269999999999996
parrotgeek1,88.89
0xAX,66.67
jsf-clabot,99.85000000000001
ShashankaNataraj,50.14999999999999
jquerybot,99.86
vitaliyterziev,52.76
zzbo,50.72
tarikbenmerar,51.61
lihanli,49.68
b1lly,54.24
JessThrysoee,49.25
compnerd,73.54
stephentyrone,71.36
akyrtzi,64.18
gottesmm,60.809999999999995
jrose-apple,51.1
brentdax,67.31
dcci,63.4
swift-ci,85.82
rintaro,78.2
xedin,67.53
dan-zheng,86.85000000000001
aschwaighofer,76.64999999999999
slavapestov,77.5
shahmishal,59.27
DougGregor,71.22
bartchr808,88.48
jckarter,70.36
bob-wilson,51.470000000000006
vedantk,66.25
bgogul,89.55
lorentey,69.14
pschuh,94.91000000000001
mikeash,85.41
harlanhaskins,67.75999999999999
eeckstein,69.12
airspeedswift,70.85000000000001
nkcsgexi,84.83000000000001
Rostepher,87.58
benlangmuir,71.47
sl,90.14
ravikandhadai,77.64
rjmccall,67.72
marcrasi,93.61
tattn,53.010000000000005
davidungar,86.6
Catfish-Man,71.27
vgorloff,62.51
CodaFi,52.92
davezarzycki,70.41
atrick,70.75
natecook1000,76.41
burmako,93.22
JDevlieghere,50.660000000000004
xymus,92.61
najacque,68.12
ChrisBrough,79.17
weissi,76.68
phausler,79.9
milseman,68.51
tkremenek,70.95
nate-chandler,84.91
nathawes,85.36
PatrickPijnappel,56.699999999999996
adrian-prantl,71.74000000000001
yln,85.11
kubamracek,83.66
sgugger,49.01
moiseev,67.47
shajrawi,76.68
ddunbar,55.42
alexshap,75.76
sarveshtamba,59.74
bendjones,66.67
itaiferber,69.47
ebainville,84.11
devincoughlin,73.14
parkera,52.21
futurejones,50.14999999999999
gwynne,65.18
BenchR267,80.82000000000001
kevints,65.56
krilnon,80.0
lanza,64.27000000000001
AnnaZaks,70.32000000000001
levivic,54.620000000000005
mhong,60.480000000000004
ktopley-apple,73.26
gparker42,65.47
hyp,64.79
ahoppen,86.16
samding01,59.830000000000005
dabrahams,60.49
zisko,80.51
llvm-beanz,57.809999999999995
lancep,81.0
graydon,76.79
rudkx,76.25
alblue,83.07
bcardosolopes,74.36
Fidetro,61.480000000000004
tbkka,75.84
gregomni,62.56
agnosticdev,51.78
anemet,78.25999999999999
njjiang,54.94
mwwa,78.17
huonw,84.72
SusanDoggie,57.45
jmolloy,93.33
cwakamo,56.38999999999999
lutherjm,98.46000000000001
amartini51,64.24
jasonmolenda,70.41
LaurentMazare,80.0
nadavrot,59.489999999999995
DexinLi,90.0
lplarson,65.31
gooichi,57.21000000000001
swiftix,80.25999999999999
bitjammer,72.47
yasserdeceukelier,63.94
practicalswift,85.03
ematejska,78.12
fjricci,96.21
michael-lehew,59.78
gribozavr,56.42
briancroom,64.39
erg,81.0
mxswd,50.32
colinhowell,52.239999999999995
mtake,51.82
scallanan,86.64
Gankro,69.31
cooperp,64.42999999999999
tfiala,54.13
seabaylea,51.93
kperryua,98.19
egranata,68.82000000000001
trentxintong,83.17999999999999
kstaring,53.03
mike-ferris,56.21000000000001
jopamer,61.49
cwillmor,49.480000000000004
hitstergtd,55.620000000000005
gamabuntan,60.51
meteor-bot,93.76
pravdomil,49.21
antoniopresto,50.660000000000004
marceloschmidt,65.88000000000001
estark37,51.839999999999996
cmather,53.239999999999995
jagill,51.27
jimmack1963,52.14
audreyr,49.88
vishaltelangre,52.53
st0012,52.61
soartec-lab,55.559999999999995
andyw8,64.2
jemminger,52.2
azbshiri,64.66
rails-bot,99.92999999999999
Ana06,49.21
fatkodima,51.28
matildasmeds,49.519999999999996
sham-sheer,76.47
reitermarkus,77.84
tgturner,52.07000000000001
mohitnatoo,52.5
jychen7,51.0
ttanimichi,53.239999999999995
alpaca-tc,50.14999999999999
assain,69.76
ydakuka,63.09
zhouguangming,71.33
EPecherkin,56.330000000000005
yalab,51.57000000000001
Erol,53.39
ixti,53.38
stouset,53.779999999999994
kenta-s,50.29
Le6ow5k1,55.559999999999995
shardulparab97,52.55
Paxa,55.25
jcoleman,50.849999999999994
timrogers,59.13
stomar,50.93
Azzurrio,49.15
mrgilman,66.67999999999999
lvl0nax,84.1
tomkadwill,50.19
danielrhodes,51.370000000000005
chewi,49.9
drcapulet,88.89
amitsuroliya,58.74
rabbitt,52.349999999999994
pboling,73.66
sivagollapalli,56.98
akihiro17,53.49
ronakjangir47,52.790000000000006
magikid,56.089999999999996
sharmaanshul2102,57.379999999999995
teoljungberg,52.019999999999996
piton4eg,68.64
maurogeorge,51.03
dhiachou,51.27
bukue,56.42
dubek,52.7
jipiboily,50.0
bsodmike,54.339999999999996
thiagopradi,52.33
divineforest,51.0
mtparet,49.220000000000006
rishijain,56.84
akshat-sharma,52.949999999999996
masone,49.94
zev,100.0
bitboxer,49.51
khelben,71.43
lukesteensen,50.89
miry,61.89
ehutzelman,50.68
oliveiraethales,49.02
christhekeele,50.019999999999996
aayushkhandelwal11,55.13
etehtsea,49.69
makaroni4,51.1
rajars2576,52.86
fukayatsu,54.169999999999995
julianvargasalvarez,50.39
zolzaya,79.47
cliochris,50.519999999999996
gnufied,52.55
jeroeningen,52.93
bkuo,55.559999999999995
isaacsanders,63.4
nragaz,49.07
kalbasit,56.69
carlosgaldino,60.519999999999996
bradediger,50.0
mgorabbani,50.370000000000005
petrbela,59.809999999999995
cassianomon,73.06
fbonzon,50.51
xkxx,50.43
kyungw00k,50.260000000000005
jasonkb,55.92
zenozeng,52.449999999999996
kruyvanna,50.0
gholadr,53.05
netlify[bot],81.51
stristr,50.0
