percentage,author name
50.18,Johann-S
94.19999999999999,ghost
99.7,twbs-closer
71.5,coveralls
99.82,twbs-rorschach
95.32000000000001,hughbe
97.72999999999999,twbs-savage
50.0,karolyi
57.42,juthilo
50.0,adrien-be
100.0,Serya05
89.23,bodyno
54.55,gmile
50.44,timmywil
66.72,tadeuzagallo
50.0,shama
66.67,dgilperez
70.59,holic
98.42999999999999,andrewdeandrade
78.85,travisbot
96.77,analytically
50.0,dbpolito
89.44,petewarden
66.67,tuler
99.87,facebook-github-bot
95.1,sizebot
50.1,gaearon
92.07,ide
82.27,TheSavior
68.52000000000001,zpao
89.72,koba04
90.98,satya164
98.48,pull-bot
66.78,sahrens
54.31,hramos
89.1,janicduplessis
78.9,ianschmitz
84.36,grabbou
87.49,reactjs-bot
83.89,glasser
50.0,hnordt
92.67999999999999,iansu
91.84,javache
78.61,vjeux
79.25,jordanpapaleo
78.55,Timer
85.89,lacker
72.41,brentvatne
76.1,mkonicek
75.0,jamonholmgren
58.650000000000006,jimfb
81.98,davidaurelio
50.0,sercaneraslan
77.78,arkist
50.0,jamesgpearce
82.24000000000001,Kureev
53.16,pcottle
100.0,googlebot
95.67999999999999,yifeif
82.04,rthadur
87.92999999999999,gbaned
94.67,gunan
87.79,martinwicke
49.26,deven-amd
94.12,alextp
95.43,av8ramit
98.83,mrry
97.26,caisq
66.60000000000001,yongtang
69.76,ymodak
69.26,allenlavoie
100.0,v1incent
97.69,rmlarsen
84.23,girving
68.30000000000001,ebrevdo
91.16,drpngx
97.95,tensorflowbutler
70.41,Dayananda-V
50.0,luxupu
93.67,cheshire
94.57,vrv
78.05,hawkinsp
98.72999999999999,jhseu
98.99,frankchn
85.95,asimshankar
61.59,aselle
49.059999999999995,poxvoculi
75.67,terrytangyuan
71.55,pandaoxin
50.0,pglushkov
81.82000000000001,chengmengli06
66.67,kayzhu
85.11,tatatodd
70.59,yiqianglee
83.04,zhangyaobit
100.0,tedlz123
96.39,rohan100jain
76.92,shlens
86.3,zheng-xq
60.0,jonathanwyatt16
85.71,nestle1993
98.91,andydavis1
85.71,brunomorishita
54.55,jpienaar
79.06,concretevitamin
86.96000000000001,simpeng
61.24000000000001,lukaszkaiser
98.03,sb2nov
57.14,seanli9jan
99.0,benoitsteiner
50.0,dthkao
60.69,vincentvanhoucke
50.0,zhenyuni
94.52000000000001,andrewharp
100.0,tensorflow-jenkins
84.24000000000001,decentralion
70.59,eigen2017
54.55,anight
75.67,cwhipkey
100.0,mention-bot
50.0,chihuahua
66.47999999999999,keveman
55.559999999999995,discoveredcheck
99.78,maciekcc
50.0,peeyush18
50.0,admcrae
50.0,mbrickn
70.44,jendap
97.82,rxwei
84.78999999999999,ilblackdragon
51.849999999999994,schmuell
56.82000000000001,dongjoon-hyun
73.87,IgorMinar
61.99,lgalfaso
99.88,mary-poppins
83.57,matsko
63.85999999999999,btford
49.45,jurko-gospodnetic
92.31,ColinFletch
73.94,mhevery
92.69,chirag04
50.0,zsong
76.92,g00fy-
100.0,kbudde
66.67,tbertenshaw
50.0,floyd-may
77.78,willmendesneto
50.0,dalcib
50.0,jorgenfb
90.55,react-native-bot
67.83,dulmandakh
55.75,turnrye
60.28,frantic
94.59,ikesyo
86.49,bestander
50.0,arnabsen
75.0,samuela
80.41,foghina
99.95,stale[bot]
83.83,JoelMarcey
88.78,skevy
71.15,astreet
74.07000000000001,ericvicenti
74.53999999999999,christopherdro
51.790000000000006,lexs
85.76,andreicoman11
78.14,dsibiski
85.19,caabernathy
74.07000000000001,matryoshcow
86.92,dmmiller
69.62,arthurnn
60.0,avaly
90.96,nicklockwood
79.22,martinbigio
66.67,andybb
75.0,milend
82.45,mkonicek-tester
63.83,a2
70.59,Za1batsu
100.0,KernelPRBot
66.67,lenovouser
85.71,parrotgeek1
50.0,0xAX
99.94,jsf-clabot
99.92,jquerybot
54.65,csnover
96.91,compnerd
88.75999999999999,stephentyrone
96.14,akyrtzi
92.49000000000001,gottesmm
89.51,jrose-apple
74.62,aciidb0mb3r
90.12,brentdax
93.72,dcci
90.84,swift-ci
97.72999999999999,rintaro
85.54,palimondo
91.03999999999999,xedin
98.13,dan-zheng
95.67999999999999,aschwaighofer
95.47,slavapestov
74.56,shahmishal
68.87,drodriguez
95.72,DougGregor
90.82000000000001,bartchr808
96.44,jckarter
90.91,bob-wilson
89.03,vedantk
98.44000000000001,bgogul
95.39999999999999,lorentey
57.98,gmittert
99.27,pschuh
98.66,mikeash
95.19999999999999,harlanhaskins
92.80000000000001,eeckstein
90.89,airspeedswift
96.78,nkcsgexi
96.7,Rostepher
89.14999999999999,benlangmuir
94.28,sl
88.31,ravikandhadai
95.74000000000001,rjmccall
99.65,marcrasi
96.87,davidungar
96.75,Catfish-Man
71.99,CodaFi
57.82000000000001,spevans
94.39999999999999,davezarzycki
95.97,atrick
80.35,xwu
98.22,natecook1000
88.83,burmako
59.419999999999995,theblixguy
57.14,JDevlieghere
98.50999999999999,xymus
90.09,najacque
66.67,ChrisBrough
82.92,weissi
89.86,phausler
96.63000000000001,milseman
92.09,lattner
88.21,tkremenek
95.77,nate-chandler
92.38,nathawes
66.75,PatrickPijnappel
95.99,adrian-prantl
81.10000000000001,yln
95.30999999999999,kubamracek
89.92,moiseev
91.71000000000001,shajrawi
78.39,ddunbar
86.96000000000001,alexshap
74.28,millenomi
71.43,bendjones
90.18,itaiferber
70.59,ebainville
91.36999999999999,devincoughlin
83.25,parkera
56.00000000000001,gwynne
67.86,BenchR267
75.0,krilnon
76.25999999999999,lanza
80.13,AnnaZaks
91.31,mhong
87.45,ktopley-apple
92.06,gparker42
63.4,hyp
97.35000000000001,ahoppen
93.24,dabrahams
96.05,zisko
63.21,llvm-beanz
98.61999999999999,lancep
96.8,graydon
95.46,rudkx
94.83,alblue
80.95,bcardosolopes
81.82000000000001,tbkka
90.52,gregomni
85.08,anemet
93.39,mwwa
89.53999999999999,huonw
50.0,SusanDoggie
79.31,jmolloy
59.85,cwakamo
80.5,lutherjm
50.0,jasonmolenda
75.0,LaurentMazare
75.49,modocache
84.03,nadavrot
70.0,DexinLi
94.28,lplarson
88.34,swiftix
96.77,bitjammer
98.63,practicalswift
89.74,ematejska
85.85000000000001,fjricci
94.54,gribozavr
89.96,briancroom
86.81,jtbandes
95.0,erg
72.88,mxswd
91.67,scallanan
83.47,Gankro
56.10000000000001,tfiala
98.63,kperryua
95.06,trentxintong
87.79,jopamer
66.67,cwillmor
60.18,gamabuntan
100.0,meteor-bot
70.85000000000001,tmeasday
69.07,kamipo
70.21,y-yagi
56.10000000000001,kaspth
51.89,schneems
58.58,st0012
67.36999999999999,pixeltrix
99.98,rails-bot
57.14,sham-sheer
75.0,reitermarkus
62.94,carlosantoniodasilva
50.74999999999999,akshay-vishnoi
76.64,maclover7
64.8,senny
50.78,seuros
66.67,lvl0nax
80.0,drcapulet
59.75,amitsuroliya
53.879999999999995,pftg
60.0,pboling
64.08,ronakjangir47
55.279999999999994,icambron
100.0,zev
49.18,lexmag
89.13,isaacsanders
60.709999999999994,ichernev
60.0,cassianomon
91.67,netlify[bot]
50.0,stristr
