author,percentage
author,0
MartijnCuppens,0.2333
mort3za,0
XhmikosR,0.223
ysds,0.1953
patrickhlauke,0.2751
Johann-S,0.2193
shaneparsons,0.1769
wodiwudi,0
aditya1906,0.1678
ashfahan,0.1039
morrissey-ingenious,0
forghan89,0
mdo,0.25
Jakobud,0
alecpl,0.1913
GeoSot,0
tomsommer,0
e3duardo,0
coliff,0.2058
tmorehouse,0.2298
bittner,0
Katherraptor,0
Lausselloic,0.1884
dvmuccillo,0.1226
bershanskiy,0
penguindustin,0
jhechtf,0.2572
ahtee,0
MicroDroid,0
bardiharborow,0.2704
peterblazejewicz,0.1581
wojtask9,0.1741
SilverFire,0
tojimjiang,0
vanillajonathan,0.2419
chrisbo,0
ok00577,0
ilcomp,0
Herst,0.2094
ray73864,0
thecodingdude,0.171
voltaek,0
seanfahey,0
jahanzaibsuleman07,0
duyank,0
dahfazz,0
markcarver,0.1438
laserlemon,0
marcelo321,0
hzoo,0.2106
jwilson8767,0
ghiscoding,0
johnsonisjiang,0
JLammeer,0
jnsdrtlf,0
jackmu95,0.1794
sts-ryan-holton,0.1936
adamwathan,0
dangowans,0
wolfy1339,0.2653
myspivey,0
KayakinKoder,0
BhaveshSGupta,0
ghost,0.3917
jt143,0
wenzhixin,0
vochicong,0
danijelGombac,0.2344
shaedrich,0.2083
Moses613,0
IAmHopp,0
s-pace,0.133
Ruffio,0.087
mattez,0.1341
ovpv,0
monkeywithacupcake,0
supergibbs,0.1801
phvt,0
iiegor,0
mvastola,0.1857
gijsbotje,0.2343
rafalp,0.1795
iamandrewluca,0.1599
gijsroge,0
florianlacreuse,0
muradsofiyev,0
imsantosrodrigo,0
ThatOdieGuy,0
royklutman,0.1277
vsn4ik,0.3071
m5o,0.1931
boiledfroginthewell,0
xinbenlv,0
unaheidi,0
VincentLanglet,0
browner12,0.1858
nikiyasimpson,0
createdwithlove,0
MatheusRV,0
glebm,0.1872
rolandasb,0
perrin4869,0.1466
ocarreterom,0
tkrotoff,0.1795
galczo5,0.132
vahurh,0
sergchernata,0.1892
arvind0598,0
IvanKalinin,0
spencer1573,0
andresgalante,0.2628
ossdev07,0
helmutgranda,0
alekitto,0.1638
rbonomo,0
myorangeca,0.1197
aceofspades,0
midzer,0.1103
zalog,0.2201
xvxv130,0
bsqarni,0
amos-whitewolf,0
RaneMstSage,0
k-utsumi,0
YUYUEy,0
johanlef,0
brunoroger,0
aTable,0.1371
fedorovvldmr,0
Flinsch,0
svetoslavatanasov,0
rjoly,0
Vincent-Hoo,0
namiltd,0
twbs-closer,4.5626
viktorsmari,0
madflow,0
connor-wilson-dev,0
rowantran,0
shanehoban,0
lgdean,0
jeffposnick,0
panreach,0
carltongibson,0
rmirre,0
vepanimas,0
isychev,0
andriksantos,0
jing-c,0
jarstelfox,0
bensamin,0
simPod,0.199
Artistan,0
thgh,0
hrvojegolcic,0.1674
jvitela,0
ItaloBC,0
MikeyBeLike,0.2003
stof,0.177
mohamedragaey,14.5
Aeon,0
DJafari,0
tiesont,0.1576
howardcox,0
jquense,0
Paladinium,0
loganfsmyth,0
xqMr,0
Vimal-Raghubir,0.5423
andrewpucci,0
coveralls,0
JamesVanWaza,0
ItsPugle,0
moogacs,0
sanchez2210,0
parammittal16,0.1869
domq,0
dankreiger,0
ConstantinRoss,0
jrchamp,0.152
ngyikp,0
jakubhonisek,0
tangchau,0
blackc03r,0
razh,0.191
travisdahl,0
DavidDeSloovere,0
agriffis,0
Varunram,0.2006
sunpietro,0
Swardu,0
NYPD,0
xcartmods,0
client9,0
arechsteiner,0
jleider,0
jpickwell,0
ryancastle,0
morgs32,0
iPazooki,0
afuno,0.1565
6temes,0
adsingh14,0
ptrkcsk,0
swrobel,0
martinbean,0.1596
ethanbeyer,0
bakedbird,0
aledbrown,0
franktopel,0
kevinruscoe,0.1106
alexqhj,0
robbieaverill,0
ben29,0
mixinix,0
zwagoth,0
bastienmoulia,0.1618
weberlance,0
caiquecastro,0
akolinski,0
josmaissan,0.1201
peterpeterparker,0
bkdotcom,0.1495
peteretelej,0
MikeRogers0,0.1877
brianteeman,0.1855
hdwebpros,0
pgiraud,0
cmckni3,0
mackelito,0
mbardelmeijer,0
guledali,0
rvanlaak,0
TechQuery,0
SharkyKZ,0
tulujun,0
sesemaya,0
lonelydawn,0
dercodercom,0
denisx,0
pat270,0.1916
MaPePeR,0
msamricth,0
sandydoo,0
slavanga,0.1765
bryik,0
melih,0
719media,0.4189
HugoGiraudel,0
ffoodd,0.1406
pascalduez,0
straube,0
tigermarques,0
nafg,0
coorasse,0
niftylettuce,0.2449
jnizet,0
lguima,0
gjp3384,0
LMOkino,0
BubbaSheen,0
raajtram,0
madaello,0
marcysutton,0
karengrigoryan,0
eugen0188,0
hiddewie,0.1341
tammersaleh,0
JCA122204,0
jdorfman,0.1678
FezVrasta,0.2243
mrlife,0
kamlekar,0
giordanovi,0
mareksuscak,0
shtse8,0
pierreneter,0
cahbb,0
ludovicofischer,0
fulldecent,0
lipis,0.19
imranrds,0
tomagladiator,0
zjk-00,0
kukac7,0
pribilinskiy,0
krzysztof-grzybek,0
danhenriquesc,0
rjgamer,0
meeque,0
jonnysp,0
razvan-malos,0
flachware,0
sekmo,0
lmuzquiz,0
los93sol,0
pfx2,0
sibiraj-s,0
XavRsl,0
gloaec,0
dkozickis,0
joshwand,0
lucasklaassen,0
vannitotaro,0
pamtbaau,0
sunyang713,0
sabrown84,0
abdussami-tayyab,0
morrow95,0
PiDelport,0
nextgenthemes,0.2193
brunnopleffken,0
printercu,0.2153
MattJLeach,0
long-lazuli,0
gfdesign,0
aavmurphy,0.1606
shivam8262,0
AdrianKuriata,0
Kopyov,0
gylaz,0.1781
bennyn,0
Yongjin0919,0
rmacklin,0
Delagen,0.1884
simevidas,0
liquidvisual,0
tomscholz,0.125
Superpencil,0.1348
michael-letcher,0
skmedix,0
anve,0
taufek,0
romanlex,0
lukefrake,0
aarongarciah,0
prateekgoel,0.2048
Dygear,0
ThomasBerends,0
afholderman,0
jimmymain,0.1642
david-singh,0
TimVevida,0
NiMeDia,0
marcoscv-work,0.0625
spjpgrd,0
jengel3,0
sagudev,0
samdbeckham,0
psimyn,0
semperfi33,0
simonferry,0
Bobeta,0
bitsapien,0
jeffbowen,0
arizzitano,0
mik-laj,0
ad-m,0
chrispatterson,0
NielsHolt,0.1954
MiikaL,0
BnitoBzh,0
richaus,0
Fouzyyyy,0
meteorlxy,0
fdabek1,0
killswitch-GUI,0
PascaleBeier,0
mattcheah,0
hebbet,0.1136
chrisfp,0
ramiy,0
vladimirmartsul,0
planetoftheweb,0
weilinzung,0.2451
LeaTark,0
harishgadiya,0.2442
iwinux,0
KristofMorva,0
joneff,0
thejimbirch,0
davidbailey00,0
mabar,0.1754
mtawil,0.1149
johnnyshields,0.1582
twbs-rorschach,2.0485
jipexu,0.1368
wrakky,0.1459
tkuther,0
dushkostanoeski,0
dgrammatiko,0
landsman,0
connorshea,0
thehitechpanky,0.1352
Sebazzz,0
corbinu,0.1776
ergo,0
LifeIsStrange,0
AlekseyKorzun,0
thorsten,0
nikosgram,0
amarkoulavkar,0
Akira0705,0
Kocal,0
andreolaya,0
Razatastic,0
3kynox,0
DarkGhostHunter,0
bangzek,0.1059
jerguslejko,0
rowdyrabouw,0
auvipy,0
sneakycrow,0
chyvak1831,0
dfosco,0
Arseur,0
dRagonsRage,0
alexdreptu,0
igghera,0
cto1,0
cba85,0
ernitishkumar,0
matthew-inamdar,0
cvrebert,0.2252
christopherdarling,0
mgwoolf,0
jloosli,0
UlisesCabrera,0
dw-roth,0
blikblum,0
curtsheller,0
nesk,0
alex-page,0
lednhatkhanh,0
PhillipMwaniki,0
kanhaic,0
ph1p,0
kvz,0
michaelsnook,0
xpose2000,0
benmann,0
smilingpeanut,0
JulianLiederer,0
robertpetras,0
chiraggmodi,0.195
bentrm,0
gauntface,0
lowegreg,0
danjford,0
passcod,0
omolewastephen,0
acidghost,0
JasonEtco,0
coolcat-creations,0.145
ahmadawais,0.2059
StevenBlack,0.2025
clarkwinkelmann,0
sideshowbarker,0
jalkoby,0
jankdc,0
hammy2899,0
kartikluke,0
dfinucane,0
ddevault,0.171
notio,0
soullivaneuh,0
braginteractive,0
philipchristopher,0
AvverbioPronome,0
sazmer,0
roura356a,0
devedse,0
mstone6769,0
tom-sherman,0
huang-x-h,0
istratos,0
sepiariver,0
andrerom,0
hirenbhut93,0
CVarisco,0.1333
darkguy2008,0
C-Lodder,0
aicouto,0
tarkhov,0
claudioalmeiida,0
pierre-hilt,0
odahcam,0.1604
GuillaumeWrobel,0
abrambailey,0
eliashdezr,0
smalpierre,0
yasinkocak,0
lorvent,0
Mu9tafa-Online,0
catchMouse,0
craigpotter,0
scottpetrovic,0
IdanCo,0.1919
petetnt,0.1315
addyosmani,0
prograhammer,0
sayzlim,0
artyomtrityak,0
mkamensky,0
Thomas--S,0
bbmatt,0.2117
IamManchanda,0.1526
roooodcastro,0
wilsonge,0
gseregni,0.1693
misterdai,0
andersmoldin,0
duggum,0
gthomas-appfolio,0.1219
rcroeder,0
sanspace,0
akhyarrh,0
dinatih,0
CDAGaming,0.1843
jasonstockman,0
maxiloc,0
eri-trabiccolo,0
pixelastic,0.1367
sandrosc,0
md5,0.1004
heikojansen,0
acshef,0
silverbackdan,0
hughbe,0
MikhailRoot,0
edanbarak,0
shankariyerr,0
arnauddrain,0
weeco,0
Jethu1,0
QwertyZW,0
marcsoler,0
bogdaniel,0
LarryAzevedo,0
BrokenCrust,0
acasar,0
ncoden,0
Vercadium,0
mbabker,0
Florian-R,0
shaolinwei,0
oktalk,0.1658
Starsam80,0.2028
anniepank,0
zachleat,0
AdrianHL,0
JoyceBabu,0.1568
tillkruss,0
valleyspirit,0
cr101,0.1536
seba1342,0
stephenbe,0
ajacksified,0.1049
samsch,0
petrpacas,0
mselerin,0
ccalvarez,0
chrisalexander55,0
pkozlowski-opensource,0
Francismori7,0.1246
AlessandroVecchi,0
trackleft,0
gareth,0
wuxue12,0
Deilv,0.1823
pvdlg,0.2389
payphonle,0
friedow,0
Ponant,0
floscher,0
jeroendesloovere,0
nickjazz,0
LKaemmerling,0
NicoLB,0
rexcfnghk,0
alphatrust-dev,0
beausmith,0
lemuelbarango,0
jimlevett,0
joseph-allen,0
restonexyz,0
Shakir-Ullah,0
JacobLett,0
realappie,0
rromanchuk,0
stefan505,0
dkrutsko,0
rogerlos,0
futpib,0
hanakin,0
silverwind,0
moso,0
michhhh,0.1367
RomainLanz,0
daviian,0
olivergregorius,0
sebastianbrosch,0
Sorgrum,0
Castria,0
bluecaret,0
coder4life,0
bardiarastin,0
tonifisler,0
sethjeffery,0
jonnitto,0
nimmolo,0
martingara,0
tagliala,0.1247
guylepage3,0.1042
ryanburnett,0
joppuyo,0
spongessuck,0.1619
purple-penguin7,0
panva,0
matejlednar,0
mikebronner,0
lucasdavidferrero,0
hultberg,0
rtack,0
marcusmolchany,0
Quy,0.1847
rluba,0
zcrwind,0
gabrielkoerich,0
PlugIN73,0
jakeNiemiec,0
bsbak,0
Turqueso,0
selfagency,0
hernimen,0
ReSpawN,0
emmanueltouzery,0
bgentry,0
mixalbl4-127,0
sergiopantoja,0
MarioSiAko,0
feinstein,0
hjondi,0
szastupov,0
judetucker,0.1239
alex88,0
willyboy,0
giulianovelli,0.1771
LauLogisch,0
n054,0
jump020305,0
Haroenv,0
jasonbaudendistel789,0
hnrch02,0.1955
aceyoung9,0
Studio384,0
tomlutzenberger,0.2154
maimairel,0
Yahasana,0.1844
daminufe,0
visualfanatic,0
nathanielks,0
jamieorc,0
gnu-user,0
constb,0
Lemmmy,0
fernandobandeira,0
acdha,0
pattonwebz,0
xcambar,0
nateless,0
GodLesZ,0
shehi,0
klimashkin,0
GrimLink,0
eatonphil,0
n0nick,0
bantic,0
joe-watkins,0
markzolotoy,0
einfallstoll,0
kendaleiv,0
Igcorreia,0
gdevany,0
bananatranada,0
Restuta,0
entozoon,0
FMCorz,0
Mutegeki,0
arthur801031,0
flying-sheep,0
yordis,0
ashensis,0
jakemitchellxyz,0
ETNOL,0
asher-dev,0
RobRuana,0
Mevrael,0.1432
TheBuzzer67,0
j0an,0
lukasbesch,0
mengmeng880610,0
x09326,0
pixelbandito,0.1587
alanmoo,0
jonathanhefner,0
twbs-savage,1.7371
JPeer264,0
fgilio,0
andyl,0
saviomd,0
leonardosalles,0
sharkness,0
maximebeaudoin,0
kris-ellery,0
sethwhitaker,0
cdelarbre,0
AlexanderYW,0
Bamieh,0
Stadly,0
jilvin,0
PeterDaveHello,0
simon04,0
kjdion84,0
bradly,0
dherges,0
mvdriel,0
indymx,0.1664
vinpac,0
zdroid,0.2813
karolyi,0.1542
intellix,1.5685
peebeebee,0
andyexeter,0
VarelloThemes,0
TheSharpieOne,0
danawoodman,0
Kovah,0.1721
schoenburg,0.1792
J2TEAM,0
nbraud,0
danopz,0
outdooricon,0
TiGR,0
waltonryan,0
tjkohli,0.1785
JonathanWolfe,0
zosdev,0
milkboss,0
StefanoBiancardo,0
nanocom,0
richterdennis,0
dmiko,0
ademaro,0
maxbeatty,0.2356
dciccale,0
cortopy,0
tnga,0
iamravenous,0
ntwb,0.1603
os1r1s110,0.1761
jorrit,0
cervengoc,0
bpierson,0
Martii,0.1518
ismnoiet,0
thatguyyoulove,0
artemgurzhii,0
ahtik,0
kaelig,0
ahmedelgabri,0
sitefinitydcx,0
diegobfernandez,0
HallofFamer,0
sleewoo,0
TomFoyster,0
nanuclickity,0
neilhem,0.1518
Borderliner,0
mr-july,0
emmalovgren,0
bm2u,0
vszakats,0
Mathdrquinn,0
Krrish123,0
satcon,0
scop,0
neochief,0
ZiperRom1,0
aalaap,0
shockry,0
dmethvin,0.1612
calvinf,0
twbs-lmvtfy,2.2473
Snowbell92,0
leggomuhgreggo,0
RehanSaeed,0
nhydock,0
alexuson,0
jeradrutnam,0.1572
simon-paris,0
zhouqiyuan,0
FranDias,0
ExFlo,0
takuhii,0
Hightrack,0
kvlsrg,0
sergey-dev,0
danimalweb,0.1568
gkatsanos,0
gitaeks,0
henryw4k,0
wizpig64,0
Molkobain,0
dereckson,0
sendilkumarn,0
leetskills,0
bo01ean,0
malkomich,0
ASHFAQPATWARI,0
chroda,0
aloneshun,0
chicheng,0
franz-josef-kaiser,0
sixteenstudio,0
kkugot,0
juthilo,0.3519
eddyerburgh,0
RyanZim,0
olivierlemasle,0
DaSchTour,0.1146
alcalyn,0
tordans,0
PauloFrancaLacerda,0
lamby,0
vlki,0
manoharank,0
christopherjbaker,0
MatthewRayfield,0
ntkme,0
citrusui,0
dustinlapierre,0
Drakenhart,0
eddywashere,0
teoucsb82,0
gregsheremeta,0
kntmrkm,0
natalan,0
marktopper,0
mrmlnc,0
chief10,0
cristiancota,0
DediData,0
danieldram,0
craigmichaelmartin,0
braska,0
tracker1,0
florisverburg,0.2091
saturdaywalkers,0
Pvanhesteren,0.4188
zakrid,0
bellwood,0
goetsu,0
andreiduca,0
majornista,0.1796
ZoeBijl,0
sqal,0
abstractic,0
kevinkucharczyk,0
digitaltsai,0
deviprsd,0.1524
cfleschhut,0
justrossthings,0
imsky,0.2684
donphelps,0
pdohmen91,0
adrien-be,0.125
awinny,0
PejmanNik,0
OmarIthawi,0
alberto,0.125
StephenHogsten,0
dtaniwaki,0
jrtnq514,0
maugusto-cit,0
AndreLZGava,0
adammacias,0.1067
fabdouglas,0.1474
simonewebdesign,0
jpike88,0
afeld,0
karlhorky,0
timalbert,0
andresgutgon,0
redpencil,0
maxvoltar,0
yask123,0
elixirgraphics,0
bogdansoare,0
stevedesmond-ca,0
robertandrews,0
jwkicklighter,0
athahersirnaik,0
fk,0
jitendravyas,0
danger89,0
rubengommers,0
dbbk,0
DoronBrayer,0
vmihokovic,0
Tklaversma,0
ArmorDarks,0
grvsooryen,0
mishra-ankit,0
kkirsche,0.2692
jamesharvard,0
bottleofwater,0
DaBs,0
jonathantneal,0
sergej2705,0.1036
davidjb,0.1334
rosskevin,0
danmartin,0
geskill,0
Metrakit,0
simeon,0
mkroeders,0
vlastikcz,0
alexventuraio,0
RobertDeRose,0
m1nd53t,0
Mr-Chilly,0
stafast,0
yellow1912,0
gurisko,0
timfish,0
russbeye,0
CoolGoose,0
marvinmarnold,0
splendido,0.1799
SamHH,0
kuboon,0
bassjobsen,0.1919
georgevreilly,0
dalabarge,0
jamespegg,0
afwd,0
ollym,0.1795
oliverviljamaa,0
marcobiedermann,0
QWp6t,0
Jelkster,0
vicary,0.244
maxxyme,0
lachlanjc,0.1242
JulianNorton,0
preaction,0
jamarparris,0
Softmaker-Ltd,0
Caster,0
johnwheeler,0
stephaniepurvis,0
AndersSahlin,0
hoppy-kamper,0
EspadaV8,0.0769
meulta,0
vejersele,0
AStoker,0
phmasek,0.1875
joshreed,0
JulienMelissas,0
iatek,0.1788
zacechola,0.1968
tshinnic,0.1573
defsdoor,0
FremyCompany,0.109
oleersoy,0
michaseel,0
sgb-io,0
displague,0
akalata,0
wnr,0.2358
davidknezic,0
jontewks,0
riichard,0
shayne2017,0
KOWLOR,0
shirohana,0.1406
mendozagioo,0
celluj34,0
McGiogen,0
racheldomingo,0
JuanitoFatas,0
luistelmocosta,0
risan,0
zqw,0
chrisbell08,0
markau,0.2156
marciovicente,0
gustavofulton,0
bhamodi,0.0986
JD-Robbs,0
Izopi4a,0
AntonTrollback,0
arg,0
ThorinDev,0
LKay,0
januszm,0
wolfika,0
cameronroe,0
janhocevar,0
vorg,0
rkhmelichek,0
croaky,0
takeradi,0
zenorocha,0.4029
chris-barry,0
jehhynes,0
redbmk,0.1608
gregblass,0
markbao,0
abibell,0.1831
zimme,0.1453
matt-hernandez,0.1398
bokorir,0
MrOutput,0
jeanmartin,0
sagarrayudu,0
haBuu,0
fat,0.3199
bekliev,0
bcullman,0.1423
maniqui,0.191
thomas-mcdonald,0.1602
meetbryce,0
jfarthing84,0
Zearin,0
hkdobrev,0.1742
gfpacheco,0.1333
ocean90,0
retlehs,0.1524
chriscarr,0
kalenjohnson,0
mrchimp,0
kafeltz,0
t1st3,0
austinpray,0
ansonkao,0
julionc,0
robfrawley,0
antoinejaunard,0
efender,0.0865
anorborg,0
licatajustin,0
ianhernandez,0
cyrildc,0
ultron1980,0
niutech,0
bulk8752,0
endrep0,0
azadcreative,0
poulphunter,0
abitdodgy,0
krnlde,0.1284
mischah,0
chriseppstein,0
tomByrer,0.1708
dmbaughman,0.0909
helielson,0
omeid,0
viktor-yakubiv,0
jdanyow,0
brnrdog,0.0948
pedrofelipe,0
YaroslavShapoval,0
thekondrashov,0.1187
cornedor,0
udaykadaboina,0
azmenak,0
ryannealmes,0
ADmad,0
anshulguleria,0
adamschwartz,0
pqt,0
jamiebuilds,1.3333
stevie-mayhew,0
paulirish,0
m-meier,0
anthonyvalera,0
chrisrowe,0
zachgibb,0
rafaelstz,0
jplehmann,0
MohammadYounes,0.1998
zhansnjust,0
cskilbeck,0
aDarkling,0
evilebottnawi,0
mickeyjayblest,0
mtj8033,0
wersimmon,0
sanusart,0.1463
jonathanp,0
jared-christensen,0
Shipow,0
jmeiss,0
karliky,0
tzi,0
jdmagic21,0
sbouaked,0
epantera,0
jimaek,0
ChristopherDosin,0
jumichot,0
maximeprades,0
GiantCowFilms,0
sleicester,0
redox,0
mrblackus,0
theofidry,0
ZeBigDuck,0
fsmingji,0
brettle,0
dandv,0.0931
rclai,0
bbars,0
Serya05,1.0
markbernard,0
JHGitty,0
eddiegroves,0
Henni,0.125
cr2a-graphique,0
josephfusco,0.0849
ruiramos,0
jlbooker,0
KaduAmaral,0
phistuck,0.2436
dsusco,0.1618
EHLOVader,0.1345
claar,0
Garbee,0
NogsMPLS,0.1311
fifth5,0
archit,0
Eonasdan,0
stgeorge,0
apechimp,0
alber70g,0
redysanin,0
clarkdemvher,0.3283
ChameleonRed,0
zzl520,0
dourvaris,0
gr-nam,0
yatil,0
dbkaplun,0
ShadowedMists,0
giggio,0
mortonfox,0
WonSong,0
miketaylr,0
magsout,0
SkorX,0
secorrales,0
PixnBits,0
cecchi,0
nunoarruda,0
rlindner81,0
inopinatus,0
freddyboucher,0
bryanbraun,0
thomasphorton,0.1678
leftclickben,0
HEdingfield,0
scottdorman,0
kminek,0
godban,0
pine3ree,0
zhujun6538,0
marcusds,0.1875
tarebyte,0
AndreiTelteu,0.1966
copperdesign,0
JoshData,0
mark47,0
mdgeek,0
fake-name,0
alexw23,0.2009
yuan3y,0
mtscout6,0
James1x0,0
mcsheffrey,0
maxogden,0
lookbadgers,0
fchiumeo,0.0986
rands0n,0
jarthod,0.25
Intrepidd,0.1357
coladict,0
kekers,0
maximandrews,0.0942
royopa,0
lookfirst,0.2236
guybedford,1.4
jczerwinski,0
steph643,0
lukeman,0
jeremyml,0
egoroof,0
max-b,0
FrenchHipster,0
nvnvenki,0.3134
afinne,0
molly,0
R4c00n,0
soyelmnd,0
damaroja,0
justincron,0
slaneyrw,0
TishoTM,0.1194
au-phiware,0.1448
listrophy,0
ssokolow,0
allspain,0
Nikita240,0.1818
jcalijurio,0
stanleyxu2005,0
alexch,0
stevefaulkner,0
ijcheung,0
Seb33300,0
trask,0
smisch,0
mgibas,0
julzmon,0
boogerlad,0
Xegyn,0
realtebo,0
ericmartel,0.2241
IDisposable,0.1555
mustangsilverfox,0
rasca,0
Delightend,0
JelteF,0.154
philwareham,0
ibc,0
jesusprubio,0.1532
ohana54,0
nsteenbeek,0.1538
KevinJannis,0
tnguyen14,0
neoeno,0.1361
dancourse,0
kentongray,0
stramel,0
rcartwright,0
BBosman,0.2142
hidegh,0
timnicholson,0
MarkMurphy,0.1619
corymcdonald,0
fiznool,0
barneycarroll,0.1335
wilsaj,0
just-boris,0.1441
gharlan,0
Sadrak,0
Darkseal,0
pongstr,0
BytewaveMLP,0
elstgav,0
hillai,0.157
Ninos,0
cruvitaDev,0
fassetar,0
thcipriani,0.1823
ricardopolo,0.2735
melimanrique,0
martin-g,0
Khrysller,0
liunewshine,0
mbrodala,0
P3trovichUA,0
caljp13,0
Yahkob,0
j3l11234,0.1951
dessalines,0
carasmo,0.1439
eduardmartinez,0
DiegoLopesLima,0
ankurkaushal,0
JaredCowan,0
nakupanda,0
gerardkcohen,0.1452
ianw,0
watkinshughes,0
JackEllis,0
tangrammer,0
PetersonLian,0
orlandoaleman,0
interactivellama,0
shesek,0
emmanuelgautier,0
jayanthkoushik,0
bodyno,1.6986
karlgroves,0
iamphill,0.2238
georgesebastian,0
ollietb,0
dbrin,0
JasperHorn,0
jonschlinkert,0.1808
puzrin,0
stubbornella,0
gpleiss,0
jaskorpe,0
ktmud,0
MatrixZ,0
alademann,0
ankurp,0.1767
parkr,0.1214
alexnb98,0
yuku,0
FagnerMartinsBrack,0.2057
Jim-Horn,0
blankmaker,0
nicole,0
elvirb,0
AlexJeng,0
LubomirGeorgiev,0.1158
alesdotio,0
orige,0
codylerum,0
kevinparkerson,0
jesperkc,0
jaxgeller,0
W4RH4WK,0
X-Coder,0
mateuszjarzewski,0
zedd45,0
toytonic,0
iSimonWeb,0
silvenon,0
thr3-arendt,0
zkwentz,0
ghusse,0.1416
j-r-t,0
Willem-Siebe,0
amrdraz,0
mauricioborges,0
seven-phases-max,0
ohryan,0
ShaunR,0.1098
electricessence,0
jholl,0
Kronuz,0
budnik,0
ryenus,0
sgonyea,0.1727
creative3d,0
bclinkinbeard,0
spacepluk,0
gmile,0
KyleMit,0
programcsharp,0
andreychev,0
prateem,0
charlesbjohnson,0.1163
joepjoosten,0
frewsxcv,0
RavenHursT,0
ashanbrown,0
rymohr,0
timmywil,0.177
thomaswelton,0.2174
jjxtra,0
apexskier,0.1668
cfxd,0.1804
ilikeprograms,0
afanasy,0
futurechan,0
mpnkhan,0.1823
kkaysullivan,0
craiglondon,0
koolhuman,0
finndev,0
loic,0.1854
BertrandBordage,0
Rabbit021,0
kapooostin,0
jshawl,0
rufo,0
ByScripts,0
AndreiRailean,0
diegorodriguesvieira,0
theptrk,0
tonyganch,0
tristanlins,0
elizoller,0
ssorallen,0.2345
ickbinhier,0
cdutson,0
jsdf,0.1301
joeynguyen,0
boivie,0
yctay,0
troytc,0.1639
Tjoosten,0
Estigy,0
erwanjegouzo,0.1431
dkrnl,0
tamarazuk,0.2406
fletch3555,0
vpukhanov,0.1351
bzumhagen,0
peterjwest,0
cheesypoof,0
anotherlizwong,0
sebnuss,0
Arkni,0
HybridSolutions,0
mikegreiling,0
40818419,0
Butter1484,0
agusl88,0
ItsJonQ,0.1713
jmcbee,0
alexpts,0
robertdodd,0
choffmeister,0
juriejan,0
ericberens,0
bassettsj,0.1455
Harris-Miller,0.2024
drewcovi,0
kordero,0
tivvit,0
DiegoSalazar,0
gastlich,0
JasonAllenCorns,0.125
rulatir,0
JelmerD,0
mrobinet,0
AndersDJohnson,0
MousaAlqarni,0
tadeuzagallo,0
krainboltgreene,0
gabskoro,0
kperwel,0
danielhusar,0
gpakosz,0
mattnish,0
Dakuan,0
bozdoz,0.0995
nickcolley,0.1572
jsloyer,0
sejr,0
saas786,0.2362
dschenk,0
shirou,0
fltiago,0
ludo237,0
angus-c,0
Jakobovski,0
mrzzcn,0
thebigredgeek,0
lukehorvat,0
reywood,0
Inventitech,0
chi-lee,0
killthekitten,0.1836
t3chnoboy,0
roccomuso,0
amitkeret,0
elkangaroo,0
zomp,0
DavidBruant,0
miksh7,0
AshleyDawson,0
jjstreet,0
francis-liberty,0.2001
MrAntix,0.0835
tschaub,0
jonashuckestein,0
stefanneculai,0
mattbearman,0
homeslicesolutions,0
penyaskito,0
s2software,0.1626
xfq,0
ui-aliraza,0
mhawk0,0
eugenzaharia,0
Gwi7d31,0
jjwilliams,0
robfletcher,0
maggiben,0
jh3y,0
haydenbleasel,0.1883
ascotto,0
comster,0
cerlestes,0
pablodenadai,0
stha,0
mrmrs,0
fubarhouse,0
ogonkov,0
Donovan154,0
leecollings,0
ahmadnassri,0.6392
fleaflicker,0
crimeminister,0
5im0n,0
VirtueMe,0
raulferras,0.1177
jenssimon,0
mokkabonna,0.1212
enricostano,0
avindra,0
donquixote,0
lambacck,0
jasonmorganson,0
Sojaner,0
sultano,0
mikesherov,0
ds125v,0
java-boy,0
necolas,0.2053
trante,0
amrlion,0
magicode,0
prasathragavan,0
lbensaad,0
michaek,0
Rynoh,0
hiroshido,0
jshh,0
DocX,0
pytkin,0
Jonahss,0
axemclion,0.2512
Merg1255,0.2438
ragulka,0
dairiki,0
PaRoxUs,0
fieldsco,0
cscade,0
soundarapandian,0.198
montchr,0
GovCoder,0
cfarquharson,0
OliverRC,0
ai,0
mgol,0.1174
mathiasbynens,0
pepelsbey,0
boulox,0.2225
tlindig,0.2218
trshafer,0
megawac,0
vukoje,0
antespi,0.1392
langwellenreiter,0
brgrz,0
vanhumbeecka,0
hppycoder,0.1865
simbo,0
ddeschepper,0.1991
techwraith,0.1649
yoshi6jp,0
robertmain,0
rubenstolk,0.1749
alanhamlett,0
OscarGodson,0
shama,0
johnckendall,0
goto-bus-stop,0
nathan-osman,0.2093
donaldpipowitch,0.1654
userpixel,0
ftbastler,0.0935
oeelvik,0
danrabinowitz,0
mvrhov,0
benogle,0.1868
michahell,0
julmot,0
nkav,0
watilde,0.128
ibash,0
rahulnwn,0
mindw0rm,0
westurner,0
hlop,0
alexislefebvre,0
Shane32,0
leods92,0
waynn,0
mkurz,0.1458
tomyam1,0
kevinoid,0
panarasi,0
Robadob,0
ghoullier,0
kevinsawicki,0
frabrunelle,0.2563
nschonni,0.1427
leeaston,0.2648
joshkurz,0
marcop135,0
mishunov,0
torra,0
jonlabelle,0
fakiolinho,0
andrewscofield,0.1579
thomasgohard,0
leejordan,0
colllin,0.334
ozzyogkush,0
sergeyklay,0
havenchyk,0
mattzuba,0
BrunoWinck,0
danielkatz,0
uda,0
morteza,0.1521
daniel-white,0
KingYes,0
hero-m,0.1735
OlivierJaquemet,0
smartcorestudio,0.1721
modusinternet,0
okhayat,0
itaymesh,0
elkebirmed,0
khusnetdinov,0
SPodjasek,0
jamesblack,0
acornejo,0.1197
pete-otaqui,0.1631
Quix0r,0
plumlee,0
dzwillia,0.1553
acmetech,0.4856
lukens,0
bganicky,0
dlebech,0
ahmadalfy,0
JoahG,0
boennemann,0
shaundon,0
dana-shalev,0
mmilo,0
zensimilia,0
GiorgioPingendo,0
sclarson,0
brianfryer,0
kmukku,0
iainvdw,0
adamjgrant,0
dmustafic,0.6887
mariomaric,0
westonplatter,0
tandrewnichols,0
alepane21,0
masterbee,0.1804
awebdeveloper,0.1838
AleshaOleg,0
AJ-Acevedo,0.142
Burnett01,0
asiniy,0
erikflowers,0.1446
FatBoyXPC,0
LongLiveCHIEF,0
satazor,0
blowsie,0
Elijen,0
pixelyunicorn,1.0
nchelluri,0
vaughany,0
Untit1ed,0
brandonaaron,0
adrientetar,0.2412
adamnbowen,0
archonic,0.1662
slathrop,0
amigrave,0
maxwellium,0
ziogaschr,0.2047
matrixfox,0
island205,0
asselin,0.1418
bleonard,0.1176
benji07,0
pjkix,0
stormpat,0
Livinius,0
etishor,0
bsn,0
KostyaTretyak,0
el7cosmos,0
christophe-g,0
parshap,0.1573
ElijahFowler,0
ThinTim,0
FiZiX,0
fczuardi,0
KOTRET,0.2012
yokomizor,0.0952
northerner,0
jedmao,0
felipefialho,0.1647
pholly,0
reardestani,0
khellang,0
benmccann,0
fmy,0
akalicki,0
kamilogorek,0
wangsai,0
borm,0
ggam,0.1984
YodasWs,0.4756
mschaaf,0
restlesspw,0
christhesoul,0
TiagoRodrigues,0
stuartpb,0.2235
dgibson666,0
metalmatze,0
DanielBaird,0
impishj,0
chrischen,0
plievone,0
binlabs,0
raido,0
jhnns,0
normanzb,0
azuby,0
mkoryak,0
gregjopa,0
jaketoolson,0
CWSites,0
ShaunDychko,0
DeanMarkTaylor,0
dan-silver,0
sergeyzwezdin,0
hansede,0
Ne-Ne,0
xak2000,0
EricMKaufman,0
acspike,0
Tomas-M,0
zeroasterisk,0
navarr,0.1704
bpugh,0
colmtuite,0
gordonwoodhull,0
moodyroto,0
lafikl,0
homaily,0
jaetea,0
wzpan,0
jonmadison,0
chrisege,0
mikefrancis,0
ForbesLindesay,0.2219
ryanflorence,0
ljharb,0.1448
artoale,0
jmshal,0
nchapman,0
bswinnerton,0
jodytate,0.1517
ebird2211,0
aramboyajyan,0
osonwanne,0
altano,0
korjavin,0
dhcmrlchtdj,0
ravenscroft,0
kevinoconnor7,0
javiereguiluz,0
sirreal,0
sparanoid,0
clee704,0
woshicixide,0
madhur,0
hustlzp,0
JackCA,0
steveperrycreative,0
Blackhawkso,0
nathan-muir,0
rwillrich,0.3448
kevinSuttle,0.1534
Ninir,0.2485
sebdavid,0
beregon,0
dominicbarnes,0.2353
jhr007,0
zeroxme,0.1662
alaa13212,0
Bartmax,0.1661
atdev2,0
geedmo,0
shanielh,0
mhf-ir,0
dancek,0
mlt,0
arttema,0
rikiless,0.1172
mauvm,0
PayteR,0
Chaser324,0
lukaszfiszer,0
crax,0
whazap,0
dminkovsky,0
kamui545,0
unwiredben,0
schultyy,0
GeoffYoung,0
leog,0
daguej,0
jeshtan,0
dontbother,0
complementaryArt,0
eins78,0
webda2l,0
a-ivanov81,0
mumualex,0
ScullWM,0
Subtletree,0
renanborgez,0
augnustin,0
brunoamaral,0
klzns,0
jlaw90,0
realityking,0.3042
trumbitta,0.2161
caniszczyk,0.0827
rhodrykorb,0.1772
kaystrobach,0
marclaporte,0.151
liuyl,0.2341
cmdoptesc,0
eratzlaff,0.4423
turchenkoalex,0
dstroot,0
diegolameira,0
robkorv,0
josephers,0
cebe,0
Nilard,0
cydrobolt,0
tonybruess,0
pixelchutes,0
ameyms,0
energyhousedigital,0
chrisseaton,0
stevegreatrex,0
joshma,0
gabrielecirulli,0.1242
Lalem001,0
cavico,0
sdhull,0
rwaldron,0
tkellen,0.144
jharbert,0
LaurentGoderre,0
snicky,0
trose,0
Martinomagnifico,0
nebusoft,0
robertlb24,0
bcphung,0
smoran02,0
JustinDrake,0.2046
TWiStErRob,0
zacwasielewski,0
ajb,0.1755
brennanmceachran,0.1775
bwhitty,0
seriema,0.2018
mgifford,0
davewasmer,0
Flydiverny,0.0967
barryvdh,0.202
jclarkin,0
hice3000,0.1266
trevorah,0
claydiffrient,0
MartinMartimeo,0
sladebot,0
ibrasho,0.103
KiarashS,0
brunoqueiros,0
matih,0
danfitz36,0
jamescostian,0
lpgray,0
codejet,0
andyhmltn,0
jeremybarbet,0
jlslew,0
gunthercox,0
mbleigh,0
sumitkm,0
jmdobry,0
iNaD,0
nrw,0
andreypopp,0
loonle,0
archanl,0
windeye,0
pablete,0
micronax,0
robotfelix,0
jojobyte,0.075
heruan,0.1779
maddes,0
dbousamra,0
salman-javed-confiz,0
seantomburke,0
kylev,0
craigjennings11,0
eastridge,0.1216
epicyclist,0
rkgrep,0
Deele,0.1452
ludoblues,0
gribelu,0
ajdvoynos,0
jtheoof,0
kylehg,0
ox,0
jdan,0.2
tardate,0
tranzfuse,0
dakota,0
russkel,0
brookemckim,0
ncatanchin,0
metrofun,0
joeybaker,0
Salmatron,0
bbaia,0
hariadi,0
luishdez,0.1121
ramirovjr,0
saubhagya,0
adnasa,0
Mika56,0
mrterryh,0
mnpenner,0
daftspunk,0
manuelmeurer,0
woto,0
kylase,0
aristath,0.5
Leonidaz,0
baer,0.1333
ianpgall,0
fxxkscript,0
snypelife,0
acasademont,0
fixe,0
gierschv,0
mediafreakch,0.1706
dskrepps,0
sgmcb,0
nozpheratu,0
harmstyler,0
SimeonC,0
asnyder,0
me6iaton,0
mattreduce,0
vandalizmo,0
cwthomas-llu,0
burnsra,0.1951
ethaizone,0
suralc,0.142
wilfra,0
YOLOSOFT,0
mcandre,0
AliMD,0
ecentinela,0.1895
abacha,0
procrastination,0
joncjordan,0
akrohn,0
hrach,0.1868
fayland,0
dgilperez,0
chrislondon,0
serveace,0
javaporter,0
ChrisCinelli,0
NotBobTheBuilder,0
jokklan,0
josephdpurcell,0.1824
EmmanuelVella,0
Nicolab,0
lennerd,0
hawkowl,0
thebarty,0
rvinay88,0
sporkd,0
aar0nr,0
sortino,0
leoj3n,0
ckj,0
blakeembrey,0.2512
anark,0
corysimmons,0
jonathansimmons,0
grantnorwood,0
adamspicer,0
Subash,0
sebnitu,0
rhysforyou,0
zeade,0
i4web,0
duailibe,0
benschwarz,0
decthomas,0
riyadhalnur,0
bjankord,0
balexandre,0
brandonb927,0
jasonmelgoza,0
hoho,0
ckluis,0
fguillen,0
rodolfo42,0
Monomachus,0
doowb,0
childnode,0
holic,0.9571
sethlilly,0
hswong3i,0.174
TuckerWhitehouse,0
meenie,0
lucaflisi,0.1948
dr-dimitru,0
AoDev,0.1947
juliangarnier,0
jaycetde,0
shishirmk,0.1163
kshipp,0
timlind,0
phcoliveira,0
alexcesaro,0
ArturKwiatkowski,0.1712
mgcrea,0.1248
jeremydenoun,0
raylu,0
Skud,0
simsalabim,0
bernii,0
eniolopes,0
MarkReeder,0
sheebypanda,0
CoffeeAndCode,0
peterhil,0
acolchado,0
yuukari,0
andriijas,0.2295
JamieKnight,0
garvincasimir,0
engAhmad,0
Qlbaz,0
mattleff,0
Hedde,0
vyruz1986,0
aozora,0
niklas-r,0
loasca,0
zhongziyun1993,0
valkum,0
quasipickle,0.1395
disfated,0
willfarrell,0.1494
webberig,0
Saurabh1,0
grahama,0
jeremyworboys,0
liamcurry,0
RheaLevine,0
gvieira,0
romaricdrigon,0
muan,0
SBoudrias,0
morgunder,0
pickypg,0
richo,0.1925
acconrad,0
jiyinyiyong,0
stephencarr,0
btholt,0
jamesdaily,0
parndt,0
joomla-agency,0.0909
mitnal,0
mjvestal,0
ricricucit,0
webtimisten,0
arfl,0
joshfester,0
rowanlupton,0
sarunast,0
alexkalderimis,0.2047
draeton,0
lukeapage,0
matthew-dean,0
SubratBarik,0
karol-f,0
blachniet,0
bronson,0.1614
smcmurray,0
LeEnno,0.12
blizzy78,0.1053
Yohn,0.2694
rockshandy,0
rart,0
WaltDaniels,0
lacco,0
chrisrohr,0
nschoenholtz,0
NicholasBambury,0
jacobstr,0
captainpete,0.1409
rochal,0
sbking,0
tacone,0
michaelsmitha,0
not-only-code,0
geometry9,0
joekaiser,0
antoniomacs,0
PHLAK,0
tf25,0
meelash,0
bramklg,0
neilgoodman,0
gingi,0
jgehrcke,0
jycsaur,0
hefangshi,0
pautomas,0
danieltartarottisobrosa,0
theGeekPirate,0
roytruelove,0
ahockersten,0
alessandroraffa,0
hnkang,0
gordey4doronin,0
zxbodya,0
dudebout,0.1961
felds,1.5
scharissis,0
snrmwg,0
Spongman,0
xcash,0
polymetis,0
ghedwards,0
rejithomas,0
globetrotterdesigns,0.1619
koraktor,0
valendesigns,0
mikefox,0
jormon,0
johannesnagl,0
dannykeane,0
Schniz,0
jaminroe,0
OndraM,0
sdepold,0
Iristyle,0
BenMorel,0
adamramadhan,0
aq1018,0
hiromitz,0
devknoll,0
antonellopasella,0
gillesruppert,0
jblanche,0
EvanCarroll,0
nickroberts,0
geekyme,0
feens,0
zach,0
decasia,0
zachwill,0
jamesmfriedman,0.1755
rmm5t,0.1955
tghw,0.1964
stylenclass,0.1259
codebakery-ch,0
stijnkoopal,0
ptbello,0
mikesir87,0
akre54,0
ptrln,0
iwz,0
michelts,0
nateobray,0
wimklerkx,0
nhunyady,0
thisguychris,0
pruimmartin,0
bhh,0
ErikTrapman,0
corny,0
aaronpk,0
faceleg,0
philipwalton,0
uanjoze,0
ryanberg,0
jschr,0.1927
adisbanda2,0
hugomoss,0
teewuane,0
frosas,0
michaeldevenney,0
jjmurre,0
joshdick,0.2107
drublic,0
srsgores,0
asuh,0
trevorskaggs,0
jonlives,0
ajeliuc,0
avanwart,0
ndabas,0
gilbarbara,0
davidwinter,0
rjregenold,0
alexgann,0
cthielen,0
lfender6445,0
fsateler,0
iknite,0
pseidemann,0.1575
dcwatson,0
craue,0
vadimk,0
gsmet,0
ograycode,0
scatko,0
maxkadyrov,0
avernet,0.1806
Michel-TGI,0
stp-configit,0
KamranMackey,0
fwielstra,0
ehudokai,0
stefansedich,0
marcelaraujo,0
luizeof,0
vicapow,0
jnovack,0
greg-raven,0
MGaetan89,0.3044
RusAlex,0
ravage84,0
amid2887,0
aurnik,0.1721
brenoferreira,0
pepperstreet,0.1817
notbrain,0
Rowno,0
steffler,0
dharmaone,0
breerly,0
mneuhaus,0.1379
dhelder,0
gravis,0
kriscarle,0
ansman,0.1514
semenko,0
iki,0
adbre,0
singold,0
NelsonReis,0.1276
jmagnusson,0
sshwsfc,0.1509
shadyvb,0
bzx,0
sandinmyjoints,0
mattcg,0
trisweb,0
it-can,0
veracarr,0
juliomenendez,0
igorw,0
localheinz,0
RWOverdijk,0
vladvasyuk,0
ecmel,0
krasimir,0
StommePoes,0
boh1996,0
foxbunny,0.1319
Kwpolska,0
ryan-endacott,0.5489
malekpour,0.1631
lanterndev,0
kharazi,0
Mithgol,0
Sinetheta,0
mudrekk,0
mhemesath,0
IslamAmeen,0
mioduszewski,0
LeezQ,0
joker-777,0
thefonso,0
dougc84,0
Pseudo-Nym,0
superflausch,0
tkawachi,0
eduardolundgren,0
amertum,0
faisalshahzad,0
syssgx,0
slbug,0
ckizer,0
robertosante,0
vitalets,0
eruiz,0.1947
WilliamStam,0.199
rassie,0
kevva,0.1762
shvelo,0
cbleslie,0
gustavohenke,0.0643
chrisritter,0.1257
Alonzo-Villanueva,0
NiklasBr,0.1491
Danthar,0
miguel77mex,0
gnrlwart,0
jarrettv,0
danielcha,0.1913
usaphp,0.1869
Anahkiasen,0.1711
ClintonGallagher,0
opensas,0.1447
bearded-avenger,0
mikezielonka,0
ahansson89,0
abestic9,0.1897
wjrichardson,0
kenumir,0
thomaswinterstetter,0.1662
markushausammann,0
mikedevita,0
jessicaldale,0
rspenc29,0
jgb,0
egeozcan,0
atadams,0
rjayako,0
jeveloper,0
mplewis,0
peterrehm,0
ianmuscat,0
ChrisRiddell,0.2306
abdlquadri,0
madmax,0
ganchan,0
ascottmccauley,0
mindctrl,0.1853
Globegitter,0
m1m1m1,0
drvic10k,0
pavarnos,0
matiaspunx,0
alexanmtz,0
skaurus,0
emil-nasso,0
guilhermeaiolfi,0
chrisjacob,0
thedrow,0
chrisnicola,0
itmustbe,0
antwonlee,0
jackplug,0.1489
ajmarino,0
akrymski,0
xeno,0
rowofpixels,0
RepublicOfAppsLLC,0
paolomaffei,0
Dangre,0
millette,0
SteveX,0
MichCest,0
micsco,0
meobyte,0
jonyou,0
victorhooi,0
jonasschneider,0
taspeotis,0
jeserkin,0
markrendle,0
Besyar,0
qmarlats,0
atipugin,0
bicho44,0
kieste,0
bensie,0
ShaneSheppard,0
squeral,0
uxjens,0
eugine-Kim,0
AndrewDryga,0
philfreo,0.1065
Kellytom,0
c33s,0
toby78,0
Skullbock,0
sumityadav,0
freddyheppell,0
medhi,0
kevsmt,0.1138
oozrafa,0
DavidStrada,0
dstack,0
OmarBerrayti,0
bui,0
ksr583,0
andrewgunn,0
mpatzner,0
palodelincak,0
Awilum,0
bbickett,0
tcgumus,0
michaelvandonselaar,0
talisto,0
luisrudge,0
Lardjo,0
EselDompteur,0
snikch,0
chrispaynter,0
textreme,0
Updula,0
saifulwebid,0
Valid,0
mdsrosa,0
GreatPotato,0
sethfri,0
sharkhuang,0
noypi,0
richieb,0
cssoul,0
henrywright,0
rodryquintero,0.224
dashmug,0
aeosynth,0
rafalborowski,0
stanislavromanov,0
xhat,0
Irrelon,0
jjkester,0
zzjin,0
cesarzagonel,0
pietpomp,0
emage,0
adaptabi,0
jslaterTO,0
ariesdane,0
mcasimir,0
LoreleiAurora,0
dperolio,0
rmrhz,0
apfelbox,0.1213
aeip,0
yeahzan,0
imanoleizaguirre,0
fnwbr,0
hesamrabeti,0
christophermh44,0
gw0,0
dan-diaz,0
marcalj,0.098
Jovian,0
DevePy,0
ShaneYu,0
azr,0
danspam,0
marsuboss,0
zavan,0
iperelivskiy,0.124
hixen,0
hightech007,0
CarlosJa,0
crdesai,0
twentyfortysix,0
einartryggvi,0
dwightwatson,0.2047
Mte90,0
nascosto,0
Davidhidalgo,0
VizualAbstract,0.1688
evil-shrike,0.2182
RobertinoValue,0.0763
Surbma,0
mendeza,0
ciro207,0
lwensveen,0.2219
larvanitis,0
scttcper,0
fakhrizaki,0.0809
owais,0
Cysioland,0
lol768,0
mikeroberto,0
fabiogiolito,0
pjtops,0
heyallan,0
Sophist-UK,0
rayfoss,0
pastur,0
alexpaluzzi,0
my2c,0
rowej83,0
mikspark,0
chrisco484,0
Itrulia,0.1749
EDi-nabi,0
tkaw220,0
pmorch,0
hchouhan,0
ahalma,0
AlixBa,0.1
Grsmto,0
wjyu,0
garygreen,0
Dirtstarr,0
peterbraden,0.2068
misterbooth,0
RaphaelDDL,0
espenfjo,0
bazineta,0.1679
mrahmadt,0
flth,0
TagThingy,0
viken21,0
gitmar,0
myndp2510,0
tjferry14,0
sweetguy0883,0
hlb,0
TEAMCHINA,0
bobmccracken,0
mrvdot,0
rmetzler,0
fifthposition,0
simensen,0
andreacfm,0
blub0hr,0
abrudtkuhl,0
supersuphot,0
mattie02,0
softlion,0
arcanis,0
cescalante,0
vick08,0
martynsmith,0
cvn,0
jlbruno,0.1817
billnordwall,0
tierra,0.1645
albyrock87,0
banzalik,0
jordanisip,0
adrianheine,0
marcelkorpel,0
richardh8,0
PhilETaylor,0
elmariachi111,0
percyhanna,0
marcopeg,0
maennchen,0
ph-One,0
manuelfsixtour,0
chrisirhc,0.1308
TheCloudlessSky,0.1572
desheikh,0
jasonmerino,0
martinnormark,0.1537
veesahni,0
mroderick,0
thanpolas,0
dperrymorrow,0
yguedidi,0
machizhao,0
mhuggins,0
jdalton,0
aarondelani,0
chrishaverkate,0
markovuksanovic,0
pmclanahan,0
jef-way,0
renan,0
TomHAnderson,0
jbcpollak,0
vijayendra-g,0
patrickmcelwee,0
joe1chen,0
davidmles,0
e1himself,0
seanCodes,0
N30,0
thewebsitedev,0
havvg,0
SlexAxton,0
tanraya,0
alexbruno,0
robertmclaws,0.1446
biyeun,0
koenpunt,2.0611
marceloverdijk,0
mcastilho,0
ystein,0
m157y,0
cielavenir,0
jtward,0
jhfrench,0
troex,0
34code,0
fred,0
davydotcom,0
michaelcullum,0
Serhioromano,0.1685
richardp-au,0.2637
seanfox,0
shiroyuki,0
timoxley,0
markvital,0.1306
parisholley,0.2152
fnah,0
tvb,0
breath-co2,0
keithio,0
timwis,0
ioleo,0.1887
gustavowt,0
erlendfh,0
josh,0
shanepinnell,0
lucas-clemente,0
caarlos0,0
billhorsman,0
pusewicz,0
4ware,0
Bertg,0
jpzwarte,0
previousgtbash,0
francocatena,0
andrewdeandrade,4.5851
cedriclombardot,0
TimNZ,0
heldchen,0
danielboendergaard,0
stevecoug,0
timeturner,0
oncletom,0.1495
paradoxe,0
jazbek,0
kynan,0
splurgy-michi,0
mikeobrien,0
depl0y,0
mkb,0
schotime,0
Arkkimaagi,0
my8bird,0
theodorton,1.5658
jabbaugh,0
jpkrohling,0
polosantiago,0
atotic,0
rossmeissl,0
justinbburris,0
psteininger,0
x3ro,0
javve,0
demike,0.1644
RichardM87,0
bfredo123,0
Santiarpe,0
stephankaag,0
everilae,0
bricker,0
thezoggy,0.1873
andrewcarr-examtime,0
fsto,0
BillWatts,0
brianfeister,0.1718
plaes,0
mberkom,0
justincy,0
yberkholz,0
lasar,0
beshkenadze,0
neersighted,0.1159
uberspeck,0
ltoshev,0
RickardPettersson,0
tlvince,0
alexrussell,0
mattlunn,0
ihor-sviziev,0
rmeschian,0
zawaideh,0
abhisec,0
GeoffTidey,0
verschoof,0
coling,0
jwg2s,0
greg0ire,0
michaelcox,0.1499
Glideh,0.1957
tarcon,0
ReubenBond,0
mgodwin,0
nbauernfeind,0
seasoup,0.1741
ptnplanet,0.149
bliang,0
euge,0
itkin,0
findchris,0
putneyj,0
tghilardi,0
murphye,0
raulgomis,0
rvanbaalen,0
keilmillerjr,0
kylewest,0
joshlangner,0
Hillshum,0
onassar,0
cusspvz,0
Saturate,0
icortex,0
ruffin--,0
HariantoAtWork,0
boekkooi,0
alejandr0bovino,0
nostalgiaz,0
tomykaira,0
berstend,0
besebastian,0
travisbot,1.5451
cibernox,0
tofortier,0
tax,0
rnicholus,0
bluemooninc,0
thongly,0
mattgoldman,0
drewzboto,0
skyriser,0
ilstar,0
joeframbach,0
moesalih,0
idanz,0
pktangyue,0
dbernar1,0
rafeca,0
SoapSeller,0
scomma,0
kirkstrobeck,0
tagrudev,0
Rajan,0
defkode,0
SamBenson,0
mfansler,0
rdrey,0
jec006,0
jfullerton,0
rubenrails,0
pirmax,0
rpavlik,0
natansh,0
mgalgs,0
jpadvo,0
elithompson,0
PavelDemyanenko,0
dak,0
Grandizer,0
dgw,0.1639
chrjean,0
StefanKjartansson,0
qzio,0
bradley-r-martin,0
maxsum-corin,0
failpunk,0
alexiskattan,0
BMorearty,0
tjbarbour,0.1767
mikaelkael,0
curt0,0.1672
jeroenvisser101,0
mufaddalmw,0
ripperdoc,0
FacioRatio,0
neoshadybeat,0
ustas-v,0
Sharom,0
hho,0
olvlvl,0.1357
benjaminoakes,0
agentphoenix,0
radleta,0
msjaiswal,0
0x0ece,0
achur,0
Ocramius,0
elliots,0
kurtextrem,0
twoolie,0.1272
fprochazka,0
Marmelatze,0
jcdirks,0
skoepp,0
thomaspark,0
SeanPlusPlus,0
anhulife,0
pathaksubash,0
apostolos,0
captbrogers,0
mikaelbr,0.1228
sdaltman,0
vkostyukov,0
midnightdonkey,0
bistory,0
andreatarr,0
james2m,0
stevelacey,0.0856
avinoamr,0
albertosantini,0
peec,0
alejandroiglesias,0
weppos,0
sheeley,0
o5,0
mwhitneysdsu,0
uniquelau,0
newtriks,0
munsellj,0
zhuangya,0
lauriys,0
phaseOne,0
peiche,0
jspraul,0
mattbillenstein,0
kenneth-reitz,0
reinsphone,0
brianewing,0
PhillipSenn,0
javenfang,0
scotty6435,0
mckramer,0.122
garysweaver,0.1317
BrindleFly,0
taelor,0
eriwen,0
eugene-p,0
schneikai,0
ewildgoose,0
vlakoff,0
srcspider,0
Symmetric,0
jensenkd,0
alexhanh,0
Decad,0
danielfarrell,0.1576
kboyle,0
ComFreek,0
reybango,0
jonathansampson,0
digitaldisseny,0
kmorin,0
mxdubois,0
adi-,0
tiefenb,0
asn,0
ShaggyDude,0
pkkid,0
virtax,0
lbowers,0
pnovodvorskiy,0
JamesMessinger,0
chrisdpratt,0
raad,0
gsf,0
nomadbakr,0
abenrob,0
barbalex,0
janejanejane,0
dolmen,0
codler,0
benvinegar,0
hrasguido,0
adityamenon,0
ricardovf,0
prestarocket,0
spantaleev,0
flop,0
altschuler,0
gcoop,0
envex,0.2021
nathanbowser,0
Gator92,0
suigintou,0
vegardlarsen,0.1833
lobovkin,0
ximi,0
greygeek,0
ilanco,0
borisnadion,0
pokonski,0.2048
shyam-habarakada,0
gmarziou,0
maximal,0
mahemoff,0
wndxlori,0
tigrish,0
akshayrawat,0
cemo,0
add1ct3dd,0.1525
jakejarvis,0
kpvarma27,0
davegandy,0
benpeck,0
dangrossman,0
ogazitt,0
davidsivocha,0
ctalkington,0.2584
Stafie,0
Phoscur,0
etiennetremel,0
Toobian,0
guillaumebadin,0
joshjacobson,0
W3Max,0
Gavrisimo,0.1784
marcelombc,0
ciembor,0
rma4ok,0
ItalyPaleAle,0.16
nvartolomei,0
TotoLaFouine,0
BuhtigithuB,0
yli01,0
cemkozinoglu,0
andrewchch,0
coto,0
kmiyashiro,0
coreyti,0.3902
GianlucaGuarini,0
andrewhubbs,0
brettgoulder,0
grundid,0
chiubaka,0
ramigb,0
gustavopinto,0
devth,0
yellottyellott,0
benjaminclot,0
T1l3,0
eitch,0
RichardBronosky,0
klebba,0
pyrotechnick,0
flashtopia,0
ColonelKilkenny,0
triceam,0
halburgiss,0
molszanski,0
gizm0bill,0
nistormihai,0
bobthecow,0
drakej,0
nilcolor,0
caiotarifa,0.1079
schorsch,0
rheaton,0
FloNeu,0
matzke,0
nglinh,0
sjbwylbs,0
clowder,0
menthol,0
ahizzle,0
aziz,0
adamzap,0
bleything,0
jeroenbourgois,0
sannefoltz,0
lawrencetaur,0
gagarine,0
aaronsnoswell,0
andyburke,0
michaelbrooks,0
kraz,0
ZainShaikh,0
brodkin,0
willem403,0
mlhch,0
empire,0
TheJester12,0
peteleco,0
gldnspud,0
danielwestendorf,0
JesperTerkelsen,0
sugarfreejones,0
devanddesign,0
jblotus,0
volpe,0
pollen8,0
nikhilkulkarni,0
anoarnold,0
gaomd,0
iamnirav,0
ncreuschling,0
kedarmhaswade,0
Thibaut,0
pselden,0
quackingduck,0
mattiassvedhem,0
alexinmotion,0
sashamor,0
bcardarella,0
terenceponce,0
ParkerK,0
webpro,0
cnicodeme,0
freewil,0
kmcbride,0
idev247,0
tobpe,0
damrbaby,0
mhunt,0
luketheobscure,0
i960,0
githubhelpme,0
nffdiogosilva,0
chaplinkyle,0
Ciki,0
alanjohnson,0
kvnn,0
advancingu,0
matheusvilela,0
kgautreaux,0
BigBlueHat,0.183
iamdustan,0
rvagg,0.1788
blongyang,0
MichaelCastelbuono,0
jasonwyatt,0
ghotiphud,0
analytically,0
legigor,0
vkrol,0
dimapasko,0
kolesnick,0
ruimarinho,0
AlecRust,0
grantzau,0
buryat,0
babrewer,0
tfausak,0
hurtubise,0.1514
defunctzombie,0
aroc,0.2429
garbas,0
mattbasta,0
mfo,0
joshuapinter,0
samography,0
matiasurbano,0
Dentxinho,0
tauren,0
jonathanong,0
justchecking-gareth,0
cwchapma,0
ChrisLandowski,0
ubeckers,0
almirfilho,0
agis,0
gablabelle,0.1348
icancodetoo,0
mchiocca,0
rentalhost,0
sabarasaba,0
ShrikeFIN,0
bartt,0
ruipenso,0
romanych,0
eternicode,0.1486
darkpicnic,0
ibrent,0.3182
tjrana,0
cssagogo,0
tnajdek,0
rafaelks,0
gruvii,0
sethaldridge,0
piranxa,0
ento,0
nym,0
tsmes,0
hugodemiglio,0
matheusca,0
jsitoe,0
elebetsamer,0
syphernl,0
benrhere,0
memibeltrame,0
ixisio,0
devinus,0
aaronsofaly,0
Synchro,0
DracoLi,0
eexit,0
fzaninotto,0
jakepetroules,0
pepebe,0
motioneleven,0
sudoaza,0
guillaumek,0
netatoo,0
runawaygo,0
hisapy,0
ashtewari,0
pavelloz,0
robflaherty,0
wesweat,0
sreenug,0
michalsvec,0
fcgrx,0
CampbellNash,0
lehins,0
bangline,0
maxbublik,0
jszakmeister,0
meshy,0
pelme,0
mandric,0
kevinw,0
gbezyuk,0
mainerror,0
mynameistechno,0
mirasrael,0
jbranc,0
tarsisazevedo,0
cambridgemike,0
dardub,0
howdu,0
furf,0
andrezimpel,0
CharlJKruger,0
maccesch,0
BenjiZombie,0
f3ndot,0
nathanpitman,0
wisepotato,0
max-favilli,0
wSmithyeah,0
bracketdash,0
nevf,0
tlrobinson,0
thedavidscherer,0
lecar-red,0
mnapoli,0
renansantos,0
k4gdw,0
wub,0
MechanisM,0
mariocesar,0
alexgorbatchev,0
abelaska,0
khirakawa,0
mhulet,0
donflopez,0
gauravsjbrana,0
greatwalks,0
hlascelles,0
fabiofabbrucci,0
bezraznizi,0
siphiwe,0
styfle,0
mikeatlas,0
briansanchez,0
garrettlancaster,0
agdolla,0
KimTranjan,0
waynebrantley,0
charettes,0.1477
kwilliams,0
jamescarr,0
jpfuentes2,0
jkuhnert,0
ozren1983,0
paulrunyan,0
manijak,0
geowa4,0
eillarra,0
tobinibot,0
notsobad,0
petsagouris,0
dbpolito,1.2167
deytao,0
raphaelz,0
titaniumbones,0
mt33,0
michaelaguiar,0
coal182,0
dyve,0.1621
jubi4dition,0
kahwee,0
robmeijer,0
darrhiggs,0
vongruenigen,0
inmarelibero,0.1428
srhise,0
studgeek,0
meleyal,0
wink,0
coryalder,0
JakeWharton,0.164
maraujop,0
digitrash,0
TomorrowToday,0
jacobrask,0
csytan,0
nmussat,0
jsdalton,0
cnanney,0
DominikTo,0
flowonyx,0
v0id3r,0
msmeeks,0
spider-network,0
worldspawn,0
codeimpossible,0
thomask,0
coli,0
magefad,0
hsleewis,0
atd,0
felipep,0
gcheema,0
NadaAldahleh,0
crmoreira,0
QasimQureshi,0
sethburtonhall,0
nmacnz,0
kaihendry,0
nachbarshund,0
andreabreu-me,0
cabgfx,0
kris,0
dlo,0
geuis,0
gudbergur,0.1578
ivebeenlinuxed,0
petewarden,0
bhopwood,0
ifightcrime,0.1
rajivnavada,0
burhan,0
ryanwi,0
powder96,0
wirtsi,0
cwiederspan,0
jmar777,0
agad,0
tommls,0
nkryptic,0
EricWarnke,0
dittore,0
gonzalocasas,0
osuritz,0
dondi,0
bramski,0
ecairol,0
migueldiab,0
tgirardi,0
DR9885,0
brikou,0
terrapass,0
jpaas,0
guillaumevincent,0
nikolaik,0
panosru,0
cgunther,0.2005
walkerau,0
MaximusFT,0
adam-lynch,0
biojazzard,0
diegoviola1,0
alepee,0
cfurrow,0
Nerian,0
dzhus,0
marioandujar,0
Shoufty,0
mAu888,0
sandeepmovva,0
avalanche123,0.1341
matharden,0
vjsingh,0
kirbysayshi,0
stompweb,0
Garito,0
d4rky-pl,0
hendricius,0
timbowhite,0
tomsiodlak,0
lessless,0
kanitw,0
rawberg,0
kazimzaidi,0
whiskeysierra,0
sylvainpolletvillard,0
mosch,0
gimler,0
jkd77,0
yonahforst,0
garnieretienne,0
reconbot,0
sfaujour,0
kedarvaidya,0
rizkysyazuli,0
tholder,0
michaelschade,0
busyloop,0
uaoleg,0
valentinvieriu,0
Woocas,0
camshaft,0
mikecrittenden,0
A973C,0
johnnypeck,0
pamelafox,0
jiaweihli,0
franciso,0
jimryan,0
tomhuze,0
tjor,0
ruian,0
benatwork99,0
borjacampina,0
reefdog,0
sbarre,0
ericbock,0
simonfranz,0
soberstadt,0
vreon,0.1442
auzigog,0
maximz,0
asakurayoh,0
jogi,0
daviddeutsch,0
thijstriemstra,0
hongclub,0
glagola,0
kamranayub,0
O-Zone,0
rquinlivan,0
agileapplications,0
joekukish,0
tinyfly,0.1587
tkazec,0.1662
chrisramakers,0
llovelett,0
jeremybenaim,0
fionawhim,0.2032
mariusa,0
catchamonkey,0
wsanter,0
digitaljohn,0
ChadMoran,0
zerkalica,0
bnlab,0
buraktuyan,0.1796
kasperp,0.2238
igordeoliveirasa,0
addisonhardy,0
XORwell,0
mr-stateradio,0
tsuna,0
sibartlett,0
OpenGrid,0
amenonsen,0
Turbo87,0
tnorthcutt,0
ltoinel,0
itsmeduncan,0
mnelson7982,0
jsierles,0
reggi,0
charleshimmer,0
ckcollab,0
bradseefeld,0
kamran-glispa,0
zeleznypa,0
janklosowski,0
marijn,0
sindresorhus,0
jarijokinen,0
alampros,0
ajrkerr,0
pixelmixture,0.1265
scottwater,0
wrightlabs,0
tonycoco,0
dfm,0
deepinsource,0
gnuwilliam,0
timrchavez,0
mkchandler,0.1713
tuler,0.3718
justindarc,0
smaboshe,0
purwandi,0
sandro-pasquali,0
thomasfr,0.1565
jhuon,0
foca,0
sethvargo,0
richarddong,0.1282
scottkf,0
arnar,0
dmackerman,0
JurgenJocubeit,0
treshugart,0
MrNagoo,0
piscis,0
jasny,0.2011
cbosco,0
thedjinn,0
mhansen,0
jianping-roth,0
alexchamberlain,0
sdenef,0
StephanHoyer,0
piranha,0
daneden,0
r-murphy,0
insmo,0
nurey,0
aaronsnow,0
goshakkk,0
millusdk,0
anteksiler,0
alex,0
vonbirdie,0
amalagaura,0
otm,0
surajreddy,0
dagmar,0
kbond,0.1203
donpark,0
huacnlee,0
micke,0
orefalo,0
Promichel,0
zrod,0
skiz,0
geoffreytran,0
palpalani,0
hasans,0
zerkms,0
hinrik,0
meehow,0
cjoudrey,0
denisjacquemin,0
jscheel,0
henrikbjorn,0
aderyabin,0
Hemphill,0
kevinrenskers,0
criso,0
juarezpaf,0
storborg,0
fleeting,0
LukasHurych,0
rgp,0
dilas,0
tiagowhite,0
tomthetree,0
1dolinski,0
nikcub,0
ericmuyser,0
RobVanGroenewoud,0.1531
NeoCN,0.1789
dorgan,0
theill,0
dannyvankooten,0
davidbgk,0
tboyko,0
Geczy,0.1335
dsully,0
chayner,0
alvioshki,0
jiji262,0
ftcmnc,0
adibreaban,0
mrfosip,0
angelo2231,0
oranges13,0
raulriera,0
antonmoiseev,0
liamks,0
lemieux,0
vivekdurai,0
remyroy,0
omares,0
ottiker,0
billmag,0
martinblech,0
ngurenyaga,0
rockyburt,0
guilhermeblanco,0
mente,0
samunplugged,0
polarity,0
fizerkhan,0
mrexroad,0
aalexgabi,0
andreassolberg,0
patie,0
eventh,0
daveobriencouk,0
scottsilvi,0
informatic-revolution,0
adambiggs,0
jups23,0
wprl,0
josbeir,0
whocreates,0
sneakersgames,0
angelyordanov,0
tapsboy,0
tjelen,0
robdodson,0
ww34ww34ww34,0
nekman,0
mchambaud,0
theUniC,0
marcog83,0
honglio,0
dannewns,0
bweston92,0
JacksonGariety,0
saxicek,0
stephenreay,0
kriansa,0
robzolkos,0
AmphiBee,0
Martin-Andersen,0
damiancarrillo,0
derekprior,0
rochacbruno,0
bauhouse,0.1493
dscape,0
ggustafsson,0
billyvg,0
philipp-spiess,0
connor,0
purcell,0.1888
josegonzalez,0.1901
pal,0
tbassetto,0
dmyers,0.1429
ZombieHarvester,0
bradhughes,0
ncuesta,0
ekdevdes,0.2392
chrisgillis,0
ariunbolor,0
lightglitch,0
anand9,0
dator,0
dashed,0
nunziofiore,0
pearkes,0
lvivier,0
batuhan,0
scott-stewart,0
aaronj1335,0
workwithnano,0
snapshot,0
glenngillen,0
alexbhr,0
sean-lynch,0
beinstein,0
jsteenkamp,0
oskarrough,0
morness,0
technotarek,0
marksands,0
nickveys,0
nicolabortignon,0
obeattie,0
orpheuslummis,0
Timothee,0
khoogheem,0
MartinodF,0
soffes,0
tdm00,0
luxuryluke,0
jimtreadway,0
colinbm,0
AlainPilon,0
chamerling,0
JeanMertz,0
nijikokun,0
davidboto,0
billsaysthis,0
et,0
sebastianhoitz,0
thomaschaaf,0
grandfatha,0.1081
santiquiss,0
mivano,0
tinti,0
nikku,0
lincolnthree,0
amnesia7,0
mikea,0
pthrasher,0
eduard-io,0
alexgibson,0
rlemon,0
fabiozc,0
karthikv,0
peburrows,0
jaybaker,0
karlfreeman,0
wildchild,0
optikfluffel,0
eyko,0
qcom,0
andycole,0
asmallteapot,0
bloqhead,0
peol,0
shamanime,0
wibron,0
leesmith,0
hogart,0
tabacco,0
mm98,0
mikejthompson,0
makeusabrew,0
davecardwell,0
cloudhead,0
alanhogan,0
aabbccsmith,0
