author,percentage
ColinFletch,0.9745
googlebot,0.9349
mary-poppins,0.9047
willmendesneto,0.8094
plentz,0.7635
forresst,0.7244
ZitaNemeckova,0.6674
zsong,0.6667
floyd-may,0.6667
agentcooper,0.625
jurko-gospodnetic,0.6144
kkruit,0.5951
mbenford,0.5846
jileeon,0.5751
sreeramu,0.5624
mikaelharsjo,0.5604
dparikh,0.5596
davidjnelson,0.5565
Sergey80,0.5564
mhevery,0.5494
ahmednuaman,0.5408
chrisnicola,0.5349
ashleygwilliams,0.534
ruprict,0.5315
jackcviers,0.5173
TonyCronin,0.5172
icholy,0.5154
kambleaa007,0.5128
Fresheyeball,0.5111
m7r,0.5063
alexgorbatchev,0.5037
arty-name,0.503
lookfirst,0.5
chrisrhoden,0.4993
cm325,0.496
nicholasserra,0.4945
jesselpalmer,0.4929
packtpartner,0.4901
ilanbiala,0.4854
ryanhart2,0.4833
johnsoftek,0.4814
marknadig,0.4814
fhernandezn,0.4806
ivomju,0.4767
tobias74,0.4755
nolazybits,0.4713
inukshuk,0.4712
kostat,0.471
groner,0.4698
wesalvaro,0.4688
phouri,0.4685
leon,0.4675
L42y,0.4671
Thesoro,0.4669
m-amr,0.4648
marcenuc,0.4645
esarbanis,0.4637
HenriqueLimas,0.4619
dragosrususv,0.4603
samaxes,0.4589
joshkurz,0.4589
SekibOmazic,0.4581
pahlers,0.457
ealtenho,0.4547
mkolodny,0.4543
mtrainham,0.4542
christianvuerings,0.454
dbinit,0.4538
nhodges,0.4536
gentooboontoo,0.4536
rzschech,0.4525
penfold,0.4503
eddiemonge,0.45
Urigo,0.4498
krotscheck,0.4484
sjurba,0.4477
TEHEK,0.4476
thatmarvin,0.4475
mboudreau,0.4468
leifhanack,0.4458
Daniel15,0.4455
brettcannon,0.4455
sjbarker,0.4453
bolasblack,0.4441
witoldsz,0.4441
stevemao,0.4421
gsklee,0.442
mlarcher,0.442
XFree,0.4408
swisstofu,0.4396
shepheb,0.4388
PascalPrecht,0.4382
sudhirj,0.4382
rolfyone,0.438
cvn,0.4366
treasonx,0.4362
linclark,0.4358
poshest,0.4353
benjamingr,0.4353
chrisirhc,0.4351
leisms,0.4341
andyrooger,0.4338
bclinkinbeard,0.433
mgcrea,0.4326
kwypchlo,0.4324
alonbardavid,0.4323
jamestalmage,0.4321
dlongley,0.4307
lefos987,0.4303
adityamenon,0.4298
benelliott,0.4297
ajwhite,0.4293
stakach,0.429
graingert,0.4289
marcin-wosinek,0.4283
kofalt,0.4282
vendethiel,0.428
gonzaloruizdevilla,0.4274
Francisc,0.427
boneskull,0.4255
bwiklund,0.4248
icorne,0.4247
jdalton,0.4247
thebigredgeek,0.4235
robinboehm,0.423
LeonardoBraga,0.4229
jonbcard,0.4226
alnutile,0.4224
ricardohbin,0.4222
kindy,0.4218
LeeAdcock,0.4215
jamie-pate,0.4215
ThomasBurleson,0.4214
Foxandxss,0.4199
lanterndev,0.4199
jankuca,0.4186
damrbaby,0.4183
rainboxx,0.4182
jeserkin,0.4179
ashtuchkin,0.4175
kamilkp,0.4165
Hartimer,0.4164
Codier,0.4158
ghost,0.4153
SharpMax,0.4136
Tobyee,0.4124
scribblet,0.4118
kseamon,0.4114
fredrikbonander,0.4111
kzar,0.4108
appsforartists,0.4106
Eblax,0.4101
Strikeskids,0.4096
fenduru,0.4082
JensRantil,0.4076
grsmvg,0.4071
stsvilik,0.4071
kstep,0.4069
hellofadude,0.4066
panarasi,0.4062
lord2800,0.4061
imrehg,0.4057
nvie,0.4052
OrenAvissar,0.4042
standup75,0.4027
ocombe,0.4022
Mischi,0.4014
wbyoko,0.4014
latentflip,0.4013
ffesseler,0.4012
clee704,0.4009
atomrc,0.4007
cmichal,0.4004
spacepluk,0.4
sagens42,0.3992
migajek,0.3988
ProLoser,0.3981
dmaloneycalu,0.3971
danxshap,0.3951
floydwch,0.3948
NevilleS,0.3942
Puigcerber,0.3941
kentcdodds,0.3934
pocesar,0.3934
JamieMason,0.3931
yathos,0.3921
igorzg,0.3919
Keyamoon,0.3916
ryanseddon,0.3912
andresmoschini,0.3912
alediaferia,0.3911
smashercosmo,0.3889
frederic-bonjour,0.3889
ggoodman,0.3882
schmod,0.3881
vlajos,0.388
park9140,0.3877
gesellix,0.3876
jbalboni,0.3867
netman92,0.3841
t0mtaylor,0.3839
RichardLitt,0.3834
adi-ads,0.383
SebastianM,0.3824
BobChao87,0.3818
djsmith42,0.3817
rjamet,0.3816
stickel,0.3815
satchmorun,0.3815
ashaffer,0.3804
quazzie,0.3802
ramaralo,0.3797
smorele,0.3796
airato,0.3791
MihaiValentin,0.379
mprobst,0.3789
hamfastgamgee,0.3787
alexanderchan,0.3786
iammerrick,0.3786
ajoslin,0.3779
jviotti,0.3772
ksheedlo,0.377
farolfo,0.377
gabrielmaldi,0.3764
albertboada,0.3763
b1rdex,0.3757
caiotoon,0.3755
pussinboots,0.3752
jtymes,0.3752
jvandemo,0.3746
nbrustein,0.3742
ksvitkovsky,0.3739
khepin,0.3739
lugovsky,0.3738
tomdcc,0.3731
austinoneil,0.3721
ElephantRose,0.3717
curlydevil,0.3714
aashishnagpal,0.3711
skoszuta,0.3702
cironunes,0.3697
odedniv,0.3694
MoatazAbdallh,0.3689
urish,0.3682
FRSgit,0.3679
fbrandel,0.3676
frederikprijck,0.3672
rynz,0.3659
sjelin,0.3649
wesleycho,0.3631
e-oz,0.3627
hollingberry,0.3621
angelcabo,0.3615
stianjensen,0.3612
coli,0.36
florianorben,0.3597
probablyup,0.3596
spamdaemon,0.3595
jtheoof,0.3592
davemo,0.3591
btford,0.359
kuitos,0.3587
drpicox,0.3583
steelsojka,0.3578
HeberLZ,0.3574
dtabuenc,0.3568
Pasvaz,0.3566
just-boris,0.3559
kaufholdr,0.3544
esprehn,0.3544
S-YOU,0.3541
joshrtay,0.3541
OlenDavis,0.3536
snapwich,0.3524
JasonCust,0.3513
bullgare,0.3512
shuhei,0.3506
cburgdorf,0.3506
blowsie,0.3499
chirayuk,0.3494
perek,0.3492
santialbo,0.349
sylvain-hamel,0.3488
johnoscott,0.3488
arbus,0.3481
lgersman,0.3478
sgrif,0.346
runk,0.3458
chirag64,0.3453
laurelnaiad,0.3447
dysfunc,0.3446
avdv,0.3444
romiem,0.344
deadmann,0.3437
dcherman,0.343
koto,0.3414
jamesdaily,0.3414
marcysutton,0.3408
juangabreil,0.338
mfollett,0.3379
taralx,0.3371
hzoo,0.3369
buunguyen,0.3363
prettycode,0.336
bignall,0.3349
tuchk4,0.3345
sudodoki,0.3339
frankstepanski,0.3333
jorgecasar,0.3333
doshprompt,0.3329
PatrickJS,0.3328
benmccann,0.3323
matsko,0.3319
jbdeboer,0.3311
YeFFreY,0.331
jdavisp3,0.3309
bradyisom,0.3307
adob,0.3301
NotBobTheBuilder,0.3296
revolunet,0.3289
purcell,0.3289
mirabilos,0.3278
franciscovelez,0.3275
radmaneshp,0.3267
ltrillaud,0.3258
benlesh,0.3251
szimek,0.3236
njs50,0.3226
clkao,0.3214
fpipita,0.3213
tleruitte,0.3196
ncuillery,0.3194
Burgov,0.3185
g00fy-,0.3179
troch,0.3177
tbertenshaw,0.3167
symblify,0.3166
andrewaustin,0.3162
pheuter,0.316
jmpalacios,0.3158
CWSpear,0.3157
Izhaki,0.3155
alexspurling,0.3143
smsohan,0.3136
randombk,0.3131
xjamundx,0.3127
grisendo,0.3118
jtangelder,0.311
tamtakoe,0.3105
Kapaacius,0.3104
maxmart,0.3099
myitcv,0.309
gurdiga,0.3077
juampynr,0.3055
karlfreeman,0.3047
bartes,0.3019
btesser,0.3012
stephenbunch,0.3009
markdalgleish,0.3
deathbob,0.2999
geddski,0.2987
thorn0,0.2976
AlexVangelov,0.2954
campersau,0.2949
realityking,0.2939
doodeec,0.2932
georgiosd,0.2931
dhbaird,0.2926
splondike,0.2925
anton000,0.2922
pbr1111,0.2895
jimmywarting,0.2883
tdavis,0.2882
caseyhoward,0.2837
Phantoms,0.2823
rinatio,0.2812
karellm,0.281
glebec,0.2804
CMCDragonkai,0.2787
OliverJAsh,0.2785
pomerantsev,0.2784
gilesedinburgh,0.2761
Siyfion,0.2758
jmaynier,0.2757
Zizzamia,0.275
rodyhaddad,0.2747
thomastuts,0.2741
thenikso,0.2738
stevermeister,0.2737
nikhilknoldus,0.2727
trusktr,0.2727
wizardwerdna,0.2716
timkindberg,0.2708
devsoftweb,0.2707
nicoabie,0.2706
pf-tara-maxwell,0.2693
ttsiodras,0.2668
CageFox,0.2667
marcfallows,0.2658
jessehouchins,0.2641
dmitriz,0.2639
emhagman,0.2628
zbjornson,0.2625
KevinBrogan,0.2625
randing89,0.2609
minznerjosh,0.2609
Vadorequest,0.2602
twhitbeck,0.26
shairez,0.2597
MikeMcElroy,0.259
notNotDaniel,0.259
psyho,0.2588
habfast,0.2585
jeme,0.2585
domenic,0.258
SteveShaffer,0.2577
JWGmeligMeyling,0.2572
brandonburkett,0.2571
ashishgithub,0.2561
juliemr,0.2558
michael-letcher,0.2551
prajwalkman,0.2533
sssilver,0.251
IgorMinar,0.2509
klieber,0.2505
guzart,0.25
sja,0.2496
jokeyrhyme,0.2486
Chris380,0.2478
gregwebs,0.2473
brocksamson,0.2466
gyx1000,0.2461
jaygoldman,0.2456
artch,0.2447
khoomeister,0.2445
jrvidal,0.2444
yoann-antoviaque,0.2444
khellang,0.2436
timruffles,0.2427
sjmulder,0.2423
chovy,0.2408
sdornan,0.24
nickvdyck,0.2395
lukasolson,0.2394
omsmith,0.2387
bbhoss,0.2377
calebcauthon,0.2365
goya,0.2365
altryne,0.2365
timraymond,0.2363
pkozlowski-opensource,0.2361
mbrevoort,0.2358
deplay,0.2348
rpanjwani,0.2348
alkis,0.2341
panuhorsmalahti,0.2334
lrlopez,0.2322
divercraig,0.2313
genuinefafa,0.2308
siddii,0.23
vojtajina,0.2294
ckundo,0.2273
richardcrichardc,0.2247
brettporter,0.2244
capaj,0.2237
shahata,0.223
ademuri,0.2229
hekke,0.2223
NilsHolger,0.2222
benedictchen,0.2212
DavidSouther,0.2207
seaside98,0.2195
jmendiara,0.2184
jroper,0.2175
jamiekrug,0.2163
jcompagner,0.2153
jackfranklin,0.215
lgalfaso,0.2136
oliversalzburg,0.2134
jbedard,0.2129
dizel3d,0.2125
kenspirit,0.2125
tbosch,0.2122
jeffbcross,0.2108
zdexter,0.2097
jrschumacher,0.2087
mgallag,0.2082
hjast,0.2082
amirhhz,0.207
manuelkiessling,0.2061
andi1984,0.206
zachsnow,0.2054
marshall007,0.205
m99coder,0.2044
mgol,0.204
gkalpak,0.2034
corytheboyd,0.203
carlfranz,0.2
mjc-gh,0.2
johnhoffman,0.2
DropsOfSerenity,0.2
Vibhuti,0.2
maartenst,0.2
baconmania,0.2
davidchang,0.2
danilsomsikov,0.2
sinelaw,0.1999
piranha,0.1982
auser,0.1963
jdforsythe,0.1955
rrsivabalan,0.194
hsablonniere,0.1939
caitp,0.1934
al-the-x,0.193
zgmnkv,0.1903
gregjhogan,0.189
jamshid,0.1882
teropa,0.1875
anotherpit,0.1849
tilgovi,0.1822
musclor,0.1814
diseaz,0.1798
jridgewell,0.1786
jeffwhelpley,0.1779
intellix,0.1771
kpolitowicz,0.1756
Narretz,0.1748
ganarajpr,0.1715
alexeykudinkin,0.171
NathanWalker,0.1683
maksimr,0.1679
atogata,0.1667
Traxmaxx,0.1667
basarat,0.1667
dmanek,0.1667
olostan,0.1664
fredsa,0.1661
chicoxyzzy,0.1638
petebacondarwin,0.1634
shanepelletier,0.16
joscha,0.1591
robertmirro,0.1587
luckylooke,0.1567
jbruni,0.1501
qbzzt,0.1443
dmaslov,0.1429
jorgt,0.1429
provegard,0.1385
dandoyon,0.1298
kmccullough,0.125
jrencz,0.125
bendrucker,0.1048
author,0
ghatwala,0
byronigoe,0
askhalil,0
michael-koeller,0
DrewShirts,0
zackschuster,0
codymikol,0
RichardCzechowski,0
bkiselka,0
anthonyx,0
Mephiztopheles,0
cezarsg,0
joej164,0
reda-alaoui,0
peacecwz,0
hbrotan,0
itchyny,0
oalbacha,0
Splaktar,0
sibiraj-s,0
swuttich,0
susisu,0
hoeni,0
john-mantas,0
sod,0
wyrfel,0
jknepfle,0
Snap252,0
alirezamirian,0
gscoppino,0
matthew-manuel,0
abobwhite,0
vbraun,0
mdarveau,0
deb-saunders,0
dotku,0
skryvets,0
jjhampton,0
christopherthielen,0
jasonaden,0
alonp99,0
devs4p,0
rose-m,0
jugglinmike,0
veloek,0
lisapfisterer,0
aalmkhieber,0
stevenvachon,0
AlexDEVpro,0
ImgBotApp,0
dabutvin,0
foomango,0
FordNg,0
YonatanKra,0
georgeawg,0
maxchernin,0
oBusk,0
andypotts,0
vpavlov1199,0
dmartres,0
Alaev,0
katsos,0
IdanCo,0
alopezsanchez,0
witcold,0
zalenix,0
namansancheti,0
kspearrin,0
cure53,0
puneeth8994,0
tsclaus,0
danzera,0
luciomartinez,0
leonardosouza,0
yohannest,0
vschs007,0
jakewins,0
TheHalcyonSavant,0
sbedulin,0
vigneshTheDev,0
atefBB,0
snood1205,0
sanjeevrahul,0
ed-at-work,0
jmwolfe,0
wzhtj102,0
JoshuaJWilborn,0
fcostarodrigo,0
TheRealMaxion,0
xfg,0
Xazzzi,0
PavlovGrigor,0
coderbydesign,0
eeeqxxtg,0
MeirAmar,0
yuemingl,0
HLJMT,0
ashsearle,0
edmorley,0
aeslinger0,0
jason-larigakis-hs,0
diegomrsantos,0
maecapozzi,0
pablotarga,0
lbayerl,0
wemiao,0
mrohr,0
mattlewis92,0
dimvar,0
CBedzz,0
thomasdc,0
pmcelhaney,0
kylewuolle,0
tipycalFlow,0
himanshu-9419,0
david-mark,0
davesidious,0
fbergr,0
Nikhil-Bhaskar,0
thedeco,0
damoqiongqiu,0
roger2hk,0
ChrisMondok,0
sp00m,0
kakoma,0
peterneave,0
prerial,0
MakerTim,0
fengthedroid,0
spaceribs,0
idhindsight,0
amandeepmittal,0
samuraijane,0
ojab,0
djleonskennedy,0
Rob--W,0
Karthikvenkat86,0
Drumarcco,0
arkaitzgarro,0
jasonxia23,0
TruthReveller,0
peterkidson,0
kentwalters,0
adamreisnz,0
ivanrey,0
coreystinson2,0
Harvinator,0
NoHomey,0
butla,0
Nifled,0
Erik-Codeblind,0
jsoref,0
x09326,0
stevanlauriault,0
bboyle,0
davidmartinezmarin,0
arw-travela,0
lucassant0s,0
juboba,0
hereblur,0
TomKarachristos,0
GregoryPorter,0
pharkare,0
arameshraju,0
ellimist,0
mrLarbi,0
ppham27,0
sbogde,0
davidcigital,0
jfreyre,0
prashantpawar,0
edclements,0
mohsen1,0
jbmilgrom,0
Ruanito,0
bglick,0
rohitbind,0
philip98,0
dulybon1,0
alcalyn,0
endamaco,0
Parent5446,0
kvisscher,0
miwillhite,0
RakeshYadvanshi,0
damountie,0
Priyasingh589,0
onlywei,0
vitvad,0
riyajk,0
DavidSkazy,0
avianbc,0
attritionorg,0
RonanC,0
Deklin,0
dustin-page,0
jzaefferer,0
alisianoi,0
jdai8,0
mpromonet,0
jfisher446,0
jl2922,0
thedigitalman,0
zhukov,0
mmuppa,0
atenhar,0
lirantal,0
guillaumegarcia13,0
vasekch,0
mazzur,0
romkor,0
abenchi,0
hawicz,0
geoffreybauduin,0
hhfrancois,0
vsirohi,0
micaelmbagira,0
nightcrawler91,0
ulitiy,0
gp187,0
ruidfigueiredo,0
lebloism,0
markgardner,0
MrChriZ,0
tybiwety23,0
stowball,0
SirJackovich,0
ZachLamb,0
jpekkala,0
sssemil,0
jacopomaroli,0
th-ko,0
lipeno,0
tdelmas,0
kevmo314,0
fbarrailla,0
peebeebee,0
JamieREvans,0
bcherny,0
RobbertWolfs,0
floribon,0
ajaygm,0
FGasper,0
MichaelJGW,0
MrOutput,0
eislasq,0
bubersson,0
asnar,0
dmandelin,0
realronchi,0
tupini07,0
corehtml5canvas,0
piotrkabacinski,0
samtheson,0
bedag-moo,0
Martinspire,0
jkrth617,0
rphv,0
GuillaumeSalles,0
andreyjkee,0
knpwrs,0
dancingfrog,0
AbhishekGarg,0
mjwwit,0
villelahdenvuo,0
cloverharvest,0
ShiiFu,0
AmazingJaze,0
jwcarroll,0
glenr4,0
ashclarke,0
artyil,0
timvdalen,0
maciej-kolodziejczak,0
andykuszyk,0
robinj,0
peabnuts123,0
kuroky360,0
arnaudhuc,0
Josh68,0
SHAHRUKH-KHAN,0
jianlin,0
unseen1980,0
suryasingh,0
wowczarczyk,0
tkorakas,0
pmadruga,0
aciccarello,0
Xstoudi,0
cozmy,0
greggunner,0
bobbijvoet,0
heathkit,0
gseabrook,0
marvin-SL,0
ryo-utsunomiya,0
jmcelwain,0
ptgamr,0
andrewarchi,0
rvpatkar,0
VictorDeBlas,0
Aaron-Pool,0
ArekSredzki,0
jannic,0
miccarr,0
AftabAnsari10662,0
AlexanderTserkovniy,0
remy,0
murphomatic,0
lucienbertin,0
skuhnow,0
saamed,0
vitoahmeny,0
jfmercer,0
marijaselakovic,0
TravisDart,0
rerdos,0
pra85,0
smithl,0
DrDanRyan,0
arashkbanan,0
rosyatrandom,0
saoirse-zee,0
abirmingham,0
salamanderrex,0
breadtk,0
marekciupak,0
mrac,0
vitaly-t,0
nexus-uw,0
linoleum-js,0
dpogue,0
VinceOPS,0
ev45ive,0
usernamealreadyis,0
zachlysobey,0
jiubao,0
AIMMOTH,0
SibuStephen,0
monkpit,0
IeuanG,0
nunoarruda,0
ammills01,0
TehShrike,0
jjdeu,0
yftachman,0
fijimunkii,0
mkalish,0
bisubus,0
izogain,0
frfancha,0
recursivefunk,0
katemihalikova,0
jutaz,0
majido,0
lionep,0
gcoupelant,0
ReneFerwerda,0
robstove,0
feelepxyz,0
jamesclark92,0
cmplank,0
Binvention,0
SpaRock,0
eltronix,0
Coridyn,0
sijanmilan,0
Tr4v1s,0
karaxuna,0
hieutranagi47,0
bhovhannes,0
uglu,0
Vnthf,0
xieranmaya,0
adamzerner,0
reiz,0
thodorisbais,0
josip,0
robstoll,0
melbourne2991,0
chowlouise,0
Oliboy50,0
changus,0
antonellopasella,0
aperala,0
FesterCluck,0
rstuart,0
rahatarmanahmed,0
lborgav,0
etsuo,0
ignovak,0
majello,0
gercheq,0
ghostd,0
dkrugman,0
rhbecker,0
ctaepper,0
JonyD,0
acme,0
Squazz,0
yieldinov,0
gustavopinto,0
bladefistx2,0
jimthedev,0
elkeis,0
darek,0
shelbymorris90,0
hasithaprageeth,0
Airborn22,0
omarProgrammer,0
iamisti,0
Charlie-Hua,0
jprince,0
mike-bresnahan,0
risan,0
nozelrosario,0
evansdianga,0
sevdog,0
bertyhell,0
Ariel-Isaacm,0
darabos,0
epplestun,0
kutyel,0
ivomirra,0
hahla,0
RaghavRamesh,0
alexeymetelev,0
godza,0
thinegod,0
Kristianusr,0
barif,0
spectre6000,0
koyner,0
williamtroy,0
jaydge,0
mzdunek93,0
johnz133,0
edrico37,0
Shrulik,0
techfreebox,0
rishabhjain,0
onumossn,0
daviskoh,0
juanzero000,0
Moorzee,0
humancatfood,0
kara,0
ilyes-garifullin,0
jtrancas,0
gogromat,0
sarod,0
KostyaDanovsky,0
hypery2k,0
mlh758,0
topherfangio,0
waitingcheung,0
idoo,0
marianoc84,0
earthrid,0
steven10172,0
kotmatpockuh,0
gggritso,0
JordanMajd,0
aoancea,0
MikeRyanDev,0
toastman,0
ollanta,0
indrimuska,0
aleksanyan,0
komakino,0
akshayagarwal,0
deodeveloper,0
AshrafSharf,0
spoonraker,0
mikepugh,0
evermax,0
tyrasd,0
oddui,0
MWGitHub,0
danprince,0
JungMinu,0
resalisbury,0
skaldo,0
brettdewoody,0
powerumc,0
jvorcak,0
KrekkieD,0
rehmsen,0
jd-carroll,0
gorbiz,0
AdriVanHoudt,0
kthotav,0
loren138,0
stefan--,0
elviocb,0
lee-tunnicliffe,0
aardrian,0
Utsav2,0
langdonx,0
colinmorelli,0
khaledosman,0
chrootsu,0
lukewaite,0
meliaxford,0
jonricaurte,0
martinmcwhorter,0
zhongsp,0
frankadrian,0
arm1n,0
akoshelev,0
mazenharake,0
h3rald,0
Naemy,0
rwlogel,0
akhlesh,0
ramirezd42,0
pc035860,0
stevenw,0
DikshaDeo,0
patyatka,0
arkarkark,0
Nano1237,0
tiansh,0
matthewjh,0
RolfDeVries,0
snayagar,0
dod38fr,0
jnizet,0
jniebuhr,0
tealtail,0
TommyZG,0
maurya777,0
ddavtian,0
AlexanderZon,0
APassanisi,0
joelviseu,0
M-Kasem,0
hugomenesesp,0
matthiasg,0
startswithaj,0
simon-lang,0
margh,0
hparfr,0
kadimi,0
ashishdasnurkar,0
patrickfox,0
Ore4444,0
christianreed,0
td-edge,0
gdangelo,0
nacmacfeegle,0
davidesantangelo,0
philBrown,0
jansepke,0
ElayneB,0
ewinslow,0
supergibbs,0
rncrtr,0
noam3127,0
mikol,0
scampi,0
jacobscarter,0
noynir,0
mitogh,0
ycmjason,0
vsopvsop,0
BiohZn,0
wawyed,0
iwhp,0
behzad888,0
hardikvasa,0
dwanderton,0
dlink,0
willfong,0
josherick,0
mkowalchuk,0
yuriybash,0
ThomasLandauer,0
sravenhorst,0
tjokimie,0
xavhan,0
pholly,0
rjenks,0
altescape,0
calamarico,0
eungjun-yi,0
rafasoares,0
swick7,0
bradhenslee,0
cockroachzl,0
lili21,0
niteshthakur,0
wmyers,0
yilinglu,0
damoncasale,0
dguzzo,0
tdyck12345,0
PavloKovalov,0
DrCool,0
pauljoey,0
mechpen,0
stovenator,0
gberg1,0
motin,0
twilczak,0
ryanray,0
ajbogh,0
dremonkey,0
johnculviner,0
matthewdordal,0
eczajk1,0
dnozay,0
adamweeks,0
w3apps,0
b0ri5,0
circlingthesun,0
johnnyghost,0
ciwchris,0
solispauwels,0
matthieusieben,0
jkurz,0
vokoshyv,0
aschriner,0
ElRaph,0
adam77,0
johannes-weber,0
melvin0008,0
luanshixia,0
yankee42,0
MHaendel,0
mobilabgit,0
samjacobclift,0
mchambaud,0
marcelrouw,0
buraktamturk,0
jpgrace,0
DanielBertocci,0
jpribesh,0
Matt-Hill-83,0
brphelps,0
RobertjanTuit,0
felixfbecker,0
dtritus,0
loueradun,0
markTreveil,0
slavede,0
rparrapy,0
toncid,0
mustela,0
michaelbudnik,0
HichemBenChaaben,0
mircare,0
booleanbetrayal,0
barillax,0
gonengar,0
logeshpaul,0
yuvi1422,0
dgieselaar,0
jtorbicki,0
sbialy,0
NorikDavtian,0
puppeteer701,0
cvbuelow,0
toxaq,0
svershin,0
meldaravaniel,0
RodneyEbanks,0
tsuyoshizawa,0
SyntaxRules,0
eeue56,0
davej,0
RaphStein,0
gautelo,0
RobiFerentz,0
wuyiw,0
amZotti,0
kjarnet,0
christopher-ramirez,0
SonofNun15,0
cesarandreu,0
thelgevold,0
josephmarkus,0
mikec,0
bruteforce,0
bborowin,0
Mishurin,0
ejb,0
fredrikekelund,0
zbycz,0
jkjustjoshing,0
martellaj,0
gonghaima,0
GregM,0
jparmar,0
willnorris,0
edthedev,0
awdyson,0
pankajparkar,0
FlamesoFF,0
Rohit3230,0
bhalajin,0
zamith,0
pauljadam,0
NickClark,0
adamdbradley,0
yohanh,0
antoine-richard,0
reubenbrown,0
okiss,0
ahmedalejo,0
HandyAndyShortStack,0
HarveyZhang,0
ckniffen,0
scottty881,0
benoror,0
pbrain19,0
chrisranderson,0
cades,0
IngoVals,0
iamchairs,0
rwuebker,0
hugomn,0
dheidebrecht,0
izeye,0
morrissinger,0
hannahhoward,0
AnthumChris,0
steowens,0
rohitkandhal,0
unspike,0
aaronfrost,0
LorenzoDV,0
AlexYursha,0
Agrumas,0
Yahkob,0
mhoffmeyerDC,0
Starojitski,0
MetalMichael,0
prashantma,0
samilamti,0
bricss,0
robinwassen,0
espiler,0
thinkingmedia,0
KELiON,0
AshutoshAm,0
joeenzminger,0
rwoloszyn,0
rubenswieringa,0
grubersjoe,0
Hypercubed,0
luisgallon,0
kubawalinski,0
filipedeschamps,0
mtr,0
stryju,0
othiym23,0
jgoux,0
micahblu,0
litera,0
acegautam,0
Elijen,0
jDeppen,0
praxeo,0
alfonso-presa,0
bluepnume,0
hrodic,0
mmouterde,0
Tobbe,0
eosimosu,0
mkllnk,0
vahan-hartooni,0
piernik,0
shyamal890,0
karlcoelho,0
FrankReDo,0
pacarole,0
jayoungers,0
brycehanscomb,0
kenhtanaka,0
fundon,0
richardaday,0
anyong,0
rus0000,0
kchia,0
lbm,0
jowusu837,0
HAKASHUN,0
OKNoah,0
FarSeeing,0
jwmu,0
alextsg,0
gokulkrishh,0
ghoti143,0
SunJieMing,0
saan1984,0
evoluteur,0
operatino,0
pertrai1,0
olexme,0
toddskinner,0
lolmaus,0
mcknell,0
jkingsman,0
jacksonhoose,0
johnlindquist,0
zdlopez,0
teachrdan,0
djindjic,0
F1LT3R,0
QuentinFchx,0
richtmat,0
sshawuk,0
dannycallaghan,0
brianjscoles,0
grzim,0
saibotsivad,0
donataswix,0
dbabaioff,0
filipposarzana,0
Rowanto,0
elad,0
Maaartinus,0
clarkduvall,0
carusog,0
jhoguet,0
madskonradsen,0
ginader,0
yannickadam,0
philippd,0
whayler1,0
hartz89,0
darul75,0
chasefleming,0
irfanevrens,0
ben-botto-bgi,0
jacobpierce,0
sagar-ranglani,0
bobrik,0
atesgoral,0
erictheise,0
dannyid,0
rgksugan,0
gildas-lormeau,0
sricc,0
ajohnston256,0
Sija,0
awerlang,0
dusbuss,0
thirtyseven,0
rupe120,0
chltjdgh86,0
trizko,0
Toilal,0
royaldark,0
bwestrich,0
supersonicclay,0
IShotTheSheriff,0
terite,0
diwu1989,0
chatchavan,0
SanderElias,0
bantu,0
marcolino,0
EverPresent,0
mcjffld,0
divyang4481,0
imcotton,0
btelles,0
AdirAmsalem,0
tk120404,0
yarsh,0
danielmbarlow,0
nantunes,0
gampleman,0
rsperberg,0
gweax,0
monirmamoun,0
mathisjay,0
abelorian,0
ryansmith94,0
nalbion,0
joe-watkins,0
philosoralphter,0
kboutsen,0
EspenHolmen,0
ChristianKohler,0
lukehorvat,0
digitalica,0
MarkTraceur,0
christianliebel,0
samccone,0
luruke,0
nehiljain,0
amrynsky,0
psysp,0
douglasduteil,0
princemaple,0
lguyot,0
Juanmcuello,0
wedneyyuri,0
dmytroyarmak,0
jonlemmon,0
mernen,0
wilgert,0
ee0pdt,0
jdiver,0
ChrisBellew,0
Taritsyn,0
alexnorton,0
websiddu,0
afshinator,0
LegalizeAdulthood,0
m48u,0
mshoaibsheikh,0
lnmunhoz,0
rafinskipg,0
oefirouz,0
rangoo94,0
az7arul,0
rahilwazir,0
bgotink,0
coditect,0
tiff,0
Southward,0
kelp404,0
palermo4,0
agamrafaeli,0
mmccordhp,0
shigi,0
ananthasharma,0
roylines,0
mayhemm,0
dylang,0
PitBeast,0
petermelias,0
nik-garmash,0
lucasconstantino,0
sebas5384,0
jameskleeh,0
brianfeister,0
JakubZych,0
elgalu,0
sterlingw,0
solderjs,0
DaAwesomeP,0
frekele,0
schmitch,0
caseyg1204,0
santiycr,0
VictorQueiroz,0
userpixel,0
lmmfranco,0
biversen21,0
mishoo,0
JensGabe,0
mvpspl619,0
janv,0
briancavalier,0
spion,0
paquettea,0
floydpink,0
gersakbogdan,0
aygee,0
IcanDivideBy0,0
renatoluna,0
43081j,0
yozo1984,0
wwwillchen,0
kashjs,0
jamesanthonyferguson,0
Trendy,0
rcollette,0
jeffavis,0
calidion,0
atav32,0
bocharsky-bw,0
mattphoto,0
ahmerafzal,0
ddoronin,0
maip,0
deveshkrsingh,0
ltfschoen,0
guisouza,0
mbildner,0
chandramuralis,0
SirTophamHatt,0
sitthykun,0
celiao,0
harrastia,0
dfalgout,0
lorenzhs,0
allegrem,0
demsey2,0
fmagnan,0
rubenv,0
OverZealous,0
knalli,0
sercaneraslan,0
BenoitCharret,0
nimamehanian,0
gitMbar,0
zymsys,0
jnraine,0
sathify,0
rayray,0
rdquintas,0
ajayparsana,0
johnnyreilly,0
dennishall1,0
nicolaiskogheim,0
patelvin,0
deckar01,0
FuzzySockets,0
mackenco,0
zahragh,0
jsgoupil,0
danbergman,0
rush340,0
samuelharden,0
mishoo78,0
pandamouse,0
EmmanuelDemey,0
henrik,0
estekhin,0
pablopda,0
BartoGabriel,0
wheatking,0
bhollan,0
marneborn,0
ChristopheBoucaut,0
wuxutao,0
yannickoo,0
pdebaets,0
jessebeach,0
Wizek,0
jgoeglein,0
anonRegions,0
johnrapp,0
jchadwick,0
notatestuser,0
magrabow,0
paranoidandroid522,0
hankduan,0
derrickmar,0
drewbarbs,0
jsdevel,0
stvortiz,0
joshbowdoin,0
JoshSchreuder,0
k-funk,0
Mayho,0
Hendrixer,0
nwiebe,0
dbwhddn10,0
chirag04,0
amyboyd,0
sherm008,0
trirach1,0
danielkrainas,0
stevefaulkner,0
david-driscoll,0
tinusn,0
cmmartin,0
jgrenat,0
rayshan,0
treyhunner,0
eekboom,0
caguillen214,0
jordanms,0
winsontam,0
sideshowbarker,0
kasoban,0
fogonthedowns,0
loddit,0
vladimir-vg,0
vikramsoni2,0
cameronroe,0
danbarua,0
andrewtarry,0
psakar,0
ramnes,0
guilbep,0
dmatteo,0
kevinjamesus86,0
tlewin,0
zuzusik,0
vaibhavkhl,0
OnkelTem,0
krom-xr,0
vincentjames501,0
bukharin,0
BrianMcBrayer,0
cranesandcaff,0
JohannUlbrich,0
swlasse,0
paglias,0
ntrrgc,0
Delagen,0
cdmckay,0
gdennie,0
aakash-cr7,0
saifanam,0
aaani,0
sndsgn,0
fabiancook,0
dlavoieb,0
laurentqro,0
MichaelSp,0
amccausl,0
ripper2hl,0
hoosin,0
ckknight,0
bernhard-hofmann,0
joeyyang,0
tjad,0
jca258,0
archer308,0
eyedean,0
alexandrevoilab,0
fuqcool,0
cra-rgourley,0
xi,0
Crozin,0
niemyjski,0
mkawalec,0
inancgumus,0
timschlechter,0
NV,0
joshuawoodward,0
winescout,0
srats,0
EmperorEarth,0
danse,0
oivvio,0
sharppanda,0
gsc-leticia,0
Steve-Fenton,0
chadoh,0
aschokking,0
osama-lionheart,0
ImaginaryDevelopment,0
dumpweed,0
zainengineer,0
dalinaum,0
erikmunson,0
ttencate,0
amarpatel,0
4vanger,0
willrstern,0
vnesterovsky,0
kevinji,0
clark-pan,0
codenameEli,0
idupree,0
bedabliu,0
pixmin,0
slavafomin,0
NVTechAU,0
ermalmino,0
Cinamonas,0
jensaug,0
jonakerstrom,0
wittydeveloper,0
trevordowdle,0
stephenjudkins,0
orlando,0
trodrigues,0
yaronuliel,0
EisenbergEffect,0
GrizzlyMcBear,0
FGRibreau,0
412andrewmortimer,0
timkendrick,0
dolymood,0
sbstp,0
christang,0
anasqadrei,0
greetingsj,0
lee-elenbaas,0
MonikaMahanthappa,0
michaelkrog,0
arigoldx,0
vinayk406,0
mjfroehlich,0
mickeywu,0
rousisk,0
eydreeyawn,0
judytuna,0
karolmajta,0
722C,0
toymachiner62,0
rocketraman,0
arcanis,0
r3m0t,0
joelhooks,0
daviesgeek,0
tomyam1,0
nitulkukadia,0
AnirbanKundu,0
TracesOfNut,0
jeremymfinch,0
khasinski,0
CesarAfonso,0
akofman,0
LaurentTardif,0
starr0stealer,0
darojuv,0
CodisRedding,0
RobertKielty,0
malixsys,0
lukaszprus,0
roine,0
abhiroyg,0
stephennancekivell,0
devamir,0
LukeLin,0
sorahn,0
gumatias,0
akiani,0
jayvan,0
onefifth,0
martinjezek,0
aeharding,0
b9chris,0
donaldpipowitch,0
thynctank,0
co0lsky,0
viniciuspires,0
Nipol,0
mikaraento,0
Bobdina,0
memolog,0
justindujardin,0
AKST,0
yohairosen,0
4kochi,0
jvans1,0
alexsanford,0
RomainLK,0
ccfontes,0
klyrr,0
theDustRoom,0
AJCraddock,0
LorDOniX,0
bartoszhernas,0
mahopa,0
fchastanet,0
Argentum88,0
carlosV2,0
globin,0
flashbackzoo,0
sqren,0
alexdmiller,0
dankohn,0
tanx,0
metaweta,0
gabzim,0
cfclrk,0
Yankovsky,0
excentric,0
WardMe,0
chalin,0
mccloskey,0
Brianmanden,0
andytompkins,0
nellylam,0
MigFerreira,0
thiago-negri,0
davidmichaelkarr,0
dignifiedquire,0
heymatthew,0
serzh,0
takashi,0
meredrica,0
albyrock87,0
rexwang,0
justechn,0
tameraydin,0
bradwheel,0
UnicodeSnowman,0
HeNine,0
valtron,0
edhedges,0
jsouthard,0
peleteiro,0
tarjei,0
Rajat-Chowdhary,0
phuongnd08,0
tewen,0
askundervisning,0
TimotheeJeannin,0
morganrallen,0
deini,0
4name,0
TERRANZ,0
hiquest,0
enfk,0
longoria,0
create-renegr,0
quicksnap,0
maciek134,0
bbrown,0
sgtpepper43,0
speedyankur,0
bernardeli,0
cexbrayat,0
gitnik,0
gnomeontherun,0
jennifersong,0
iPirat,0
greglockwood,0
michalliu,0
nodecode,0
luizfilipe,0
piotr-cz,0
mllrjb,0
titoBouzout,0
brettshollenberger,0
cconstantin,0
carab,0
louis-reed,0
bramslob,0
d4rkr00t,0
gregkowalski,0
bradw2k,0
kavuri,0
bitliner,0
vrutberg,0
toebu,0
inetfuture,0
old9,0
sgrebnov,0
shql,0
Sequoia,0
attodorov,0
poum,0
vucalur,0
rorymadden,0
quakehead,0
githubjeka,0
jasonswearingen,0
kasparasg,0
Qambar,0
kanyuga,0
aalvarado,0
stephenleicht,0
thomasofdenmark,0
soluml,0
ChadKillingsworth,0
fbenz,0
dluxemburg,0
ruifortes,0
JohnKurlak,0
jpommerening,0
mr-mig,0
alexbeletsky,0
alexeyraspopov,0
dev-tim,0
traa,0
jukkasi,0
dagingaa,0
dukehoops,0
maklemenz,0
edrpls,0
bcamp1973,0
climboid,0
tobio,0
westj,0
bpampuch,0
CGenie,0
mgmorcos,0
alboyadjian,0
michaelpelletier,0
Substr,0
sflahave,0
bendowski,0
amj,0
kueblboe,0
eranbo,0
vlopez5,0
tan9,0
egobrain,0
spalger,0
wejendorp,0
ParvSangha,0
sbenjamin,0
atdrago,0
flicus,0
johannestroeger,0
glix,0
elemoine,0
jumph4x,0
colszowka,0
mdmunir,0
bisdg,0
ponyesteves,0
migaber,0
asCii88,0
Planet910,0
IzikAJ,0
chulian1819,0
llexical,0
matthewhintzen,0
aleclofabbro,0
canvaspixels,0
rgiard,0
mercibe,0
letsmakesense,0
joshuaflanagan,0
kbudde,0
spirographer,0
botverse,0
dejanr,0
carlosrymer,0
disintegrator,0
joshhunt,0
ndamnjanovic,0
garakh,0
bioform,0
scottsword,0
robustican,0
marcalj,0
icruces,0
apolishch,0
neil-rubens,0
renz45,0
pstephenwille,0
intergalactickraigor,0
twchapman,0
Petrie,0
cmtt,0
cdaringe,0
dmvt,0
sgronblo,0
darkoverlordofdata,0
blakewest,0
Maxim-Filimonov,0
mgechev,0
mdudek,0
ondracervinka,0
sdenier,0
prateek14,0
daniran,0
EvilJimJafar,0
mrackwitz,0
marcwright,0
kimwz,0
pyriand3r,0
leniel,0
theredpea,0
gorakhargosh,0
jakubsikora,0
JobaDiniz,0
bsandrow,0
gillius,0
rwilhelm,0
sethstone,0
halloffame,0
jamesvanleuven,0
dlukez,0
bourey,0
Kazark,0
johnpapa,0
numediaweb,0
rustyfausak,0
andreas-gruenbacher,0
ricochet1k,0
royling,0
jrupac,0
TylerEich,0
yentheo,0
michalgm,0
BrianBarker,0
rpocklin,0
IlanFrumer,0
Antonio-Laguna,0
dozingcat,0
chrispaul8484,0
andresilveirah,0
Sean-Der,0
Igosuki,0
Sinetheta,0
nelsonpecora,0
jr314159,0
itamarro,0
VTJamie,0
willthefirst,0
blakeblackshear,0
Uplink03,0
leog,0
kasajian,0
maximvl,0
WhatFreshHellIsThis,0
bripkens,0
caseyn,0
jdhiro,0
bastiendonjon,0
zarroba,0
bc-luke,0
plalx,0
alabid,0
ronnieoverby,0
vicb,0
zbabtkis,0
noducks,0
mikepro,0
delaman,0
markjszy,0
scottopherson,0
mike-schenk,0
portersi,0
moretti,0
kevinsimper,0
ggalmazor,0
eunomie,0
olivvv,0
redaemn,0
burkeholland,0
bfricka,0
squirly,0
tautvilas,0
ZAYEC77,0
kimpettersen,0
Sharondio,0
JamesWatling,0
istarkov,0
pawelrychlik,0
evictor,0
jesse-browne,0
kurtfunai,0
michalc,0
nairb774,0
unclejustin,0
sicarrots,0
jerzydem,0
gbezyuk,0
codejet,0
pete,0
rino65,0
ludinov,0
GabrielDelepine,0
sephie,0
mattiash,0
miknsh5,0
crissdev,0
ArnauAregall,0
gauravmeena0708,0
tagazok,0
bryanrscott,0
vvakame,0
wienand,0
thvd,0
KautskyLozanoV,0
chriswjones,0
Dreamwalker666,0
phillyslick,0
riatiger,0
destegabry,0
ThomasWeiser,0
michalkvasnicak,0
uglow,0
builtbylane,0
NathanielAJohnson,0
runxc1,0
whyvez,0
andyferra,0
michael-wirth,0
gerstnr,0
grimwinoleader,0
elado,0
vadimpopa,0
blaise-io,0
dimirc,0
jstrachan,0
snostorm,0
alexjc,0
drozzy,0
jfroffice,0
RodolpheGohard,0
ilkka-rautiainen,0
hswolff,0
elwinarens,0
brwr,0
deepak-kapoor,0
bcaudan,0
mathieubigorne,0
salzig,0
wjtk,0
nordligulv,0
tokafish,0
phelipemaia,0
mwq27,0
xenosoz,0
shaneneuerburg,0
leider,0
israelidanny,0
spectralblu,0
hc5duke,0
vanner,0
orneryd,0
amit777,0
JustMaier,0
peey,0
alekstorm,0
mattdanskey,0
trashhalo,0
fidian,0
sulmanen,0
pmccaughtry,0
munsellj,0
jimmykane,0
markscholtz,0
jeffsmohan,0
slobo,0
psi-4ward,0
rodrigopedra,0
toota151,0
mb-dev,0
igienger,0
bbaia,0
dmkc,0
noeticpenguin,0
rhysbrettbowen,0
vin,0
burrows,0
michelsalib,0
glepretre,0
thomasguillory,0
theRobinator,0
stereokai,0
jdrake,0
matthughes,0
thenickcox,0
deakster,0
ryanzec,0
petrjasek,0
blubaugha,0
plus-,0
sebastienroul,0
iamedu,0
lisgiu,0
Mparaiso,0
eknkc,0
jonathannorris,0
mlandalv,0
gabrieledarrigo,0
TheHippo,0
wedgybo,0
phillipalexander,0
aevange,0
alexraginskiy,0
tathamoddie,0
Bit-Rot,0
maxhq,0
bfanger,0
bhollis,0
carlosbaraza,0
lobodpav,0
egrajeda,0
ktgerg,0
svenanders,0
finishingmove,0
rthomson83,0
bigcmos,0
jure,0
nissoh,0
Macadoshis,0
webuniverseio,0
brandonaaskov,0
janbaer,0
MrIsaacs,0
beninfobelt,0
wardbell,0
ariesjia,0
JulianMayorga,0
cleyshan,0
keithbranton,0
surjikal,0
gabrieleds,0
stalnuhhin,0
monobyte,0
danrigsby,0
maxims33,0
Nathan-Smith,0
shuklix,0
boardbloke,0
MaxPower15,0
ajtrolls,0
daveschoutens,0
Swalden,0
ivan-saorin,0
Devora,0
padakuro,0
K0genta,0
andrezero,0
nkbt,0
senthanal,0
oric01,0
neekey,0
ViieeS,0
jifwin,0
gaborcs,0
c9s,0
racklin,0
zhusee2,0
jolealdoneto,0
scamden,0
swar30,0
deigote,0
pgilad,0
netpoetica,0
nosideeffects,0
andrewvida,0
georgebonnr,0
andrewstuart,0
rjferguson21,0
ondrs,0
mattisfrommars,0
mcfedr,0
geelen,0
benbenwilde,0
ricricucit,0
joeriks,0
KevinSheedy,0
micole,0
mofas,0
gregolsky,0
auchenberg,0
munet9,0
itamarkalimi,0
komputist,0
ahamal,0
tkothe,0
redconfetti,0
alexander-paukste,0
smessing,0
cphillips,0
dound,0
greenie,0
sanketsaurav,0
lucipacurar,0
gchurchley,0
allaud,0
RomanManz,0
rtpm,0
ADmad,0
c0rrupt,0
philholden,0
gauthamses,0
suhajdab,0
anfedorov,0
RobertLowe,0
tomjakubowski,0
tortlieb,0
anshul,0
spiderpug,0
lucsky,0
maxwellium,0
mrdungx,0
gustavohenke,0
Valorum,0
ryn101,0
Eduardo-M-Cavalcanti,0
robfletcher,0
splurgy-doug,0
dagumak,0
jamesandersen,0
8bitDesigner,0
arunisrael,0
grantyb,0
mmieszek,0
asilluron,0
damiengenet,0
DanS,0
joshschumacher,0
nicolasbrugneaux,0
victorb,0
joshmcadams,0
mfo,0
pavelnikolov,0
samuelcotterall,0
sunnylost,0
davegonzalez,0
vtorves,0
Claud,0
tylermcginnis,0
poeticninja,0
liebeskind,0
heikki,0
demike,0
mjtko,0
tolgaek,0
ghurley,0
artur-trzesiok,0
tedjp,0
hnordt,0
frapontillo,0
frankamp,0
mbonaci,0
shidhincr,0
mjtamlyn,0
akent,0
wilsonjackson,0
clakech,0
jasonzhang2022,0
georgantasp,0
pedubreuil,0
L8D,0
kevinSuttle,0
JDvorak,0
mrzmyr,0
xiehan,0
wmertens,0
tmaximini,0
soonlive,0
mhayes14,0
tkrotoff,0
kwpeters,0
giovannibonetti,0
adamdonahue,0
jhanink,0
simeonwillbanks,0
mstaessen,0
kevin-smets,0
ojacquemart,0
trask,0
jraede,0
martco,0
rcullito,0
amatiasq,0
bertrandgressier,0
maenu,0
SebC99,0
rixrix,0
bstruthers,0
edokeh,0
fotomut,0
colincasey,0
ishanray,0
James-Dunn,0
blai,0
aczekajski,0
jbmoelker,0
wlepinski,0
swayf,0
wlingke,0
rvignacio,0
bobber205,0
coma,0
bryanrsmith,0
kulte,0
Pitel,0
ream88,0
umurkontaci,0
ts-web,0
brakon,0
Silwing,0
bsiddiqui,0
butchpeters,0
daniellmb,0
isabo,0
bcharp,0
doup,0
xrg,0
olgasmola,0
machard,0
jakub-bochenski,0
dahlb,0
paolodm,0
NickHeiner,0
anthonypt87,0
willfarrell,0
d-simon,0
hrbonz,0
gunn,0
muratcorlu,0
kevin-king,0
sparty02,0
igorlima,0
vishalpanchamia,0
snowyu,0
mhicauber,0
draptik,0
braincomb,0
bbshopadmin,0
willtj,0
cleberdantas,0
muszek,0
enapupe,0
fscofield,0
jmdobry,0
Tomtomgo,0
blackenedwings,0
eranimo,0
axschech,0
JohannesHoppe,0
DinisCruz,0
maniakill,0
anoopmd,0
logist,0
Pindar,0
czechdude,0
guanbo,0
ToucheSir,0
pburgmer,0
mabuzer,0
ricardo37,0
bashmish,0
mhallin79,0
pelme,0
KendallPark,0
marcorinck,0
ooflorent,0
dalcib,0
justinrknowles,0
arctouch-josefreitas,0
aeby,0
jasonm23,0
robdodson,0
colinfrei,0
jussik,0
ledbettj,0
leesei,0
hallister,0
expando,0
teddyhwang,0
malsup,0
sbruchmann,0
jorgenfb,0
codef0rmer,0
flekschas,0
vict-shevchenko,0
rnikitin,0
mikach,0
DonghuiZhuo,0
bzitzow,0
starzou,0
brettle,0
kirstein,0
warnerandy,0
ebeal,0
jasonals,0
zivc,0
bleggett,0
alexurdea,0
atian25,0
vsraptor,0
niallsmart,0
timborodin,0
AndyHitchman,0
kamrul-islam,0
jgallen23,0
neilmcgibbon,0
Nitrodist,0
ethanli83,0
naomiblack,0
kevinastone,0
zappan,0
StrayEddy,0
andresfelipemendez,0
skuester,0
Jarlakxen,0
rugginoso,0
ejosvp,0
whuhacker,0
thallisphp,0
jimmytheneutrino,0
Stegoo,0
Vinoth18,0
etiennebarrie,0
daslicht,0
natefaubion,0
anfurny,0
grapswiz,0
nateabele,0
KJTsanaktsidis,0
jardilio,0
maximnaidenov,0
cnjsstong,0
RobbinHabermehl,0
vsviridov,0
nspaeth,0
ctrahey,0
morgs32,0
christianacca,0
eahutchins,0
jonnysamps,0
michaelhunziker,0
blakeholl,0
czjvic,0
vvatikiotis,0
davesque,0
brooksbp,0
bibach,0
goldibex,0
jfache,0
npup,0
richardjohn,0
carldanley,0
simonsparks,0
mattgaffin,0
neenhouse,0
Dolmio,0
lichenhao,0
gdamjan,0
SchizoDuckie,0
edgar-humberto,0
parliament718,0
ChristianWeyer,0
darrenahunter,0
arcfieldOSS,0
joshball,0
rctay,0
LaurentMox,0
michaeltaranto,0
Miuler,0
cooldht,0
sergiopantoja,0
davgothic,0
Kleptine,0
nadavsinai,0
jojosati,0
bmm6o,0
angeloh,0
turian,0
Beelal,0
joaomsa,0
sompylasar,0
Gwash3189,0
jwagner,0
pixelcort,0
katzlbt,0
rajeshmanepalli,0
tonatiuh,0
jsjant,0
mike-ward,0
jackatkoeln,0
mgonto,0
Sorbing,0
xdissent,0
cwerner87,0
pdf,0
brianmarco,0
mnafricano,0
lastnico,0
davydotcom,0
jbcpollak,0
JanLaussmann,0
tromex,0
neoasterix,0
gregbiv,0
fessyfoo,0
escalant3,0
ericsubach,0
pmeskers,0
jpalumbo,0
thanhthang20,0
dailystore,0
scardine,0
chrismatheson,0
leemicw,0
agrublev,0
jbourassa,0
johnparn,0
jaredly,0
jmpicnic,0
kashifw,0
kharnt0x,0
aleksabl,0
Smerity,0
aluedeke,0
matthewrk,0
atomical,0
jimmydivvy,0
srfrnk,0
meenie,0
fineline,0
alanklement,0
happygiraffe,0
lancecaraccioli,0
cgrayson,0
mems,0
worrel,0
pvasek,0
mattymess,0
kierans,0
AndreiShostik,0
gevgeny,0
scottux,0
ostera,0
kdekooter,0
wildlyinaccurate,0
Tyny,0
jasadams,0
designbyadrian,0
mjeanroy,0
paulyoung,0
dkvasnicka,0
thewarpaint,0
imccoy,0
wolfgangmeyers,0
kevinfriedheim,0
darvin,0
tebriel,0
iffy,0
fitzchak,0
jimlyndon,0
protoze,0
mikeobrien,0
jgrund,0
uicestone,0
lennybacon,0
bThere,0
danielstockton,0
torgeir,0
unludo,0
shikolay,0
honzajde,0
atul221282,0
kevinrenskers,0
andershessellund,0
pstoica,0
deanapeterson,0
web36m,0
ts46235,0
SQiShER,0
andimarek,0
jeremyruppel,0
grobmeier,0
simmu,0
bropp,0
gyllstromk,0
shanewg,0
risingfish,0
Aldekein,0
alexmglover,0
EvilTengil,0
gyarra,0
jakebruemmer,0
yoonchee,0
hurkanakbiyik,0
hiteshghanshas,0
WillsB3,0
artoale,0
whiplashomega,0
jaydiablo,0
yegeniy,0
colinkahn,0
aaronleesmith,0
shane-green,0
jkingyens,0
aaronshaf,0
zakdances,0
estufa8,0
nickretallack,0
guilloche,0
mgan59,0
A-Gochnio,0
pattern,0
tadeuszwojcik,0
nil4,0
mike-spainhower,0
episodeyang,0
philjones88,0
BartlomiejSkwira,0
toovs,0
gorillamania,0
TheBlockchainDeveloper,0
solidspark,0
KilianSSL,0
davorpeic,0
marklagendijk,0
shea256,0
elvenking,0
lucianenache,0
Onumis,0
tangentfairy-zz,0
gurdotan,0
adrianduke,0
jdscolam,0
ddahan,0
danicomas,0
dereksantos,0
alecswan,0
TimothyAhong,0
akarelas,0
blabno,0
gorkunov,0
jshado1,0
yaroslav-ulanovych,0
laurent22,0
joekilner,0
marcospgp,0
ksperling,0
patrickkettner,0
Rosseyn,0
NaomiN,0
gockxml,0
brunocoelho,0
chadwhitacre,0
alexeygolev,0
lukasmlady,0
brent-morrow,0
holic,0
austingreco,0
kevin-wells-iq4bis,0
thiloplanz,0
alexlamsl,0
randallb,0
scomma,0
houqp,0
skusunam,0
pborreli,0
lnplnp,0
SamuelMarks,0
chad-configit,0
henrikhulgaard,0
mchapman,0
casio,0
klenis,0
abuchanan-grio,0
biiiipy,0
marcog83,0
romanesko,0
torifat,0
ncswenson,0
antoinepairet,0
Mingism,0
ineedfat,0
De-Luxis,0
sujeetpillai,0
barries,0
neilsarkar,0
sshepard,0
jwok,0
marcospassos,0
aflock,0
brodin,0
ia3andy,0
DerAlbertCom,0
djtarazona,0
mdeinum,0
tonywok,0
schmurfy,0
red-0ne,0
bcronje,0
outlawtorn,0
paulyoder,0
ncammarata,0
michaelhart,0
sirlantis,0
allaLad,0
barhaleacct,0
oori,0
stasgrom,0
georgiyordanov,0
bbroome,0
ifeins,0
marcelaraujo,0
RichardAlan,0
klebba,0
serebrov,0
angelyordanov,0
kormanyuri,0
fudini,0
StephanHoyer,0
colinskow,0
AlphaGit,0
j0hnsmith,0
Maome,0
pbtura,0
jtammen,0
tynman,0
decates,0
crarchitech,0
myinsiders,0
RyanElfman,0
Rodeoclash,0
blackgate,0
andheiberg,0
tedyyu,0
jaulz,0
kyrios,0
mbarzeev,0
lancevo,0
Schibum,0
Iristyle,0
vladikoff,0
cowboy,0
shama,0
shyndman,0
xcompass,0
Andrew-McLeod,0
tpodom,0
trygvis,0
stevedomin,0
jrief,0
mariojunior,0
icenine457,0
pavelarnost,0
nils-wisiol,0
felixebert,0
dbrans,0
jc00ke,0
Gutek,0
evdoks,0
lynaghk,0
davisford,0
iknite,0
maciejblinkbox,0
pascalm,0
daspecster,0
kkurni,0
gaiottino,0
johnnyelwailer,0
BrynCooke,0
guillaume86,0
elaleprieto,0
FlyersWeb,0
worldspawn,0
KamranMackey,0
wgriffiths,0
thelvey,0
srigi,0
schmuli,0
sudhakar,0
Ghoughpteighbteau,0
caiges,0
pabramowitsch,0
gunnarlium,0
rick-kln,0
TomKaltz,0
steinerj,0
bracketdash,0
svileng,0
aminariana,0
willthemoor,0
kanwei,0
mbrowne,0
robot-head,0
patgannon,0
devakone,0
pavelgj,0
kmayer,0
klokoy,0
xrado,0
LucaLanziani,0
jayzeng,0
imageoptimiser,0
fletchgqc,0
justmoon,0
alexandermontgomery,0
bjconlan,0
nathanprobst,0
ahk,0
inuwan,0
flazz,0
zobier,0
jsyrjala,0
droope,0
wagnerfrancisco,0
mb21,0
IAmBrandonMcGregor,0
VELIKII-DIVAN,0
sandipchitale,0
romainneutron,0
thetrevdev,0
JogoShugh,0
snjoetw,0
MathRobin,0
tdterry,0
xealot,0
nlaplante,0
debetimi,0
rgaskill,0
freshtonic,0
neocris,0
dcu,0
Enome,0
ideaocean,0
cagataycivici,0
annavester,0
pappu687,0
partap,0
jeado,0
bsmarsh333,0
jlubean,0
claydiffrient,0
arbitrix,0
taichi,0
chrisdew,0
GlennKirbo,0
johntday,0
saurabhnanda,0
PeteAppleton,0
adam33,0
jamesreggio,0
rewritten,0
jergason,0
imjoshholloway,0
chadhietala,0
davedx,0
Sate,0
GulinSS,0
sirkitree,0
patcito,0
sharq1,0
paulwalker,0
dturkenk,0
mazhekin,0
stodd,0
sallespro,0
prognostikos,0
deviousdodo,0
pedrodelgallego,0
dehru,0
NARKOZ,0
daaain,0
bsparks,0
jmeiss,0
lifeiscontent,0
zhuomingliang,0
ghsyeung,0
godmar,0
camshaft,0
traviswatsonws,0
iwein,0
marco-m-alves,0
grevory,0
jzacsh,0
stephanebisson,0
PascalZajac,0
nancoder,0
benjamine,0
AlexGalays,0
petrovalex,0
camwest,0
tazsingh,0
metamatt,0
mvolkmann,0
ebidel,0
zzal,0
brettlaforge,0
briceburg,0
SET001,0
ecolak,0
BeOleg,0
ifeltsweet,0
jon64digital,0
c-johnson,0
7c6f1568-555e-42a8-aff6-9045799c8b86,0
thughes,0
abdulazeezsk,0
keeth,0
debovis,0
SebastianBogado,0
NecoleYu,0
sgtpep,0
hkdobrev,0
vishal1shukla2,0
alexwestholm,0
orlenko,0
rigolepe,0
mordendk,0
skrivanos,0
veroniquepelletier,0
leeola,0
sym3tri,0
fluxsaas,0
lessless,0
pdswan,0
vasa-chi,0
cristatus,0
thomseddon,0
fernandoacorreia,0
xrchen,0
rtcarlson,0
rbygrave,0
shyamseshadri,0
rudylattae,0
beatscode,0
lascap,0
rishabhsrao,0
m5m1th,0
mkmik,0
m6w6,0
derokorian,0
adamwynne,0
syrusakbary,0
kvirkki,0
tomagladiator,0
matohawk,0
MrOrz,0
ItsLeeOwen,0
jonymusky,0
ProdigyView,0
walski,0
chrisbranson,0
ahall,0
esbullington,0
fx,0
vizo,0
brentpayne,0
osimicek,0
alimills,0
steinjak,0
andyneville,0
freewind,0
rzajac,0
chanpory,0
laurent-le-graverend,0
samstr,0
stefan79,0
jarretraim,0
zergin,0
michaelmoussa,0
zhenbzha,0
jonlarsson,0
Salmatron,0
jnadler,0
mknecht,0
dcsg,0
xrd,0
danielzen,0
ysiadf,0
hugojosefson,0
recht,0
robertjd,0
ejain,0
jeremywarne,0
ctataryn,0
idosela,0
arantius,0
pagebrooks,0
aornelas,0
