author,percentage
facebook-github-bot,1
stale[bot],0.8723
netlify[bot],0.8151
jamesmfriedman,0.5348
iansu,0.5117
stristr,0.5
jaydenseric,0.4951
jamesgeorge007,0.4897
amyrlam,0.4781
mxschmitt,0.4746
Daniel15,0.4644
swaminator,0.4602
yordis,0.4558
mikeattara,0.4474
neoziro,0.4418
arcanis,0.4414
eivind88,0.4374
selbekk,0.4367
zx6658,0.432
petetnt,0.4233
Downchuck,0.422
NShahri,0.4092
mlazowik,0.4074
matthewdavidson,0.4058
jasonLaster,0.4057
weswigham,0.4039
SimenB,0.4029
jaredpalmer,0.402
Pajn,0.4003
bradziolko,0.3981
mAiNiNfEcTiOn,0.3955
rovansteen,0.3901
lixiaoyan,0.3879
ianschmitz,0.3878
marcofugaro,0.3877
samuelcastro,0.3854
alaycock,0.3835
mikew,0.3824
deftomat,0.3813
mrchief,0.3778
mrmckeb,0.3744
JoviDeCroock,0.3727
GasimGasimzada,0.3706
otaviopace,0.3656
AviVahl,0.3649
ai,0.3636
eddiemonge,0.3593
johnnyreilly,0.3451
loryman,0.3448
timsnadden,0.3427
brunolemos,0.3342
jadbox,0.3326
harrysolovay,0.3274
delaaxe,0.3262
denofevil,0.302
bugzpodder,0.2626
Timer,0.2519
RIP21,0.2511
stramel,0.2456
caub,0.2447
chadfawcett,0.2427
gaearon,0.2382
guledali,0.2318
wolfy1339,0.2245
JBallin,0.2225
vikr01,0.2156
elevatebart,0.2
piotr-cz,0.2
prichodko,0.2
kenwheeler,0.1879
holloway,0.1803
author,0
VasilyShelkov,0
rameezj,0
falldowngoboone,0
VMois,0
pelotom,0
staticinstance,0
jedmao,0
aDotInTheVoid,0
FezVrasta,0
sethlilly,0
sergeymakoveev,0
Hongarc,0
savil,0
methodbox,0
fjoshuajr,0
mistereechapman,0
TomasHubelbauer,0
crubier,0
lffg,0
feelepxyz,0
joerez,0
mcrowder65,0
iamandrewluca,0
ethanneff,0
abzeede,0
baywet,0
ItalyPaleAle,0
endiliey,0
KyleMit,0
iHearty,0
r0ughnex,0
just-boris,0
dallonf,0
jackwilsdon,0
santoshyadav198613,0
anurag,0
zheeeng,0
eladmotola,0
0rvar,0
g1eny0ung,0
nasreddineskandrani,0
ConAntonakos,0
vishal423,0
bang88,0
silltho,0
amshtemp,0
xiaoxiangmoe,0
AG-Systems,0
MikeBeaton,0
micalgenus,0
akrantz,0
albertorestifo,0
MattKomorcec,0
dav-is,0
Rendez,0
billylee123,0
Lizhooh,0
sbimochan,0
ryanwmarsh,0
ThePrez,0
patrickhrastnik,0
Rogdham,0
mrLucianoii,0
lifeiscontent,0
Kamahl19,0
msal96,0
MattMorrisDev,0
demkovych,0
jordanoverbye,0
ricokahler,0
ngbrown,0
dalcib,0
maniax89,0
Hurtak,0
jfo84,0
bukharim96,0
rally25rs,0
iamnader,0
emmagoldblum,0
Domino987,0
jimthedev,0
mvolkmann,0
mwarger,0
erikras,0
saranshkataria,0
cjpatoilo,0
ohjames,0
mg,0
carpben,0
theZieger,0
Andarist,0
Bnaya,0
ViktorSoroka,0
OzairP,0
IIFE,0
eps1lon,0
prashant-andani,0
mirazkhan123,0
drewswaycool,0
lmorchard,0
acusti,0
razzfox,0
StevenTan,0
JohannesKlauss,0
LukasWerfel,0
henryarihoona,0
Friss,0
alexch,0
jamesknelson,0
0xcaff,0
tiffon,0
haraldrudell,0
18394093929,0
martnu,0
souzasmatheus,0
jean-smaug,0
lvl99,0
ManoelLobo,0
dugagjin,0
sjalgeo,0
sebryu,0
strayiker,0
clickclickonsal,0
bartlangelaan,0
evang522,0
y-yagi,0
mjackson,0
pd4d10,0
jayantbh,0
tabrindle,0
ivarne,0
bohdanbirdie,0
timothyallan,0
jakobthomasson,0
RomainLanz,0
pavinthan,0
SimonSchick,0
timlogemann,0
kramerc,0
memoryjin,0
nikhilknoldus,0
aisensiy,0
datfinesoul,0
EddiG,0
evalexpr,0
kopax,0
bondz,0
dotansimha,0
jberney,0
sagirk,0
juanpicado,0
ayusharma,0
open-source-explorer,0
dunglas,0
JustFly1984,0
trungpham,0
Fabianopb,0
adriankremer,0
rwieruch,0
kjin,0
fletcherist,0
zeeshancb,0
wwilsman,0
lepture,0
angie,0
kodermax,0
seanlmcgill,0
jakeboone02,0
yhnavein,0
jquense,0
alexkuz,0
jonathaningram,0
hulkish,0
MarkLSky,0
willbamford,0
ehfeng,0
DanielRosenwasser,0
yangshun,0
yellowandy,0
absrivastava,0
rolandjitsu,0
bmingles,0
noelyoo,0
joaojeronimo,0
loganasherjones,0
bsr203,0
wojtekgalaj,0
Pranav-Dakshina,0
severen,0
emersonlaurentino,0
konekoya,0
audiolion,0
Krivega,0
andriijas,0
muhve,0
longsleep,0
jonscottclark,0
peterbe,0
7399gem,0
0xdeafcafe,0
adambowles,0
sibiraj-s,0
githubsaturn,0
assuncaocharles,0
AlmeroSteyn,0
miguelonce,0
benbrandt,0
kzc,0
jdalton,0
DoctorHowser,0
banyan,0
phthhieu,0
rogeliog,0
pedro-mass,0
willdurand,0
maddhruv,0
identor,0
miraage,0
ersel,0
jgoux,0
JustinTRoss,0
mareksuscak,0
Fer0x,0
gshilin,0
jeffposnick,0
sag1v,0
glennreyes,0
tteltrab,0
nickmccurdy,0
frankh,0
benwaffle,0
martinlechner1,0
viankakrisna,0
imgntn,0
sjsyrek,0
sokra,0
karpikpl,0
jedwards1211,0
exalted,0
cliff76,0
dankreiger,0
DanProudfoot,0
bjankord,0
guylepage3,0
SujinParkdev,0
zhuangya,0
pksunkara,0
ajkl2533,0
victorhqc,0
alexkrolick,0
gautier-lefebvre,0
thejohnfreeman,0
alex-pex,0
ctrlplusb,0
existentialism,0
shai32,0
Findiglay,0
acdlite,0
ForbesLindesay,0
InTEGr8or,0
martinpgaunt,0
skoging,0
frankwallis,0
borisowsky,0
bensleveritt,0
nhducit,0
HosseinAgha,0
Andyparr,0
ngduc,0
Vinnl,0
amkoehler,0
resir014,0
wilcoschoneveld,0
sercangurbuz,0
Jessidhia,0
babakness,0
christianchown,0
GeeWee,0
jleck,0
Serguzest,0
stunaz,0
alexdor,0
noahjohn9259,0
veeral-patel,0
0xR,0
silverwind,0
natrim,0
xixixao,0
timneutkens,0
gimpf,0
hipstersmoothie,0
NintendoBen,0
maddiereddy,0
SaraVieira,0
kentcdodds,0
gnapse,0
j-f1,0
adeelshahid,0
christemple,0
RusinovAnton,0
conartist6,0
bradfordlemley,0
rckclmbr,0
sadkovoy,0
alejandronanez,0
morrislaptop,0
felpin,0
leo,0
mbeaudru,0
wtgtybhertgeghgtwtg,0
lzear,0
saimonmoore,0
Zaccc123,0
farhanaslam5151,0
vcoder4c,0
graemecode,0
tklever,0
wchargin,0
kusold,0
walterwhites,0
mingaldrichgan,0
kamijin-fanta,0
