author,percentage
jquerybot,0.9986
jsf-clabot,0.9967
mention-bot,0.8933
benjycui,0.5551
b1lly,0.5424
vitaliyterziev,0.5276
mastahyeti,0.522
tarikbenmerar,0.5161
AVGP,0.5116
zzbo,0.5072
ShashankaNataraj,0.5015
JessThrysoee,0.4925
LeonardoBraga,0.4914
say2joe,0.4898
pgilad,0.4843
christophertrml,0.4732
catrope,0.4709
katsgeorgeek,0.4623
dgalvez,0.4589
paulirish,0.4588
domenic,0.457
mescoda,0.457
poppinlp,0.4525
amnhh,0.452
arthurvr,0.4514
jrburke,0.4508
fhemberger,0.4485
bman654,0.4482
jitter,0.4449
mhbseal,0.4434
johnkpaul,0.4405
meetselva,0.4386
alisianoi,0.4366
SaptakS,0.4352
NekR,0.4339
kflorence,0.4335
jaredwy,0.4331
phistuck,0.4291
ntwb,0.4278
chadparry,0.4224
dcherman,0.4199
niyazpk,0.4191
kumarmj,0.418
silverwind,0.4143
jboesch,0.4126
nathanhammond,0.4097
farmdawgnation,0.4087
guybedford,0.4078
stereobooster,0.4069
CDAGaming,0.4052
tks2103,0.4033
csnover,0.4021
ChadKillingsworth,0.4021
lukemelia,0.401
mr21,0.4005
lirantal,0.3999
terrycojones,0.3985
queequac,0.3969
david-mark,0.3968
yiminghe,0.3965
leobalter,0.3946
bzbarsky,0.3944
ljharb,0.3942
arjun024,0.3937
zackhall,0.3885
ruado1987,0.385
SlexAxton,0.3847
bluekvirus,0.3832
danielhusar,0.3822
wyuenho,0.3799
addyosmani,0.3798
danheberden,0.3785
louisremi,0.3784
fernandezpablo85,0.3782
mathiasbynens,0.3776
AurelioDeRosa,0.376
cmcnulty,0.3757
johnhoven,0.3756
anseki,0.3754
Kangaroopower,0.3749
laughinghan,0.3728
getify,0.3706
jzaefferer,0.3681
DanielRuf,0.3666
topaxi,0.3663
sindresorhus,0.3649
davidmurdoch,0.3599
FagnerMartinsBrack,0.3593
fracmak,0.3587
miketaylr,0.3579
ameyms,0.3548
curiousdannii,0.3535
PaulBRamos,0.3533
ConnorAtherton,0.353
godmar,0.3515
gajdaw,0.3514
amonat,0.3501
tmanderson,0.3489
aFarkas,0.3484
jdalton,0.3471
leeoniya,0.345
jdphenix,0.3449
victor-homyakov,0.3429
jfirebaugh,0.3422
aitorciki,0.3414
ghost,0.3412
nazar-pc,0.3399
wolever,0.3384
andrewplummer,0.3344
shivajivarma,0.3334
karan-96,0.3292
Krinkle,0.3242
ChrisAntaki,0.3147
tomfuertes,0.314
jbedard,0.313
thg2k,0.3086
elijahmanor,0.3081
cmc3cn,0.3078
bmelton,0.3028
rxaviers,0.3015
mixed,0.2988
Wikinaut,0.2983
xavi-,0.2912
onovy,0.2783
lancejpollard,0.2737
dslatten,0.2713
rkatic,0.2704
ros3cin,0.2675
josh,0.2621
jeresig,0.2597
staabm,0.2585
tojocky,0.2577
cowboy,0.2573
arschmitz,0.2551
bsorbo,0.253
jakob-stoeck,0.2519
silentroach,0.2471
scott-hughes,0.2412
michaelpapworth,0.2407
rewish,0.2358
eikes,0.2307
azr,0.2301
scottgonzalez,0.228
lihanli,0.2269
logankoester,0.2149
danbeam,0.2132
timmywil,0.2127
dominicbarnes,0.2098
niltoncsr,0.2092
gnarf,0.2082
iliakan,0.2054
hamishdickson,0.2031
wwalser,0.2024
AaronAsAChimp,0.2006
jaubourg,0.2001
rvagg,0.2
mikesherov,0.1996
dmethvin,0.1968
gibson042,0.1915
private-face,0.1808
nantunes,0.1807
mgol,0.1783
MoonScript,0.1783
pbriggs,0.1739
markelog,0.1676
stevemao,0.1667
hasclass,0.1667
isaacs,0.1649
adamcoulombe,0.1612
xavierm02,0.1563
johncrenshaw,0.1451
rwaldron,0.1426
aaronj1335,0.1379
treyhunner,0.1313
author,0
lyf2nb,0
quaff,0
trentmwillis,0
refarde,0
diegocr,0
whitelynx,0
oliviernt,0
louissanchez84,0
iamleot,0
midnight-wonderer,0
rajmaurya,0
marjakh,0
guolei0528,0
usernamealreadyis,0
itchyny,0
Andrei15193,0
antonskyba,0
HolgerJeromin,0
Sulokit,0
sduquej,0
avitkovsky,0
emibloque,0
kborchers,0
StevenAyr,0
enbo,0
kktam,0
tmybr11,0
arguiot,0
psyafter,0
jlukic,0
veered,0
nyurik,0
roblarsen,0
mathiasrw,0
tbepdb,0
dratini0,0
huangwangxiang,0
angelorubin,0
wangqianggithub,0
picc-lu,0
hzoo,0
Brian-A,0
cnsgithub,0
melloware,0
everdimension,0
namik-hajiyev,0
caillou,0
aspala,0
odedniv,0
avajayam,0
dummyAccHack,0
markustom,0
papac,0
faliure,0
infinity0,0
akihikodaki,0
AltafKhatri,0
Ahmed-M-ismail,0
amatsuda,0
alexr101,0
TechQuery,0
blainesch,0
hapjs,0
microlv,0
patrickkettner,0
LitileXueZha,0
nicklou,0
sustudy,0
smaug----,0
marcandre,0
fsateler,0
ralinc,0
jtrumbull,0
mayurans,0
evanjbowling,0
eivindga,0
jha-naman,0
todorpr,0
dragthor,0
dwilson6,0
amatecha,0
dracos,0
vanderlee,0
RobLoach,0
ufologist,0
MathijsvVelde,0
Brooooooklyn,0
techunits,0
DarkScorpion,0
jsoref,0
henryw4k,0
pali88,0
aleph1,0
AnonymousDeveloper13,0
evanshortiss,0
zqw,0
ChristianGrete,0
GreenCoder64,0
pmstss,0
jhicken,0
markhicken,0
trupanka,0
zhanhb,0
reedloden,0
adrianolek,0
SeanHenderson,0
Announcement,0
morris,0
riichard,0
metadings,0
anthonyryan1,0
bperel,0
booleanbetrayal,0
felicienfrancois,0
mlewand,0
batiste,0
sirlancelot,0
DanielNill,0
Jakemichaeldrew,0
jacobrossi,0
christophercurrie,0
lazd,0
jqguy,0
wenber,0
rlidwka,0
cvrebert,0
gabrielschulhof,0
jackmoore,0
gberg1,0
calvinmetcalf,0
gs-akhan,0
AsaAyers,0
shimonenator,0
kupriyanenko,0
snapwich,0
caitp,0
theodoreb,0
Mottie,0
yosuke-furukawa,0
dgbeck,0
winhowes,0
andycall,0
jonhester,0
andykog,0
burka,0
piotrj,0
koutahikichi,0
graysonwright,0
elinformatico,0
haoxins,0
bluelovers,0
benjamingr,0
togakangaroo,0
mbest,0
jxnl,0
araghava,0
rasapetter,0
normanzb,0
denis-sokolov,0
alexsunxl,0
nicolashenry,0
fpipita,0
9000-volts,0
rhyzx,0
charliewolf,0
Martinspire,0
jameszhan,0
rmcdaniel,0
rebaomi,0
jaredallard,0
gustavohenke,0
grimalschi,0
Perelandric,0
hakubo,0
dmfilipenko,0
jbcbdse,0
bterlson,0
anba,0
dalisoft,0
yu521088,0
NickStefan,0
yanni4night,0
oncletom,0
amitmerchant1990,0
TheDistantSea,0
PeterDaveHello,0
JamesMGreene,0
gtsop,0
jlcarvalho,0
AndrewEastwood,0
LowG33kDev,0
rwil02,0
romamatusevich,0
thinkingmedia,0
balupton,0
xKerman,0
annevk,0
zamicol,0
oberhamsi,0
ssut,0
unreal666,0
upisfree,0
glmxndr,0
willemdewit,0
DmitryOlkhovoi,0
mdlavin,0
tjvantoll,0
louis110110,0
chemdemo,0
dcorb,0
redbmk,0
ckosmowski,0
jure,0
ornj,0
robgraeber,0
playpianolikewoah,0
ilanbiala,0
ProgerXP,0
Mithgol,0
foolip,0
CMCDragonkai,0
casadei,0
samiconductor,0
chrishazfun,0
namoricoo,0
rosenfeld,0
craigh,0
ismay,0
thorn0,0
wijemy,0
sheppard,0
avetisk,0
ForbesLindesay,0
matthewmueller,0
markyun,0
hiroshi-maybe,0
Aminadav,0
ubershmekel,0
andi1984,0
bggardner,0
adamwulf,0
jdfreder,0
yuanyan,0
simenbrekken,0
hongymagic,0
JustinDrake,0
simsalabim,0
brynary,0
stefanpenner,0
mariansollmann,0
ericmann,0
carldanley,0
stsvilik,0
ronny-springer,0
zackbloom,0
banzalik,0
michaelavila,0
kirbysayshi,0
joshrouwhorst,0
frankfuttderBlogmitBanane,0
bored-engineer,0
jankuca,0
zelonght,0
njhamann,0
rahimalizada,0
CWSpear,0
ethanmcc,0
KyleAMathews,0
zkwentz,0
chunpu,0
xavierp,0
xtian,0
jdunck,0
richardscarrott,0
igorlima,0
benjamine,0
sachinjain024,0
chrisprice,0
adamsea,0
sasyomaru,0
Tomalak,0
jasonmerino,0
antishok,0
kswedberg,0
patik,0
mattrobenolt,0
amolpujari,0
ctalkington,0
ukyo,0
heruan,0
ChrisWojcik,0
aelharrak,0
sent1nel,0
webeautiful,0
sergiopg,0
Hacky-DH,0
shama,0
noway,0
visitsb,0
apdmatos,0
nathansobo,0
Kein1945,0
e0ne,0
bretterer,0
bjohn465,0
TheSpyder,0
billynoah,0
stonelee,0
dmitrygusev,0
stevenbenner,0
butt,0
zhil,0
chrisalexander,0
ksieburg,0
bolasblack,0
markraddatz,0
hice3000,0
milesj,0
ajpiano,0
mishoo,0
JanMiksovsky,0
byroot,0
otakustay,0
uipoet,0
ermouth,0
moll,0
tricknotes,0
danilsomsikov,0
jbottigliero,0
nanto,0
vladikoff,0
razic,0
evanworley,0
chrisaljoudi,0
buu700,0
somixyz,0
tarruda,0
maranomynet,0
eeroan,0
rspilker,0
knightli,0
Yahasana,0
hax,0
philwareham,0
krisselden,0
manocao,0
iamnoah,0
ricardobeat,0
gbraad,0
bentruyman,0
saiwong,0
elgreg,0
ikhair,0
crdx,0
onyxrev,0
joyvuu-dave,0
vlakoff,0
coopersemantics,0
matjae,0
vadimzak,0
skaurus,0
helix,0
mekwall,0
peterschmidler,0
danjagnow,0
mplungjan,0
tedliang,0
lyle-nel,0
rjfranco,0
NikGovorov,0
danielchatfield,0
mgreter,0
nowres,0
visiongeist,0
uhtred,0
runejuhl,0
jefferyto,0
dvirazulay,0
Yaffle,0
amasad,0
OlegKi,0
marcelometal,0
kof,0
atirip,0
ryanve,0
dimsemenov,0
hober,0
hashchange,0
imsky,0
mbarany,0
kgn,0
flowersinthesand,0
ebeigarts,0
jbt,0
heff,0
SineSwiper,0
subzey,0
BigBlueHat,0
spartan-developer,0
braddunbar,0
stephband,0
Oskariok,0
brunoais,0
deepsweet,0
vlazar,0
caleb531,0
j-hernandez,0
cagataygurturk,0
macabu,0
brianfreud,0
Raynos,0
lrsjng,0
heygrady,0
ericduran,0
inspiredjw,0
rdworth,0
rchmura,0
jamie-pate,0
tobio,0
cederigo,0
tamirzb,0
pimvdb,0
hx,0
strathmeyer,0
KaneCohen,0
jyli7,0
rafbm,0
LeonFedotov,0
SaraJo,0
philmander,0
eddiemonge,0
mattheworiordan,0
ryanflorence,0
nfriedly,0
roeycohen,0
Southern,0
JangoSteve,0
geoffhuston,0
vladh,0
Wilfred,0
doflah,0
br41n0t1cs,0
marcheidemann,0
tomgrohl,0
danielribeiro,0
jsoverson,0
alexturpin,0
jtaby,0
joelbirchler,0
redoPop,0
scriptmaster,0
jigfox,0
yeikos,0
zertosh,0
moschel,0
rotorz,0
anton-ryzhov,0
zacstewart,0
SarahJane87,0
Ivanca,0
shesek,0
plukevdh,0
stephenjudkins,0
hlian,0
andrew-sayers--slando,0
aliclark,0
ryanseddon,0
olov,0
plievone,0
niallsmart,0
vijaykramesh,0
partheseas,0
bgrohman,0
thegrandpoobah,0
avaly,0
erosb,0
krunkosaurus,0
fpwoshg,0
codigazo,0
alexisabril,0
alecpl,0
jasondavies,0
hallettj,0
mjackson,0
trevnorris,0
edlebert,0
codenothing,0
qix,0
croddin,0
azatoth,0
MarcusJT,0
mmurray,0
jAndreas,0
jsumners,0
daguej,0
sombriks,0
SuprDewd,0
NV,0
gabrielgrant,0
rentalhost,0
carpie,0
KamilSzot,0
valueof,0
gf3,0
scottjehl,0
iversant,0
wycats,0
shadchnev,0
cobexer,0
monsterzz,0
DouglasMeyer,0
igorw,0
bsterne,0
rtomayko,0
hwiechers,0
jswartwood,0
pomeh,0
rmurphey,0
brandonaaron,0
paulelliott,0
joeldart,0
tpreusse,0
aheimlich,0
InfinitiesLoop,0
escobera,0
robertvogel,0
