author,percentage
KernelPRBot,0.9972
lenovouser,0.9069
parrotgeek1,0.8889
0xAX,0.6667
KamranMackey,0.5982
marctmiller,0.5727
torvalds,0.4814
daxtens,0.4675
ecnepsnai,0.4415
jmarcher,0.4244
nkeck720,0.4179
orhan55555,0.4165
ticki,0.4111
jaseemabid,0.3996
mschwartz,0.3962
jnavila,0.3795
jbruchon,0.3778
Spaceghost,0.3724
battlesnake,0.3682
CruzBishop,0.3594
ghost,0.3426
Hoeze,0.3396
ajdlinux,0.3189
diegoviola,0.317
joshumax,0.2996
arnavb,0.2727
Elizafox,0.2693
jackwish,0.2682
tuxutku,0.25
richo,0.2478
felipemullen,0.2232
AsuMagic,0.1312
author,0
ilMagnifico,0
jakegore,0
ericm,0
KartSriv,0
ledlamp,0
Smiche,0
mehmetkose,0
ShonInDim,0
AmiyKumar,0
vajn,0
ItsiAdam,0
AndreaCioccarelli,0
bigodines,0
legiorange,0
Trumeet,0
Mervin1024,0
gs666,0
imzf,0
phariel,0
geminate,0
nickdine,0
xpiaoyu,0
zhangguanzhang,0
AwadYoo,0
Liam0205,0
BaiBaiRTC,0
monkey-soft,0
Ted-Zhang,0
75002Benoit,0
tennessine,0
Germey,0
cavin2012,0
Sup0rsonic,0
MrAMS,0
nabilfreeman,0
kwilliams1987,0
bechedire,0
sn99,0
haodong,0
Mikotochan,0
deyikong,0
axegon,0
thearyong,0
sunzhenyucn,0
newdee,0
ScottZhai,0
maldiohead,0
alfedsun,0
vertextao,0
munizart,0
VonJane,0
whberet,0
ScaredJin,0
skymei,0
annazhong,0
samzhangss,0
carlosbridi,0
lhochbaum,0
LordApple,0
RoccoDev,0
z-zkagami,0
vinkdong,0
FateForWindows,0
LeoEatle,0
HRSkraps,0
me11203sci,0
PatoCinza,0
howl,0
SGmuwa,0
patrickdreyer,0
lonerinthenight,0
adamc295,0
nickwanninger,0
Dohbedoh,0
paulluo,0
promach,0
AlmightyFloppyFish,0
thibmo,0
lucaisacoder,0
Al-Caveman,0
nickberry17,0
deplexor,0
Alhazred00,0
watkinsr,0
420git,0
dodona2,0
LW2904,0
VincentXII,0
rockisch,0
oussamabouchareb,0
FelixWolf,0
SteveHeist,0
OctonianCat,0
kwanCCC,0
tytso,0
coffnix,0
jjaniec,0
digmorepaka,0
0x6a73,0
Anivice,0
travistynes,0
balsoft,0
lucavallin,0
Alkeryn,0
technic,0
irufus,0
mbalantz,0
aduskett,0
Jason2031,0
fr3fou,0
Pac23,0
Audition-CSBlock,0
lolxnn,0
sushant10,0
off99555,0
joeydash,0
dkluin,0
invalidsudo,0
KenSharp,0
gi097,0
nshaibu,0
JasonShin,0
devjiro76,0
AGraber,0
haobinnan,0
ArtemOSDev,0
FelipeRuizGarcia,0
oliv3r,0
Sonic-boom,0
dbaluta,0
h0n3ym4k,0
anilkuamr,0
robiwano,0
claymodel,0
aktiger87,0
catShit,0
zc0de1rx,0
KrzysztofSzewczyk,0
aviraxp,0
teknoraver,0
VentGrey,0
dschwartz783,0
sfxworks,0
xCuri0,0
cvilleger,0
emiltrotuar,0
pvtmert,0
iamsubhranil,0
eamanu,0
linevych,0
NerdOfCode,0
CerebralMischief,0
princeritiksalunke,0
786228836,0
Vandalko,0
kwote,0
JiangbiaoDeng,0
zezero,0
EaonLee,0
mdeguzis,0
kdave,0
arcivanov,0
AraHaan,0
ItzLevvie,0
erikbern,0
Hexta,0
mdshw5,0
schlerp,0
raminfp,0
codernator,0
plusreed,0
WesCourtney44,0
CocoFox,0
vrkansagara,0
pierre42100,0
jfarthing84,0
ippotim,0
githubwyf,0
AntonBoch1244,0
anthonytex,0
Antidote,0
nistath,0
Hugne,0
jesusjimsa,0
NogradThGin,0
xavier-fernandez,0
DTFUHF,0
udemiko,0
markand,0
janvdl,0
tonychee7000,0
alucard0134,0
mimiatmam,0
subzeta,0
cristianfrasineanu,0
camnpr,0
GinRyan,0
mayli,0
gyb997,0
ABcDexter,0
Yurunsoft,0
rikonaka,0
shitenglish,0
xxlv,0
mssd,0
dilfish,0
alexkutsan,0
kangkona,0
CyberTailor,0
the-swank,0
K6F,0
pljhonglu,0
mrxf,0
softarn,0
saidganim,0
Fonger,0
xialf,0
berkantaydin,0
XPompeii,0
aCoder2013,0
lisper-inmove,0
neilhhw,0
gyc1299339354,0
qijianbo010,0
fcbruce,0
mingjunyang,0
hello2t,0
brycepg,0
tobiichiamane,0
adyliu,0
PommyGit,0
xiaoxubeii,0
william-linchen,0
vpiotr,0
oucaijun,0
lidanyang,0
jason19659,0
dpych,0
Gubio,0
jwang-net,0
LasseRafn,0
jeanerick,0
gocreating,0
srikanth-vm,0
prathik,0
jybaek,0
RichVillage,0
SherazT,0
cyberplant,0
DmitryHetman,0
fghoussen,0
RobertCochran,0
ArashJavan,0
FadeMind,0
iambrosie,0
aetaric,0
escalator2015,0
faddat,0
philippechataignon,0
CaddyDz,0
solomondg,0
philipperemy,0
immibis,0
jcjordyn130,0
nishankbhati,0
avertis,0
smclt30p,0
ancaemanuel,0
DeadMetaler,0
jakesyl,0
Boggartfly,0
lzto,0
wyqwxj,0
dvyukov,0
ramosian-glider,0
TRManderson,0
koshkoshka,0
JoelMickelin,0
manushaurya,0
jobs-git,0
akkatracker,0
rahulxcode,0
jgunthorpe,0
copyleft7212,0
CrazyBonze,0
laingsoft,0
PotHix,0
gmonster,0
jeffhuys,0
blem3,0
Airblader,0
rumpelsepp,0
zoutianya521314,0
arunsingh,0
shelt,0
LandonPowell,0
yuxuanchen1997,0
f123h456,0
zhouyongtao,0
fireshots,0
jmingov,0
chest-rockwell,0
dileep-p,0
Antonius-git,0
bombless,0
Erendis42,0
kmcfly,0
TheReverend403,0
fernando-rodriguez,0
dautovri,0
feroldi,0
zhaofengli,0
razzius,0
icePrograms,0
adymitruk,0
nhubbard,0
Parker8283,0
thelink2012,0
Jheengut,0
felixphew,0
NateBrune,0
ubsan,0
AK67,0
logangorence,0
danger89,0
platinumthinker,0
Xeru,0
frankcash,0
Patrick-Edouard,0
tgsergeant,0
sigifredo,0
younishd,0
ComradePhilos,0
raintean,0
vkravets,0
peter125521,0
abak,0
jmickeyd,0
larbb,0
Codecombay,0
arjun024,0
jamen,0
mturquette,0
noelbk,0
tedivm,0
jesus-ramos,0
EvandroZanatta,0
jim02762,0
abvgeej,0
ryzhovau,0
mdrjr,0
whyrusleeping,0
asamy,0
davispuh,0
orblivion,0
skalnik,0
jedahan,0
anaisbetts,0
tubbo,0
jrep,0
technoweenie,0
nugend,0
scomma,0
tylermenezes,0
mmorris-gc,0
myfreeweb,0
vertexclique,0
brettalton,0
dustalov,0
MostAwesomeDude,0
ivyl,0
factormystic,0
mephux,0
KorvinSzanto,0
jite,0
camdez,0
leobalter,0
antirez,0
JeremyARussell,0
evanmoran,0
drogus,0
denhamcoote,0
SixArm,0
jsanders,0
dysoco,0
braneed,0
SkaveRat,0
jespada,0
sirlancelot,0
holdenweb,0
javajosh,0
fogleman,0
reinaldons,0
sp4ke,0
rtomayko,0
luckydev,0
AlekseyKorzun,0
petdance,0
Bilge,0
pirtlj,0
n3storm,0
sitaramc,0
JonDum,0
jammycakes,0
JackieJ,0
robermorales,0
AnthonyAkentiev,0
yobert,0
greg0ire,0
MattKetmo,0
poke,0
kbarber,0
benatkin,0
osteslag,0
SteveJones,0
shepik,0
teamaqua,0
sarsteve,0
Fusion,0
sleeptillseven,0
JoshCheek,0
MikeBagos,0
fallenhitokiri,0
xjunior,0
s4y,0
agidusko,0
lpar,0
hintjens,0
payco,0
tuma324,0
brandon-fryslie,0
ennoweichert,0
katylava,0
dukeofgaming,0
Tyrael,0
helenatxu,0
azinazadi,0
aleksclark,0
FaisalAbid,0
yomguy,0
bobthecow,0
bronson,0
john-peterson,0
shvelo,0
alias-mac,0
oelmekki,0
flores,0
ferdnyc,0
mnott,0
avevlad,0
conradjones,0
Mottie,0
JumpLink,0
kulong0105,0
JackKnightme,0
lightshire,0
squeedee,0
nemobis,0
kaber,0
SalchiPapa,0
pixelrebel,0
mucamaca,0
leonklingele,0
Leventesz,0
vsoch,0
chesse20,0
bdsl,0
ismaell,0
peterwillcn,0
mutexlox,0
Gunni,0
jankeromnes,0
sc68cal,0
nils-werner,0
tilsammans,0
hotwoofy,0
jeffWelling,0
jacobh,0
bdonlan,0
smartinez87,0
snarkyMcSnark,0
dovydasm,0
VM2,0
bjackson,0
shuhaowu,0
Holek,0
senfo,0
craigbarnes,0
suissa,0
D-Roch,0
raphaelcosta,0
ei-grad,0
zenorocha,0
hugobarauna,0
fellix,0
RusAlex,0
sobrinho,0
lucasrenan,0
mbt,0
ebraminio,0
mvanveen,0
