author,percentage
meteor-bot,0.9376
marceloschmidt,0.6588
cmather,0.5324
estark37,0.523
jimmack1963,0.5214
antoniopresto,0.5066
audreyr,0.4988
joscha,0.494
pravdomil,0.4921
anubhav94,0.4844
mhidou,0.4801
sixolet,0.4771
ekatek,0.474
p3pp8,0.4714
IonicaBizau,0.4706
sakulstra,0.4584
gschmidt,0.4559
nathan-muir,0.454
toinevk,0.4514
Akryum,0.4475
gadicc,0.4472
nwmartin,0.4465
kentonv,0.4459
mjmasn,0.4444
rdickert,0.442
Primigenus,0.4419
TomFreudenberg,0.4418
huetsch,0.4416
belisarius222,0.4412
sdarnell,0.4408
Multiply,0.4385
jagill,0.4377
paulincai,0.4372
awatson1978,0.4362
aldeed,0.4347
Sanjo,0.4338
graemian,0.4333
BenjaminRH,0.4331
Ed-von-Schleck,0.43
rgoomar,0.4288
nirajpd,0.4286
bmanturner,0.4255
kachkaev,0.425
vladejs,0.4224
coagmano,0.4196
mpowaga,0.4194
pmoons,0.4188
copleykj,0.4178
arunoda,0.4172
fermuch,0.4161
MasterAM,0.4142
thearabbit,0.4128
jedwards1211,0.4127
ElegantSudo,0.4125
jbaxleyiii,0.4121
wojtkowiak,0.4113
sethmurphy18,0.4099
dr-dimitru,0.4081
srounce,0.408
fakenickels,0.4072
frozeman,0.4067
trusktr,0.4028
dmitriy-kiriyenko,0.4018
skirunman,0.4013
rijk,0.3987
yorrd,0.3981
radekmie,0.3963
AndreasGalster,0.3959
lennartcl,0.3952
jperl,0.3951
dburles,0.3944
CaptainN,0.3943
PEM--,0.3924
RobertLowe,0.39
GeoffreyBooth,0.3896
iplanwebsites,0.3896
scottburch,0.3878
c9s,0.385
TaraWij,0.3847
deanius,0.3835
jamesmillerburgess,0.3832
robertpitt,0.3828
serkandurusoy,0.3822
queso,0.3817
hmontes,0.3816
macrozone,0.3796
arggh,0.3796
meonkeys,0.3793
3den,0.3779
bchelli,0.3776
TechplexEngineer,0.3775
RichardLitt,0.3769
aadamsx,0.3766
ncri,0.3757
hexsprite,0.3747
jonathanKingston,0.3735
rclai,0.3722
justinsb,0.372
zealoushacker,0.3704
eskan,0.3694
lorensr,0.3681
Tarang,0.3666
filipenevola,0.3652
bradvogel,0.3646
awwx,0.3643
klaussner,0.3633
cryptoquick,0.3601
dreich-nucleus,0.3595
tcastelli,0.3592
martijnwalraven,0.358
lourd,0.3559
veered,0.3557
edemaine,0.3544
rj-david,0.3537
markshust,0.3537
dandv,0.3533
ryw,0.3517
apendua,0.3499
morloy,0.3494
ianserlin,0.3477
zebra-lucky,0.3472
KoenLav,0.3459
Ben305,0.3452
janat08,0.3447
debergalis,0.3433
StorytellerCZ,0.3428
zol,0.3422
akvadrako,0.3397
bwobst,0.3393
alanning,0.3386
patmoore,0.3384
bminer,0.3381
OleksandrChekhovskyi,0.3379
yyx990803,0.3375
glasser,0.337
joshrtay,0.3357
MichelFloyd,0.3351
smeijer,0.3345
jackp,0.334
Urigo,0.3327
mizzao,0.3313
timhaines,0.3301
hypno2000,0.3278
stephentcannon,0.3278
mrzafod,0.3262
brucejo75,0.3246
dagatsoin,0.3232
msand,0.3221
fgm,0.3194
clayne11,0.3189
Nauzer,0.317
smallhelm,0.3155
lmachens,0.3144
ghost,0.3125
n1mmy,0.3092
vlasky,0.3083
multilinear,0.3053
etyp,0.3041
theosp,0.3033
sebakerckhof,0.3022
willyb321,0.3017
raix,0.301
tifroz,0.2993
possibilities,0.2974
dgreensp,0.2962
alansikora,0.2961
mpj,0.294
ccorcos,0.2927
SachaG,0.2902
gsuess,0.2892
75lb,0.2892
alphanso,0.289
realyze,0.2864
vjau,0.2839
zimme,0.2822
tmeasday,0.2785
DanielDent,0.2773
xenolf,0.274
davidworkman9,0.2715
hwillson,0.2686
adnissen,0.2647
sedouard,0.2556
MichaelJCole,0.2555
jbbr,0.2551
chmac,0.2547
barbatus,0.2522
mutdmour,0.2514
MarcusRiemer,0.2509
Cangit,0.2454
jchristman,0.2452
abernix,0.2442
mquandalle,0.2438
jamesfebin,0.2426
plachintas,0.2425
omeid,0.2423
ashaffer,0.2412
lirbank,0.239
ryneeverett,0.2368
pagesrichie,0.2357
gregory,0.2356
groodt,0.2354
carlevans719,0.2351
orefalo,0.2329
eymiha,0.2313
DenisGorbachev,0.2302
benstr,0.2268
crapthings,0.2253
ansaries,0.2242
adamgins,0.2231
yonggao,0.2224
Slava,0.221
timbrandin,0.221
Markus-Mooqita,0.219
AndyMoreland,0.219
lukejagodzinski,0.2164
avital,0.2147
carlosbaraza,0.2144
yanisIk,0.2124
clarete,0.2124
maxnowack,0.2097
benjamn,0.2085
timbotnik,0.2084
menelike,0.2051
axelvaindal,0.2042
oskarkook,0.2031
lassombra,0.2011
alexgzhou,0.2009
Gaelan,0.2
eXon,0.1966
jakozaur,0.1962
mitar,0.195
milesmatthias,0.1945
retrixe,0.1928
nlhuykhang,0.1909
marcandre,0.1871
kynan,0.1849
laosb,0.1835
stubailo,0.1805
zionts,0.1762
elie222,0.1733
msavin,0.1715
mbrookes,0.166
mave99a,0.1576
gsabran,0.1504
pbastowski,0.1447
d62remi,0.1429
splendido,0.1398
M4v3R,0.1355
okland,0.1283
pozylon,0.0969
author,0
lpinca,0
zodern,0
aliogaili,0
Floriferous,0
nabiltntn,0
manueltimita,0
eric-burel,0
lamhieu-vk,0
tabasco-addict,0
georgyberdyshev,0
ardatan,0
idmadj,0
jastakhova,0
derouck,0
tromgy,0
drone1,0
ahoppen,0
tjaisson,0
matteosaporiti,0
brunoneumann,0
wildhart,0
peernohell,0
krishaamer,0
MastroLindus,0
kzc,0
markreid,0
mariusrak,0
gchallen,0
mrauhu,0
arrgh,0
koszta,0
fabien-h,0
linegel,0
kkukielka,0
leosco,0
jurgenfink,0
vooteles,0
hluz,0
SimonSimCity,0
nick-gudumac,0
holmrenser,0
sengerts,0
lanmower,0
meteorjsbrasil,0
andrewlorenz,0
jestersoftware,0
NitroBAY,0
janowsiany,0
oswaldoacauan,0
tdjac0bs,0
devongovett,0
kashifnazar,0
pmcochrane,0
tafelito,0
cfnelson,0
MKRazz,0
ubercolin,0
vladgolubev,0
ch-lukas,0
Batistleman,0
steph643,0
romainkoenig,0
rcurrier666,0
bjarketrux,0
engrpeters,0
evolross,0
marhalish,0
codedeep,0
jancurn,0
anault,0
renanccastro,0
theodorDiaconu,0
antoninadert,0
DavidRHulme,0
williamli,0
staeke,0
yoann54,0
alexismoreau,0
woutervanwijk,0
sirpy,0
BDav24,0
lhz516,0
AndyNormore,0
andyrichardson,0
agathver,0
mgscreativa,0
defionscode,0
bjaskj,0
merlinpatt,0
gerwinbrunner,0
MaxPleaner,0
vflyson,0
rosser2121,0
green-coder,0
i4han,0
deadjdona,0
zkat,0
MohmadAyman,0
daniel-mf,0
davidecantini,0
sprohaska,0
stevenhao,0
fschaeffler,0
noelheesen,0
macsj200,0
marcoschwartz,0
rgnevashev,0
hexagon6,0
atd,0
RickvdP,0
bliles,0
finchalyzer,0
ankibalyan,0
giroplus,0
Type1J,0
jonaspm,0
albertzak,0
quintstoffers,0
josmo,0
memayn,0
arsen3d,0
teknologist,0
MartinBucko,0
cpury,0
JanMP,0
zeroasterisk,0
chasemaier,0
a-magdy,0
remotealex,0
micchickenburger,0
ni-ko-o-kin,0
stephan-smets,0
THETCR,0
marxo,0
rodrigok,0
TheGame2500,0
dcusan,0
nadeemja,0
FriOne,0
mattmccutchen,0
1u,0
cesargalindo,0
fatso83,0
bpartridge,0
derwaldgeist,0
ziedmahdi,0
engelgabriel,0
Akarshit,0
avalanche1,0
stephane-ein,0
janjackson,0
semeano,0
s7dhansh,0
runlevelsix,0
mbrobbel,0
ahmedhagii,0
harrisonhunter,0
Netherdrake,0
gsc-dev,0
jshimko,0
npvn,0
krem06,0
wisamsalem,0
zohairakhtar,0
mwarren2,0
domq,0
nzomedia,0
ManuelDeLeon,0
haojia321,0
karldanninger,0
wursttheke,0
andylash,0
ForsakenHarmony,0
jbg77,0
JohnAllen,0
elhoucine,0
evilboss,0
anymos,0
yanickrochon,0
leijing7,0
joerex,0
Fen747,0
kombadzomba,0
merrington,0
szchenghuang,0
akshaykmr,0
jamiter,0
jamesgibson14,0
lightsnow0,0
sferoze,0
ducdev,0
michaelb-01,0
e50,0
GeorgeCalvert,0
ayhid,0
liitfr,0
ppotoplyak,0
manzonif,0
ensemblebd,0
alextaaa,0
choyweston,0
dferber90,0
iDoMeteor,0
QHose,0
djgagner,0
ramezrafla,0
FinalDes,0
lucfranken,0
benmgreene,0
aldo235,0
dnish,0
egoldblum,0
brianlukoff,0
sandeepmirpuri,0
comus,0
enricofoschi,0
striezel,0
nicolaslopezj,0
tdesc,0
mikeifomin,0
jlukic,0
tim-phillips,0
wiserweb,0
Gywem,0
eldog,0
JeremySaks,0
aaronjudd,0
zhanbst,0
Kurounin,0
Torsten85,0
abecks,0
lieuwex,0
VitalyChe,0
olizilla,0
lynchem,0
jazeee,0
s-devaney,0
nathantreid,0
DominikGuzei,0
Ragsboss,0
dotansimha,0
jackkav,0
rhettlivingston,0
TPXP,0
oliverkane,0
detrohutt,0
ramijarrar,0
richard-edwards,0
Dielz98,0
d4nyll,0
gsonnenf,0
chemicstry,0
Fabs,0
fdiazsmith,0
Menda,0
tomtom87,0
D1no,0
nicodmf,0
SimenB,0
carinakoo,0
tmpg,0
JesperWe,0
DeciderWill,0
jasper-lu,0
gnuwilliam,0
lukeadams,0
shaileshtheroyal,0
davidsun3000,0
trajano,0
suhail-ansari-apconic,0
jykae,0
HLFH,0
partounian,0
rickmed,0
AlexanderS,0
jfly,0
helfer,0
jremi,0
jdmswong,0
convexset,0
interfaith,0
jamielob,0
ocdtrekkie,0
reohjs,0
osv,0
dklischies,0
emgee3,0
betacar,0
bySabi,0
rohit2b,0
WooGenius,0
samhunta,0
abhiaiyer91,0
liangxiaojuan,0
jithesh55,0
LewisW,0
juliancwirko,0
fabienb4,0
wearhere,0
rafael-nunez,0
mttstt,0
HynesIP,0
igal1c0de4n,0
mattiLeBlanc,0
Testato,0
ritazh,0
Tibo46,0
tibo,0
lgframe,0
y01s,0
mjgallag,0
solace,0
erencay,0
steve-ross,0
cunneen,0
jstoup111,0
reel,0
pcarrier,0
horner,0
projectn00b,0
foobarbecue,0
talha-asad,0
masca88,0
franzip,0
voidale,0
cluxter,0
robfallows,0
chfritz,0
arboleya,0
JonathanHindi,0
sahanDissanayake,0
mishavee,0
sergiotapia,0
chrishowes,0
tangorri,0
deiangi,0
wh0,0
samhatoum,0
zacharydenton,0
day,0
monknomo,0
mydoghasworms,0
AlexeyMK,0
rozzzly,0
mist123,0
AdamBrodzinski,0
bensmeets,0
faceyspacey,0
timothyarmes,0
JeremyBYU,0
zimt28,0
brettle,0
calvinfroedge,0
x5engine,0
JonTheNiceGuy,0
waitingcheung,0
aramk,0
Mistereo,0
DCKT,0
lalomartins,0
webwurst,0
sasikanth513,0
JamesMGreene,0
lpgeiger,0
danielsvane,0
jellevandenhooff,0
quetzalcoatl,0
servel333,0
Rebolon,0
GauthierD-,0
devonbarrett,0
eluck,0
TC827,0
ndarilek,0
mariorodriguespt,0
rolfnl,0
ssteinerx,0
samcorcos,0
juliomac,0
wbyrnetx,0
dalgard,0
ErikAbele,0
tysonclugg,0
adrprado,0
jboulhous,0
doctorpangloss,0
joaopiopedreira,0
hqingyi,0
zhenyasav,0
dolgarev,0
Lavan,0
maomorales,0
amandasaffer,0
shilman,0
Andarist,0
ChrisCinelli,0
peterchoo,0
lezed1,0
particle4dev,0
rissem,0
brugnara,0
martinhbramwell,0
krazyeom,0
qdsang,0
Exilz,0
devinesoftware,0
codeluggage,0
Obiwarn,0
scharf,0
warrenseine,0
jdalton,0
hjst,0
aquator,0
ephemer,0
jamgold,0
lucendio,0
nolandg,0
hharnisc,0
mikowals,0
murillo128,0
benjick,0
hitchcott,0
yasaricli,0
jonlachlan,0
Siilwyn,0
bobiblazeski,0
spyrosk,0
SierraGolf,0
svanderbleek,0
yauh,0
dalerka,0
Maxhodges,0
Sewdn,0
JulianKingman,0
KrishnaPG,0
rbabayoff,0
ricardohbin,0
cuberoot,0
prinzdezibel,0
nickw,0
nothingisdead,0
restebanez,0
knownasilya,0
taromero,0
dcsan,0
musically-ut,0
alexcorre,0
colllin,0
physiocoder,0
ChangJoo-Park,0
DanielDornhardt,0
christianbundy,0
Maxim-Filimonov,0
JamesLefrere,0
sebsylvester,0
LyuGGang,0
kevinchiu,0
matteodem,0
plexorama,0
sleewoo,0
sovalev,0
harvestin,0
netanelgilad,0
davidyaha,0
svda,0
rosh93,0
pauldowman,0
machard,0
dgtlife,0
JackAdams,0
richguan,0
SeriousM,0
adelq,0
ecwyne,0
pscanf,0
ryanmurakami,0
mshekera,0
timoabend,0
evliu,0
wulfmeister,0
katopz,0
anstarovoyt,0
arbesfeld,0
JimHough,0
twhy,0
MaximDubrovin,0
noamkfir,0
softilabs,0
dbackeus,0
leoj3n,0
applepicke,0
fpoirier1,0
meenie,0
kaizensoze,0
iamstephenkerr,0
jbruni,0
ducdigital,0
Ulexus,0
LinusU,0
kevb,0
jayanthbagare,0
zhihongzzh,0
zot,0
rcy,0
AntonLS,0
felixrabe,0
mcbain,0
Pent,0
nelsonic,0
josephfinlayson,0
seeder,0
philcockfield,0
paulswartz,0
jfhamlin,0
ankurp,0
markdowney,0
charlesvallieres,0
patrickleet,0
canadaduane,0
andreas-karlsson,0
sbking,0
OyoKooN,0
mart-jansink,0
daquinons,0
alexhancock,0
cdoe,0
danieljonce,0
FooBarWidget,0
ScottPolhemus,0
lencinhaus,0
rzymek,0
MaerF0x0,0
zeldovich,0
yefim,0
rjakobsson,0
et,0
lacco,0
akralj,0
joshperrin,0
oae,0
KartikChugh,0
stephantual,0
meawoppl,0
ansman,0
andreioprisan,0
dan335,0
zakdances,0
ecbrodie,0
TimHeckel,0
btipling,0
cvan,0
mrhein,0
deepwell,0
n-h,0
caseycobb,0
reezer,0
aks,0
piffie,0
garnermccloud,0
alexpods,0
shravansing,0
joshorig,0
fabiozaffani,0
liamgray,0
brianherbert,0
Elfoslav,0
crsssl,0
juanbernabo,0
travishubbard,0
sochka,0
scottmcpherson,0
swese44,0
PranayShah,0
john-osullivan,0
ai10,0
ylluminate,0
fjakobs,0
sallespromanager,0
Kuzmin,0
mastrolinux,0
a-botermans,0
TravisDart,0
zvictor,0
adamjspooner,0
jhoxray,0
jacott,0
wbashir,0
gib,0
scottgwald,0
gihrig,0
spang,0
joshuaconner,0
tutukin,0
bioform,0
comerc,0
bbbmmmlll,0
paralin,0
svasva,0
reustle,0
jamesdwilson,0
kevee,0
nate-strauser,0
sylvaingi,0
rasmuserik,0
haircuttedfreak,0
jadeqwang,0
geekrohit,0
biocross,0
wescleveland,0
krizka,0
kevinxucs,0
adams,0
jerico-dev,0
mrcoles,0
wihl,0
jrhone,0
oscardebos,0
maxko87,0
hijonathan,0
uniring,0
AjayMT,0
bramp,0
codeincontext,0
michaelneale,0
danawoodman,0
AVGP,0
rep,0
cscott,0
boekkooi,0
egtann,0
kenyee,0
ninajlu,0
hipertracker,0
juliangruber,0
vizo,0
darylantony,0
alex-okrushko,0
substack,0
smhg,0
grigio,0
ypresto,0
johndevor,0
chuangbo,0
johnjelinek,0
acemtp,0
meteortester,0
heavyk,0
ejoubaud,0
zapatoche,0
roymax,0
opyh,0
yasinuslu,0
josephers,0
lvbreda,0
bmcmahen,0
joshparolin,0
stefanocudini,0
sokki,0
athiwatc,0
jonathanmv,0
mike-marcacci,0
stephanebisson,0
gotwig,0
Charuru,0
gigaroby,0
segrey,0
ayal,0
html5cat,0
evo42,0
motro,0
bradens,0
tjoyal,0
inhji,0
fivethirty,0
badslug,0
sra,0
sputnick,0
limeyd,0
zhangcheng,0
alex-seville,0
corbanbrook,0
drorm,0
BlueHotDog,0
collimarco,0
ckelner,0
josebalius,0
MStumpp,0
goldfeld,0
israrwz,0
myf,0
matb33,0
guaka,0
davedx,0
avocade,0
hiteshjoshi,0
wamatt,0
ibash,0
jlfwong,0
ma11hew28,0
theTarzan,0
kevinSuttle,0
azizur,0
zedtux,0
ento,0
TrevorBurnham,0
sindrenm,0
wbzyl,0
ramainen,0
JBX028,0
thomasf1,0
johnantoni,0
flisky,0
imperez,0
chasingmaxwell,0
davidcelis,0
jlamontagne,0
dlee,0
igreshev,0
bensonk,0
jasonLaster,0
nickythegreek,0
patrickdevivo,0
antoviaque,0
juzerali,0
tylerball,0
phillc,0
bfirsh,0
climboid,0
gabriel-dehan,0
steveluscher,0
dsummersl,0
holmsand,0
jussiry,0
thurn,0
adrianmaurer,0
txm,0
lukestanley,0
jpmec,0
majek,0
zhanghaojie,0
iwoj,0
muhleder,0
shama,0
heikki,0
jamesotron,0
kedano,0
vic,0
mtgred,0
sethburtonhall,0
barisbalic,0
bs,0
jasonkuhrt,0
andredublin,0
kiba,0
JasonGiedymin,0
lvh,0
joshmcarthur,0
ivh,0
quarterto,0
andrewrk,0
cldwalker,0
bobbywarner,0
timraymond,0
mrgordon,0
viniciusgati,0
hswolff,0
edward,0
