author,percentage
jsf-clabot,0.9991
travisbot,0.8681
coveralls,0.7328
cassianomon,0.7306
petrbela,0.5981
jasonkb,0.5592
gholadr,0.5305
zenozeng,0.5245
fbonzon,0.5051
xkxx,0.5043
mgorabbani,0.5037
kyungw00k,0.5026
kruyvanna,0.5
atefBB,0.496
dandv,0.4941
TracyGJG,0.4871
Quenty31,0.4813
sirn,0.4778
quietmint,0.4763
Kaushik1987,0.4732
gdibble,0.4695
spring1975,0.4688
gregor-rayman,0.4686
SobakaSlava,0.4648
timaschew,0.4633
zemlanin,0.4594
guybedford,0.4594
ulmus,0.4591
ljharb,0.4509
blakeembrey,0.4497
adsingh14,0.4479
wyantb,0.4469
jbleduigou,0.4405
mirontoli,0.4391
nlouahedj,0.4385
chienkira,0.4358
butterflyhug,0.4346
XueWei,0.4318
lourenci,0.4314
afc163,0.4268
jfroffice,0.4254
ovangle,0.4253
juanghurtado,0.4241
ashsearle,0.4231
glenjamin,0.4212
eternicode,0.418
lashad,0.4167
yordis,0.4163
evoL,0.4137
BYK,0.413
wi-ski,0.4041
lluchs,0.4032
Xotic750,0.4006
realbisoye,0.4001
ben-lin,0.3998
narainsagar,0.3991
gr2m,0.3974
mrbase,0.3955
shakib609,0.3935
johnnyreilly,0.3923
forabi,0.3908
xsoh,0.3878
nostalgiaz,0.3848
elad,0.3832
RobinvanderVliet,0.3826
mmozuras,0.3801
dbkirk4211,0.379
zenlor,0.3785
kalehv,0.3766
skakri,0.3764
kaushikgandhi,0.3759
julionc,0.3741
alexstrat,0.3735
stephan-v,0.3726
dasa,0.3721
neroux,0.3704
massic80,0.3689
jisaacks,0.367
socketpair,0.366
bentaber,0.361
bleadof,0.3587
skfd,0.3552
gfviegas,0.3551
saxicek,0.352
gzurbach,0.3502
caio-ribeiro-pereira,0.3498
nanomosfet,0.3497
rockymeza,0.3404
niemyjski,0.3347
baryon,0.3333
kifcaliph,0.3333
WikiDiscoverer,0.3331
Seldaek,0.3323
kylekatarnls,0.3311
cmyers,0.3297
petedmarsh,0.3275
cwohlman,0.3249
mbad0la,0.3242
tcarlsen,0.3239
ebraminio,0.3236
iamstarkov,0.3232
Menelion,0.3197
boyaq,0.3176
ichernev,0.3132
bkyceh,0.3084
PatrickFranz,0.3053
bollwyvl,0.3051
kshitijb,0.3041
captbaritone,0.2996
niwinz,0.2996
ulfryk,0.2988
ibnesayeed,0.2981
teohhanhui,0.2981
behrang,0.2979
ogonkov,0.2959
mattgrande,0.2908
eximius313,0.2894
crisu83,0.2867
markstos,0.2807
triqi,0.2795
jarosluv,0.273
dmaii,0.2667
Elhebert,0.2609
jonbca,0.255
TremayneChrist,0.2492
maggiepint,0.2491
harpreetkhalsagtbit,0.2476
marwahaha,0.2448
braddunbar,0.2447
limonte,0.2435
bankyadam,0.243
ghost,0.2415
rexxars,0.2413
B0k0,0.2367
blankmaker,0.2363
timrwood,0.2361
dar5hak,0.2334
jojosati,0.233
icambron,0.2323
mattiasrunge,0.2282
mj1856,0.2278
dperrymorrow,0.2212
rajeevnaikte,0.2196
zhil,0.2191
adamreisnz,0.219
zhkuskov,0.217
petkaantonov,0.2146
sigurdga,0.2115
darrenjennings,0.2102
mehiel,0.2067
frontyard,0.2064
middagj,0.2024
zgmnkv,0.2012
miodragnikac,0.2
pereorga,0.1981
wulftone,0.1956
sereysethy,0.1948
hsablonniere,0.1938
tyok,0.1931
MylesBorins,0.1862
kevinzwhuang,0.1748
muminoff,0.1705
robgallen,0.1645
author,0
DaDodger,0
brgrz,0
dozGrou,0
keqingrong,0
mydea,0
sm2017,0
vinaydate,0
phil-davis,0
mmarvick,0
filiptdz,0
cwenzelg,0
martinmcwhorter,0
ossdev07,0
Italo-J-A-Fernandes,0
srl295,0
kamzara,0
nikofil,0
cherouvim,0
donroyco,0
gfpacheco,0
8BitJonny,0
martin770,0
mbisurgi-designfreed,0
marxsk,0
nishant8BITS,0
Sakarisson,0
jsoref,0
rossipedia,0
gillyb,0
BoFFire,0
arnonuem,0
thatnini,0
PunKeel,0
pacificobr,0
thiagopaxa,0
mercutiodesign,0
spirytoos,0
nnmrts,0
leofavre,0
DmitryScaletta,0
itech-dzmitry,0
topchiyev,0
Eliyas,0
ragingdave,0
baribadamshin,0
TheDancingCode,0
cheapsteak,0
iJaniashvili,0
codetriage-readme-bot,0
kborchers,0
aviau,0
henninghall,0
javkhaanj7,0
bayneri,0
kant2002,0
YenalTuran,0
JLHwung,0
alan-agius4,0
davido,0
Havunen,0
jarredt,0
ZachGawlik,0
migg24,0
Kosai106,0
i8-pi,0
kotapeter,0
darakeon,0
pndewit,0
l2aelba,0
RoobinGood,0
tqc,0
joelmheim,0
sschueller,0
duxinxiao,0
Sennahoi,0
devssh,0
david-driscoll,0
alesma,0
JanisE,0
mikeparas,0
kcthota,0
sebcharrot,0
shadowhand,0
asulaiman,0
Petrukha,0
fastrde,0
andy-shi88,0
waclawjacek,0
szhigunov,0
javid-yagubali,0
hehachris,0
tkrotoff,0
estellecomment,0
horus68,0
jalex79,0
spywhere,0
monkeycon,0
rentalhost,0
PhilPJL,0
lauriii,0
mestremuten,0
kkopanidis,0
kaypro4,0
waltercassiano,0
catamphetamine,0
evan-scott-zocdoc,0
sgorsh,0
orif-jr,0
gmanriqueUy,0
sinisterstuf,0
difelice,0
BrianDGLS,0
shmendo,0
wimrijnders,0
FourwingsY,0
mohan-mu,0
MadMG,0
kearnmachine,0
billschaller,0
dimkinv,0
timfish,0
xxzefgh,0
kumarharsh,0
nusretparlak,0
mozillakab,0
EzequielB,0
westy92,0
GaleOnGitHub,0
nasserghiasi,0
TrejGun,0
keithwillcode,0
miestasmia,0
ar2rsawseen,0
nwhittaker,0
SeanSanker,0
Quent-in,0
marcoil,0
mairanteodoro,0
prodis,0
patrickhousley,0
connection-reset,0
ZackVision,0
aymericbouzy,0
webbiesdk,0
spikebrehm,0
ibread,0
liangg,0
lencioni,0
patyoon,0
kentobento,0
sibnerian,0
michaelkaaring,0
torryt,0
randombk,0
mxl,0
horiuchi,0
tiagoefmoraes,0
bcherny,0
tomhicks-bsf,0
jedimonkey,0
glasser,0
tcastelli,0
benjamn,0
abernix,0
ondrejsevcik,0
zenvercoder,0
JSFOwner,0
schempy,0
mslooten,0
juliuste,0
samuelfullerthomas,0
rinopo,0
eddieajau,0
RIanDeLaCruz,0
ValeriiVasin,0
jgo4th,0
Manduro,0
davidxiao,0
naderio,0
tgfjt,0
sideris,0
tomalec,0
lgabster,0
Aanal,0
netpoetica,0
judikdavid,0
Salasar,0
scomma,0
JohnMacAslan,0
ben-ng,0
Zorig,0
gmarty,0
aluanhaddad,0
plantain-00,0
alexishida,0
ducks,0
ShaishavGandhi,0
loudandwicked,0
colus001,0
LI-NA,0
yiminghe,0
ipa1981,0
schmod,0
joshbrooks,0
lunardog,0
ptMuta,0
jesussobrino,0
Nicolaidavies,0
theawesomenayak,0
jsmreese,0
miloszsobczak,0
maximou4391,0
flyalex,0
georgeteo,0
lacolaco,0
todd,0
not-an-aardvark,0
FallingSnow,0
tamird,0
bigtone1284,0
kikoanis,0
ThomasVandenbon,0
saknarak,0
jorisroling,0
robbiecloset,0
jvanoostveen,0
monoblaine,0
jonathathan,0
likerRr,0
jmaleonard,0
gusbemacbe,0
Pephers,0
Knagis,0
frankind,0
aijo,0
deltreey,0
TimvdLippe,0
tomvlk,0
ottoliar,0
Changron,0
desfero,0
lcarva,0
leolannenmaki,0
paulfalgout,0
flugger,0
Chyngyz,0
scottrice10,0
andrewhood125,0
floydpink,0
chrisgedrim,0
Karamell,0
kraz,0
sedovsek,0
kwisatz,0
lantip,0
colindean,0
flakerimi,0
eillarra,0
gaspard,0
gurdiga,0
lukemcgregor,0
talnetd,0
bangnk,0
suvash,0
jonashdown,0
ragnar123,0
wernerm,0
amaranthrose,0
chriscartlidge,0
fadsel,0
ragulka,0
tk120404,0
vimdude,0
ksnabb,0
talgautb,0
gaplo917,0
enumag,0
afanasy,0
datyayu,0
Aides359,0
stephenreddek,0
marijaselakovic,0
crteal,0
Starefossen,0
rvagg,0
HPate-Riptide,0
evilpacket,0
SomeKittens,0
joeybaker,0
Silviu-Marian,0
fracz,0
jtomaszewski,0
ksr89,0
PatrickJS,0
urish,0
Guria,0
nknapp,0
ErBlack,0
JunhoKim01,0
antonmedv,0
zakhenry,0
yodeyer,0
qtomasicchio,0
timotheeg,0
jglancy,0
BonsaiDen,0
nowells,0
thomasdashney,0
kinduff,0
klardotsh,0
afilp,0
numeraltwo,0
vladikoff,0
danielgindi,0
TalAter,0
JohnAnthony,0
clairecoloma,0
StevenMcD,0
rdubigny,0
nihau,0
Aditya28268,0
casvil,0
Yangxiucheng1002,0
Sergio1C,0
keyvan21904,0
rclanan,0
jokesterfr,0
robertmain,0
MartynDavis,0
ArnoldZokas,0
pbazydlo,0
zbarnett,0
weldan,0
troyastorino,0
paladox,0
matpag,0
nscornia,0
perlun,0
piddle,0
krishnakumar03,0
kepta,0
BLamy,0
ovninosa,0
lukehorvat,0
elreimundo,0
vnathalye,0
timothyfstephens,0
nurlan,0
pietercolpaert,0
jawish,0
digz6666,0
vsn4ik,0
RomeroMsk,0
d4nc3r,0
jamesarosen,0
diomed,0
ryanhart2,0
raphamorim,0
mattbailey,0
Xaar37,0
thehungrycoder,0
mathiasrw,0
shabanovd,0
ccorcos,0
lazreg87,0
balek,0
philjohnson789,0
mik01aj,0
Pumpuli,0
milan-j,0
dennisgl,0
NobodysNightmare,0
JobaDiniz,0
rjruizes,0
kkirsche,0
cvrebert,0
skabbes,0
wajatimur,0
stewartml,0
willstott101,0
laurentguilbert,0
leehankyeol,0
noamkfir,0
samuelgoff,0
brianwyantora,0
szwacz,0
tomislav-s,0
manfredjb,0
EmKayDK,0
lvn,0
HenrikWM,0
erhangundogan,0
umurkontaci,0
ntadej,0
andreialecu,0
abhustoft,0
Hypercubed,0
usmonster,0
tomhorvat,0
hibiyasleep,0
Servien,0
felixfbecker,0
eweilow,0
ramongr,0
krauzand,0
davidkmenta,0
marcguyer,0
Gobie,0
sadams,0
davidyen1124,0
sampathsris,0
chasenlehara,0
wtsai,0
hemp,0
atesgoral,0
corydeppen,0
amire80,0
stoeffel,0
cmathew,0
rbq,0
joscha,0
netaisllc,0
estark37,0
aldeed,0
trebor74hr,0
bmarkovic,0
HoffmannP,0
radekdostal,0
leonyu,0
elliotf,0
RelikDream,0
DaSchTour,0
SimpleCookie,0
hermanjunge,0
Cloze,0
nchereva,0
kuka,0
msonsona,0
espen,0
doedje,0
songawee,0
edgartheunready,0
freiksenet,0
szelga,0
amchang,0
jakerichan,0
FredKSchott,0
lockchou,0
endrejeges,0
PeterDaveHello,0
hupfis,0
JakubOnderka,0
egilkh,0
yanickrochon,0
johntron,0
schettino72,0
Martii,0
nikoskalogridis,0
jordansexton,0
rbonvall,0
dietergeerts,0
cletusw,0
a00andos,0
kopax,0
tjwebb,0
wackawacka,0
manuelbernhardt,0
Toilal,0
isaacdd,0
tannerlinsley,0
vitrilo,0
andrewboni,0
iwatakeshi,0
alfg,0
pascalgross,0
gerritvanaaken,0
matiaslarsson,0
stereonom,0
joe-schorn,0
rlweb,0
Quji,0
YPCrumble,0
samcic,0
bzifkin,0
itrethan,0
WebDevTmas,0
jgrigg,0
bensinclair,0
rfink,0
Zugwalt,0
kichooo,0
acrolink,0
davidpatters0n,0
bbtb1982,0
nodesocket,0
leonn,0
samcc1,0
pangeaos,0
xpepermint,0
andyyou,0
heruan,0
tecnocat,0
julestruong,0
wolfgang42,0
Mohammed-El-Nabulsi,0
padsbanger,0
michplunkett,0
kevlarr,0
sandorvasas,0
1x0,0
ericsoco,0
vajradog,0
benesch,0
mauricioac,0
yelinaung,0
setkyar,0
fennecfox,0
anton-ryzhov,0
mweimerskirch,0
jbrockmeyer,0
MindaugasR,0
sbstp,0
skastel,0
demidov91,0
ryangreaves,0
zhusee2,0
rxaviers,0
akarelas,0
suprememoocow,0
dittodhole,0
ozon1234,0
philfreo,0
andrei-cocorean,0
oerd,0
kenvunz,0
jgillman,0
ejholmes,0
SabbeRubbish,0
jmccraw,0
jeverington,0
mdxs,0
avaly,0
DamianFekete,0
robertclancy,0
Kordonme,0
d1ffuz0r,0
crucifyer,0
joshbambrick,0
RomanDidenko,0
mattbrooks2010,0
bbshih,0
jamesplease,0
vhpoet,0
Daniel-Hug,0
n3o77,0
luksch,0
momentjsLangMarioJohnSanchez,0
pimterry,0
Frost,0
billmn,0
mlocati,0
ehartford,0
antonellopasella,0
alanhamlett,0
jdalton,0
And-re,0
lopezdonaque,0
madhenry,0
jeserkin,0
dbkaplun,0
brunosaboia,0
ericsaboia,0
dazld,0
fyyyyy,0
fgobin,0
yannickl,0
hjdivad,0
hagmandan,0
dominicbarnes,0
rfb,0
rwbaskette,0
mariusGundersen,0
bakatamas,0
arshaw,0
Timrael,0
jeverden,0
ianwremmel,0
samvdb,0
GabrielHedges,0
recallfx,0
nagisa,0
mogstad,0
adambiggs,0
yarons,0
MandarSant,0
cristiandouce,0
chall8908,0
dalelotts,0
igorlima,0
allaud,0
mrtnjrrtt,0
mroderick,0
tkallevik,0
dikmax,0
redben,0
ibigbug,0
jrgensen,0
tsareg,0
nathan-alden,0
michael-o,0
sherwinyu,0
biggates,0
jiyinyiyong,0
frasertweedale,0
Caged,0
JensRantil,0
jwarkentin,0
AndreasPresthammer,0
kevinmarx,0
martino,0
balazsmeszegeto,0
Baggz,0
jazzzz,0
Viktorminator,0
jmagnusson,0
kwhitley,0
chbrown,0
DaAira,0
anthonyshort,0
draganbabic,0
terrapass,0
sjlu,0
samlown,0
dukedave,0
mar-chi-pan,0
gvarela,0
jdudek,0
rngadam,0
XhmikosR,0
DVSoftware,0
jubr,0
rolfb,0
darkleaf,0
armitage,0
JasonCust,0
jorendorff,0
toofishes,0
nornagon,0
badunk,0
francisbesset,0
johnny-mh,0
tregusti,0
Konrad1984,0
benatkin,0
millermedeiros,0
Chipintoza,0
stuartleigh,0
anfuerer,0
dax,0
AndersDJohnson,0
jcayzac,0
djmitche,0
lord-xeon,0
baptistedeleplace,0
dannygarcia,0
fengmk2,0
aleafs,0
trondkla,0
moshest,0
TooBug,0
mdamt,0
gregtillbrook,0
topaxi,0
stuaxo,0
jchillerup,0
gregwebs,0
yang,0
benjaminoakes,0
jasondavies,0
rando,0
Mathbl,0
jokeyrhyme,0
lucaong,0
ypomortsev,0
p-baleine,0
deleteme,0
mcs,0
yuchi,0
francisdb,0
cgbeekman,0
andrewdeandrade,0
jacoblyles,0
hinrik,0
nailor,0
nilakanta,0
ojarva,0
jimmyye,0
vroy,0
slindberg,0
sveisvei,0
fduch2k,0
ginotria,0
pferreir,0
topherez,0
magwo,0
masylum,0
davidcalhoun,0
joliver,0
caillou,0
welwood08,0
jgwhite,0
martoche,0
lookfirst,0
bobrik,0
keeguon,0
spmason,0
