author,percentage
zev,1
rails-bot,0.9993
drcapulet,0.8889
travisbot,0.881
lvl0nax,0.841
reitermarkus,0.7784
pboling,0.7366
dijonkitchen,0.7292
khelben,0.7143
zhouguangming,0.7133
zolzaya,0.7126
assain,0.6976
sham-sheer,0.6923
piton4eg,0.6864
mrgilman,0.6668
gmile,0.6505
fukayatsu,0.65
azbshiri,0.6466
andyw8,0.642
isaacsanders,0.634
ydakuka,0.6309
miry,0.6189
carlosgaldino,0.6052
timrogers,0.5913
amitsuroliya,0.5874
sharmaanshul2102,0.5738
sivagollapalli,0.5698
rishijain,0.5684
bukue,0.5642
EPecherkin,0.5633
magikid,0.5609
soartec-lab,0.5556
bkuo,0.5556
Paxa,0.5525
aayushkhandelwal11,0.5513
piscolomo,0.5457
bsodmike,0.5434
Erol,0.538
stouset,0.5378
akihiro17,0.5349
ixti,0.5338
ttanimichi,0.5324
akshat-sharma,0.5295
jeroeningen,0.5293
rajars2576,0.5286
ronakjangir47,0.5279
dubek,0.527
st0012,0.5261
shardulparab97,0.5255
gnufied,0.5255
vishaltelangre,0.5253
mohitnatoo,0.525
rabbitt,0.5235
thiagopradi,0.5233
benatkin,0.5222
jemminger,0.522
kayakyakr,0.5215
tgturner,0.5207
teoljungberg,0.5202
yalab,0.5157
danielrhodes,0.5137
fatkodima,0.5128
dhiachou,0.5127
jeroenvisser101,0.512
makaroni4,0.511
maurogeorge,0.5103
jychen7,0.51
stomar,0.5093
lukesteensen,0.5089
jcoleman,0.5085
ehutzelman,0.5068
cliochris,0.5052
julianvargasalvarez,0.5039
kenta-s,0.5029
tomkadwill,0.5019
alpaca-tc,0.5015
divineforest,0.5013
soulim,0.501
jipiboily,0.5
bradediger,0.5
masone,0.4994
chewi,0.499
mikelikesbikes,0.4984
Nerian,0.4977
etehtsea,0.4969
matildasmeds,0.4952
bitboxer,0.4951
mtparet,0.4922
Ana06,0.4921
Azzurrio,0.4915
nragaz,0.4907
oliveiraethales,0.4902
emmanuel,0.4898
mrj,0.4896
egtann,0.4896
andreynering,0.4893
ryanb,0.4879
LTe,0.4871
lucasuyezu,0.4871
lucasts,0.4867
jrafanie,0.4863
BrentWheeldon,0.4848
nixme,0.4848
ai,0.4848
sishen,0.4846
charliesome,0.4845
eljojo,0.4842
cloud8421,0.4834
eric-chahin,0.4833
adomokos,0.4832
lucasmazza,0.483
gregnavis,0.4828
leods92,0.482
stevecj,0.4812
bradleybuda,0.481
zamith,0.4806
ehtb,0.4804
benolee,0.4804
panthomakos,0.4802
laserlemon,0.4795
JoeyButler,0.4795
kassio,0.4794
rohit,0.479
isamankumara,0.4779
stve,0.4779
obduk,0.4778
amiel,0.4774
xuanxu,0.4772
wvanbergen,0.4768
hindenbug,0.4765
Widdershin,0.4764
gregolsen,0.4759
MacksMind,0.4758
dcrec1,0.4753
UncleGene,0.4743
alexbartlow,0.4738
igas,0.4737
siadat,0.4734
staugaard,0.4725
jackdempsey,0.4723
yoongkang,0.4722
nishantmodak,0.4715
igorkasyanchuk,0.4712
lcreid,0.4699
abhishekjain16,0.4697
waynn,0.4696
dharamgollapudi,0.4688
xw19,0.4683
ptoomey3,0.4681
gtd,0.4681
kytrinyx,0.468
roderickvd,0.4679
zuhao,0.4676
krekoten,0.4675
perceptec,0.4674
floehopper,0.4671
yangchenyun,0.4671
rbhitchcock,0.4668
wazery,0.4666
henders,0.4665
razielgn,0.4665
roberto,0.4662
vertis,0.4657
marnen,0.4656
sivsushruth,0.4656
ahoward,0.4655
rmm5t,0.4651
exviva,0.4649
todd,0.4646
cap10morgan,0.4643
Houdini,0.4634
jasonleonhard,0.4633
imanel,0.4632
dchelimsky,0.463
MDaubs,0.4629
carols10cents,0.4626
choudhuryanupam,0.4626
jeremyevans,0.4619
ojiry,0.4617
tarzan,0.4617
starpeak,0.4617
bluemont,0.4615
laertispappas,0.4609
lawrencepit,0.4608
xijo,0.4602
tadast,0.4602
amutz,0.4602
AvnerCohen,0.4601
neilmiddleton,0.4599
raghunadhd,0.4599
alup,0.4598
nfm,0.4597
iGEL,0.4594
myronmarston,0.4591
amrnt,0.4583
Amit-Thawait,0.458
sponomarev,0.4575
iwiznia,0.4575
seejee,0.4575
manish-shrivastava,0.4573
rthbound,0.457
jridgewell,0.4566
tjschuck,0.4564
beyond,0.4561
janx,0.4561
mlomnicki,0.456
lulalala,0.4559
kuraga,0.4559
stevenharman,0.4558
norman,0.4558
courtland,0.4556
davejachimiak,0.4555
gingerlime,0.4554
gmalette,0.4554
oreoshake,0.454
nisusam,0.4533
KensoDev,0.4531
tomrossi7,0.453
kyatul,0.4525
sinogermany,0.4524
aeroastro,0.4523
domcleal,0.4523
Mik-die,0.4513
frankapimenta,0.4513
dixpac,0.4512
davydovanton,0.4511
adzap,0.451
willianveiga,0.4507
MSch,0.4505
ptn,0.4503
clemensp,0.4502
alkesh26,0.4501
tomprats,0.4499
betesh,0.4496
ka8725,0.4493
estsauver,0.4493
ahorek,0.4492
willnet,0.4492
aprescott,0.4489
kyledecot,0.4489
guigs,0.4488
mikegehard,0.4483
travisofthenorth,0.4479
jfirebaugh,0.4479
grantovich,0.4478
bobbus,0.4476
suginoy,0.4474
phuibonhoa,0.4474
sadjow,0.4471
yfeldblum,0.447
jwworth,0.4469
cantino,0.4468
mikegee,0.4467
kommen,0.4467
Juanmcuello,0.4467
benmoss,0.4461
jgarber623,0.4457
nikitug,0.4454
deeeki,0.4449
methyl,0.4449
tanraya,0.4447
garysweaver,0.4445
TheSmartnik,0.4444
tinco,0.4443
mikekelly,0.4441
szimek,0.444
subelsky,0.4439
jholton,0.4439
latortuga,0.4435
jmbejar,0.4429
dv,0.4428
moktin,0.4428
raimo,0.4426
willbryant,0.4424
mcmorgan,0.4423
Azdaroth,0.4421
yawboakye,0.4419
robinboening,0.4412
Jxck,0.4411
ccallebs,0.4408
greinacker,0.4408
mrageh,0.4406
acutemedical,0.4405
Liceth,0.4404
ryohashimoto,0.4399
lukesarnacki,0.4399
alexcameron89,0.4398
sskirby,0.4397
schpet,0.4394
soundarapandian,0.4391
stefanmb,0.439
nettofarah,0.439
nwjsmith,0.4389
rosa,0.4388
ryanjones,0.4387
ranjaykrishna,0.4387
semaperepelitsa,0.4385
kieraneglin,0.4383
tawan,0.4383
mauricio,0.4383
ebeigarts,0.4382
rebyn,0.4378
blowmage,0.4377
joeljunstrom,0.4376
noahgibbs,0.437
andhapp,0.4369
samuelkadolph,0.4369
fedxgibson,0.4366
waynerobinson,0.4366
ujjwalt,0.4366
rousisk,0.4365
ognevsky,0.4364
scambra,0.4363
aaronjensen,0.4361
spaghetticode,0.436
thejamespinto,0.4359
aceofspades,0.4359
shioyama,0.435
rajofchennai,0.4349
mhfs,0.4346
brchristian,0.4336
MaxLap,0.4334
joneslee85,0.4334
braddunbar,0.4333
takkanm,0.4329
benoittgt,0.4327
thelucid,0.4324
mipearson,0.4319
lihanli,0.4317
henrik,0.4315
jonathanhefner,0.4312
dv2,0.4311
sbagdat,0.4311
boblail,0.4308
laurmurclar,0.4302
njakobsen,0.4301
samphilipd,0.4299
abhaynikam,0.4297
piotrj,0.4297
timuralp,0.4296
joergschray,0.4295
arturopie,0.4292
ay,0.4291
patrick99e99,0.429
pabloh,0.4288
dixitp012,0.4286
ysksn,0.4286
dosire,0.4284
y-yagi,0.4282
petervandenabeele,0.4282
swrobel,0.428
joshuaflanagan,0.4276
jsanders,0.4275
odedniv,0.4274
matthewrudy,0.4273
gchan,0.4272
oelmekki,0.4272
Snuff,0.427
guedes,0.4268
elia,0.4264
clarkware,0.4263
Gaurav2728,0.4259
s-aida,0.4259
pwim,0.4258
eliotsykes,0.4257
sachin004,0.4257
jjb,0.4256
MSNexploder,0.4256
frankieroberto,0.4255
philnash,0.4251
ch33hau,0.4251
nahi,0.4249
BenMorganIO,0.4247
ngauthier,0.4246
renchap,0.4244
beerlington,0.4242
mrnugget,0.4239
janko,0.4236
wagenet,0.4235
BMorearty,0.4235
ekampp,0.4232
ucarion,0.4232
AaronLasseigne,0.4231
cfabianski,0.4231
acesuares,0.4231
teohm,0.4227
lexmag,0.4227
liwii,0.4224
EdDeAlmeidaJr,0.4224
jaggederest,0.4223
bokor,0.4223
kenmazaika,0.422
derekkraan,0.422
trosborn,0.4219
loganhasson,0.4219
sergiocampama,0.4217
christos,0.4213
reggieb,0.4211
AlexCppns,0.4209
chocoby,0.4208
felixbuenemann,0.4207
joefiorini,0.4207
Crunch09,0.4206
marekkirejczyk,0.4205
cseelus,0.4201
taboularasa,0.42
schuetzm,0.4199
dtrasbo,0.4198
cgriego,0.4197
koenpunt,0.4195
ccutrer,0.4195
edwardmp,0.4194
dmastylo,0.419
sj26,0.4188
cjolly,0.4185
mechanicles,0.4185
larskanis,0.4183
BanzaiMan,0.4183
rails-noob,0.4183
ma2gedev,0.4181
exagil,0.418
rrmartins,0.4177
joshwilliams,0.4172
kuboon,0.4171
zmoazeni,0.4167
bdmac,0.4166
mariovisic,0.4164
tovodeverett,0.4163
chapmajs,0.4162
mjc-gh,0.4161
alan,0.416
Schwad,0.4159
bouk,0.4158
paulca,0.4157
uberllama,0.4153
rafaelsales,0.4152
paneq,0.4151
winston,0.4151
elight,0.4149
chumakoff,0.4145
dnagir,0.4144
ykzts,0.4135
sirupsen,0.4132
kuroda,0.4131
keithgabryelski,0.4131
lugray,0.4128
sb8244,0.4126
benmcredmond,0.4126
lxsameer,0.4125
rafmagana,0.4125
mikhailov,0.4119
waseem,0.4119
sergey-alekseev,0.4118
jroes,0.4111
ktheory,0.4109
clupprich,0.4107
franckverrot,0.4104
siong1987,0.4103
jamo,0.4102
AmShaegar13,0.4101
malikolivier,0.41
deraru,0.4099
joseluistorres,0.4098
girishso,0.4092
swaathi,0.4092
gja,0.409
matrix9180,0.4089
andrielfn,0.4089
tardate,0.4089
rmcastil,0.4088
davidtrogers,0.4087
mfazekas,0.4085
jdantonio,0.4081
huoxito,0.4081
imtayadeway,0.408
akaspick,0.408
maschwenk,0.4079
NARKOZ,0.4079
agibralter,0.4077
thomasfedb,0.4076
chrisnicola,0.4076
luke-gru,0.4072
sarahhodne,0.4072
rajcybage,0.4071
tilsammans,0.4069
joshsusser,0.4068
tigrish,0.4067
misfo,0.4067
ryanwhocodes,0.4066
jlxw,0.4065
mikker,0.4064
brajadorable,0.4061
timraymond,0.4054
danmcclain,0.4054
stevenh512,0.4054
sebjacobs,0.4052
burke,0.4052
chanks,0.4052
clifton,0.4052
jarl-dk,0.4051
killthekitten,0.405
pacoguzman,0.405
jmondo,0.4046
swooop,0.4046
alexventuraio,0.4044
fabn,0.4044
DmitryTsepelev,0.4043
samphippen,0.4042
pwnall,0.4042
lanej,0.4038
shime,0.4038
gzohari,0.4038
jhawthorn,0.4036
glebm,0.4036
rroblak,0.4035
sorentwo,0.4034
solnic,0.4033
marceloperini,0.4032
glaucocustodio,0.4032
tricknotes,0.4029
barelyknown,0.4029
diminish7,0.4029
agios,0.4028
wisetara,0.4027
revans,0.4027
jejacks0n,0.4027
Sharangovich,0.4027
arvindmehra,0.4026
mikel,0.4026
trevorturk,0.4025
tank-bohr,0.402
avokhmin,0.4019
brandonhilkert,0.4018
chiraggshah,0.4017
RochesterinNYC,0.4017
ream88,0.4016
greyblake,0.4016
siddharth28,0.4014
ankit8898,0.4012
urkle,0.401
Eric-Guo,0.401
TylerRick,0.4009
ugisozols,0.4007
fxposter,0.4003
kenn,0.3999
FooBarWidget,0.3999
agrobbin,0.3997
sachin21,0.3995
alindeman,0.3995
davidcornu,0.3993
fluxusfrequency,0.3993
quantumlicht,0.3991
D1plo1d,0.3991
myrridin,0.3988
avit,0.3985
lellisga,0.3985
chrisarcand,0.3984
lucascaton,0.3984
namusyaka,0.3981
josemotanet,0.3981
voxik,0.3979
artofhuman,0.3974
rustygeldmacher,0.3974
ignatiusreza,0.3973
georgemillo,0.3973
vjebelev,0.3973
jedschneider,0.3971
equivalent,0.397
jefflai2,0.397
rmacklin,0.3969
alexisbernard,0.3968
travisoneill,0.3962
fw42,0.3962
psahni,0.3962
zenspider,0.396
thejonanshow,0.396
aried3r,0.3959
PHedkvist,0.3956
vlad-shatskyi,0.3955
dwightwatson,0.3954
jamesarosen,0.3954
benmmurphy,0.3952
dgeb,0.3952
romanvbabenko,0.3951
mqchau,0.395
christhekeele,0.395
chaffeqa,0.3949
cmeiklejohn,0.3949
firedev,0.3947
atambo,0.3946
shuhei,0.3946
tiegz,0.3945
michiels,0.3942
mroutis,0.3941
meltheadorable,0.394
patricksrobertson,0.394
davidjrice,0.394
spk,0.3939
steakknife,0.3936
wvengen,0.3936
khustochka,0.3936
k0kubun,0.3934
rkh,0.3934
tomash,0.393
rizwanreza,0.3929
brainopia,0.3927
sorah,0.3927
bronson,0.3924
eval,0.3921
bradleypriest,0.3917
ayanko,0.3915
pkmiec,0.3915
urielka,0.3912
runephilosof,0.391
kot-begemot,0.391
gaelmuller,0.3905
ndbroadbent,0.3904
rsim,0.3904
y00rb,0.3903
JasonLunn,0.3896
NickLaMuro,0.3894
sethvargo,0.3891
RasPat1,0.3889
kielkowicz,0.3888
jcoyne,0.3886
kmcphillips,0.3885
arkadiyk,0.3882
twitnithegirl,0.388
etdev,0.388
mitijain123,0.3879
wbreeze,0.3878
mwear,0.3875
rafael,0.3873
mberlanda,0.3872
iguchi1124,0.3872
robertjwhitney,0.3872
mmustala,0.3866
kurko,0.3866
jlecour,0.3865
jacobo,0.3864
nathany,0.3859
kares,0.3858
spohlenz,0.3857
rodzyn,0.3856
tonywok,0.3855
Bertg,0.3855
shakib609,0.3854
dyba,0.3854
baweaver,0.3853
glittershark,0.3851
gramos,0.3851
mcmire,0.385
shayonj,0.3849
Bodacious,0.3849
RobinClowers,0.3847
hsbt,0.3846
mcfiredrill,0.3844
filipegiusti,0.3844
tute,0.3843
benhamill,0.3843
jhtwong,0.3843
derekprior,0.3842
demisx,0.3842
GCorbel,0.3841
yasyf,0.384
leehambley,0.384
exAspArk,0.3839
davidcelis,0.3839
PikachuEXE,0.3834
huacnlee,0.3833
freemanoid,0.3833
oriolgual,0.3833
thenickcox,0.3831
urbanautomaton,0.3829
rywall,0.3827
DavidMikeSimon,0.3827
chadmoone,0.3826
melekes,0.3824
dark-panda,0.3823
leonardoprg,0.3822
jbaudanza,0.3821
durrantm,0.382
kreynolds,0.3819
aantix,0.3815
tarcieri,0.3814
gucki,0.3813
why-el,0.3813
sharang-d,0.3812
f1sherman,0.3812
jaredbeck,0.381
jnraine,0.3804
rosenfeld,0.3799
907th,0.3799
GRoguelon,0.3798
splattael,0.3797
tommeier,0.3797
brutuscat,0.3794
DropsOfSerenity,0.3793
lunks,0.3792
birkirb,0.3792
edtsech,0.3789
jdelStrother,0.3787
yaotti,0.3787
phoet,0.3785
jcoglan,0.3784
leafac,0.3784
hone,0.3783
chrisccerami,0.3781
rmosolgo,0.378
aripollak,0.3778
dhall,0.3772
clacke,0.3771
skippy,0.3768
goshakkk,0.3768
colinbm,0.3767
sumbach,0.3767
jeremywadsack,0.3766
nbudin,0.3765
olivierlacan,0.3764
bai,0.3764
xaviershay,0.3762
bgentry,0.3762
syphoxy,0.3761
jrochkind,0.3759
vanstee,0.3759
cllns,0.3753
maxim,0.3752
lardawge,0.3751
seanlinsley,0.375
asiniy,0.3747
iHiD,0.3744
Ferdy89,0.3743
andyjeffries,0.3743
nhocki,0.3743
johnnyshields,0.3742
pi3r,0.3742
jordanlewis,0.3741
achempion,0.374
docunext,0.3737
frenkel,0.3735
ioquatix,0.3734
reschke,0.3731
flippingbits,0.373
yhirano55,0.3729
Fudoshiki,0.3727
pat,0.3727
Bounga,0.3726
haberbyte,0.3725
larzconwell,0.3724
qoobaa,0.3724
jaimeiniesta,0.3721
westonplatter,0.3721
calebthompson,0.3719
scally,0.3719
j-dexx,0.3718
kinnrot,0.3716
freegenie,0.3716
ianks,0.3715
georgebrock,0.3715
casperisfine,0.3714
nanaya,0.3714
thomasnal,0.3712
onlymejosh,0.3711
trev,0.3704
mcls,0.3704
mattyoho,0.3703
sandstrom,0.3695
rubys,0.3692
ayamomiji,0.369
serra-allgood,0.369
dylanahsmith,0.3688
trobrock,0.3688
mhuggins,0.3685
sheerun,0.3685
kastiglione,0.3681
nynhex,0.3679
jeyb,0.3678
scottwb,0.3678
dlee,0.3678
tanmay3011,0.3676
lsylvester,0.3675
raggi,0.3672
chriseppstein,0.3669
fshowalter,0.3667
ganeshkumar,0.3664
supercaracal,0.3663
hmarr,0.3662
ziggythehamster,0.366
mastahyeti,0.3659
kshnurov,0.3658
bdewater,0.3656
pda,0.3652
skanev,0.3651
lavrovdv,0.3648
nertzy,0.3645
twalpole,0.3643
agis,0.3643
pseudomuto,0.3643
iainbeeston,0.3641
remomueller,0.3641
saimonmoore,0.3638
krainboltgreene,0.3636
Peeja,0.3636
dmitriy-kiriyenko,0.3636
nicolasblanco,0.3635
ncri,0.3635
rzane,0.3634
goncalossilva,0.3634
FrankFang,0.3633
jfragoulis,0.363
fredwu,0.3628
take,0.3625
lucianocosta,0.3624
avakhov,0.362
jacobbednarz,0.3619
smartinez87,0.3619
TomTriple,0.3619
jvanbaarsen,0.3618
r7kamura,0.3617
kylev,0.3617
chashmeetsingh,0.3616
pschambacher,0.3614
cconstantine,0.3614
richo,0.3612
Cohen-Carlisle,0.3611
ahawkins,0.3611
matthewrobertson,0.3608
erichmenge,0.3608
sobrinho,0.3606
Sen-Zhang,0.3605
joshk,0.3604
rickmzp,0.3604
dazuma,0.3604
aderyabin,0.3603
ali-l,0.3601
yyyc514,0.36
mrbrdo,0.36
ys,0.3598
slbug,0.3598
rymai,0.3597
jbarreneche,0.3597
tvdeyen,0.3596
koic,0.3593
pch,0.3593
mrhead,0.3592
nashby,0.3591
jasonnoble,0.359
zires,0.359
xoen,0.3589
marcandre,0.3588
wanelo-pair,0.3588
buddhamagnet,0.3587
lucashungaro,0.3587
PavelDemyanenko,0.3583
sodabrew,0.358
jmccartie,0.3579
amolpujari,0.3579
apotonick,0.3577
danchoi,0.3577
rmascarenhas,0.3576
alex-handley,0.3575
bensie,0.3572
oscardelben,0.3572
mirceapricop,0.3572
mjtko,0.3569
rhulse,0.3569
alfonsojimenez,0.3568
timoschilling,0.3567
jenseng,0.3564
SweeD,0.3564
Intrepidd,0.3558
nthj,0.3558
Draiken,0.3558
anniecodes,0.3556
onomojo,0.3556
lpil,0.3553
kevmoo,0.3553
LemonAndroid,0.3548
ayrton,0.3546
Soleone,0.3545
pmahoney,0.3542
rdlugosz,0.3538
AaronCowan,0.3536
KL-7,0.3536
qrush,0.3533
JangoSteve,0.353
jfelchner,0.3527
thiagofm,0.3527
tmm1,0.3526
untidy-hair,0.3521
merhard,0.3519
csmuc,0.3517
arthurpsmith,0.3514
davout,0.3514
sbhatore95,0.3513
steved,0.3512
matkoniecz,0.3502
neerajdotname,0.3502
veader,0.3501
tinogomes,0.35
ebihara99999,0.3497
wycats,0.3496
bitaxis,0.3496
indirect,0.3495
german,0.3495
citizen428,0.3492
markbates,0.3492
jbrowning,0.3487
npezza93,0.3485
zhangkaiyulw,0.3485
greysteil,0.3483
yskkin,0.3482
kalmanh,0.3482
BlakeMesdag,0.3481
iboard,0.3481
adamgamble,0.348
trejkaz,0.3479
leereilly,0.3477
timbreitkreutz,0.3474
larrylv,0.3471
graceliu,0.347
jordimassaguerpla,0.3469
dogweather,0.3468
dpickett,0.3468
marutosi,0.3464
josepjaume,0.3463
riseshia,0.3462
luckydev,0.3462
boone,0.3459
sferik,0.3457
rngtng,0.3456
zoltankiss,0.3454
KeithP,0.3452
rahul100885,0.3449
ernie,0.3449
mjhoy,0.3446
smasry,0.3445
RKushnir,0.3444
hubertlepicki,0.3444
jwaldrip,0.344
mijoharas,0.3439
ZASMan,0.3437
elthariel,0.3436
bhus,0.3435
masterkain,0.3434
ask4prasath,0.3432
TimPetricola,0.343
notEthan,0.3428
choncou,0.3427
vsizov,0.3426
md5,0.3424
hundredwatt,0.3421
nateberkopec,0.3417
arktisklada,0.3417
markmcspadden,0.341
jankeesvw,0.3406
dm1try,0.3403
mathieujobin,0.34
amw,0.3399
nicholassm,0.3395
bluehallu,0.3394
timsly,0.3392
DouweM,0.3389
lmars,0.3387
Systho,0.3387
Karunakar,0.3386
DanOlson,0.3382
knapo,0.3378
kbrock,0.3374
Alwahsh,0.3372
paulociecomp,0.3365
rwz,0.3364
tehgeekmeister,0.3363
ckundo,0.3362
headius,0.336
coorasse,0.3359
wangjohn,0.3359
pokonski,0.3354
flooose,0.335
mfpiccolo,0.3347
schneidmaster,0.3345
iantropov,0.3345
palkan,0.3344
nurse,0.3344
plribeiro3000,0.3341
jeremyf,0.3339
robertomiranda,0.3335
alexch,0.3335
moiristo,0.3335
bpohoriletz,0.3333
akolomiychuk,0.3333
sanemat,0.3333
jalkoby,0.3333
janv,0.3333
composerinteralia,0.3332
lleger,0.3331
iangreenleaf,0.333
softwaregravy,0.3328
deepak,0.3326
mmangino,0.3322
thebinarium,0.3322
TroySK,0.3322
zenati,0.3318
bonkydog,0.3318
notalex,0.3317
tekin,0.3314
jamesprior,0.3311
gwincr11,0.3309
raysrashmi,0.3309
semenyukdmitry,0.3309
xuchu,0.3307
itsmeduncan,0.3298
shugo,0.3293
sharnik,0.3293
tjouan,0.3289
zephyr-dev,0.3287
yob,0.3284
vishnuatrai,0.3284
mgodwin,0.3281
jpcody,0.3281
elorest,0.328
justinko,0.3275
jkowens,0.3272
deivid-rodriguez,0.327
iamvery,0.327
arekf,0.3265
trungpham,0.3263
GeekOnCoffee,0.3262
afeld,0.3261
mperham,0.3255
robotex82,0.3255
evanphx,0.3254
youngbrioche,0.3252
coreyward,0.3251
flexoid,0.3247
tribalvibes,0.3247
joallard,0.3246
gampleman,0.3246
jmazzi,0.3245
caike,0.3244
vfonic,0.324
wyaeld,0.3239
kddeisz,0.3237
inopinatus,0.3236
jasiek,0.3236
ereslibre,0.3234
ollym,0.3234
fphilipe,0.3232
kou,0.3232
lysenko,0.3226
hoffm,0.3225
dbussink,0.3223
metaskills,0.322
joshjordan,0.3219
jsgarvin,0.3216
xdite,0.3214
asanghi,0.3209
bradrobertson,0.3207
miloops,0.3204
sevenseacat,0.3202
aguynamedben,0.32
bquorning,0.32
codeodor,0.3197
kalbasit,0.3194
Alamoz,0.3189
brixen,0.3188
sbull,0.3186
scudco,0.3186
gazay,0.3185
mtsmfm,0.3184
zachaysan,0.318
zerothabhishek,0.3178
troyk,0.3178
gmcgibbon,0.3173
Ladas,0.3169
dougcole,0.3163
Martin91,0.3162
darwin67,0.3161
hbakhtiyor,0.3161
oniofchaos,0.3159
barttenbrinke,0.3156
heironimus,0.3155
mreinsch,0.315
balexand,0.3148
tak1n,0.3144
NathanielWroblewski,0.3144
HugoLnx,0.3144
ojab,0.3138
tsukasaoishi,0.3137
deepj,0.3136
lifo,0.3136
le0pard,0.3136
cirosantilli,0.3129
htanata,0.3127
stevegraham,0.3125
jturkel,0.3124
prikha,0.3117
printercu,0.3114
yuki24,0.3112
Envek,0.3112
davetron5000,0.3112
bdurand,0.311
garethrees,0.3101
kivikakk,0.3097
xtian,0.3097
tonycoco,0.3096
gfvcastro,0.3095
bronzle,0.3095
kuldeepaggarwal,0.3095
vishalzambre,0.3093
dmitry,0.3093
daenney,0.3087
pranas,0.3086
jtrost,0.3075
evtuhovich,0.3073
radar,0.3069
matiaskorhonen,0.3064
lzap,0.3061
Edouard-chin,0.306
akampjes,0.306
joevandyk,0.3057
jamis,0.3055
shemerey,0.3055
jherdman,0.3054
bollard,0.3053
tgxworld,0.305
mguterl,0.3046
amatsuda,0.3045
ericboehs,0.3043
solojavier,0.3037
saizai,0.3035
brentsowers1,0.3035
oss92,0.3034
rono23,0.3032
byroot,0.303
clemens,0.303
thbar,0.3029
alimi,0.3026
alexeymuranov,0.3017
alloy,0.3016
sergiogomez,0.3009
sidonath,0.3008
JonRowe,0.3004
severin,0.3
bbenezech,0.3
davidstosik,0.2995
adimichele,0.2992
nickhammond,0.2991
miguelgraz,0.2984
maurafitz,0.2982
xhoy,0.2978
SamSaffron,0.2962
h0jeZvgoxFepBQ2C,0.2961
Fivell,0.2959
et,0.2949
jeffreyguenther,0.2947
Neodelf,0.2947
wlipa,0.2935
brocktimus,0.2935
shireeshj,0.2919
georgiev,0.2919
sandipransing,0.2917
mraidel,0.2917
sblackstone,0.2913
dmitri-d,0.2911
JackMc,0.2909
chinshr,0.2906
ashishprajapati,0.2898
tpope,0.2894
tonyc,0.2893
gregmolnar,0.2891
albertoalmagro,0.2889
chuyeow,0.2888
sandeepravi,0.2886
tamird,0.2885
ersatzryan,0.2882
fedesoria,0.2877
WoH,0.2876
brianmario,0.2871
jasl,0.287
brendon,0.287
scottvrosenthal,0.2864
resource11,0.286
javiervidal,0.2857
mgrachev,0.2857
frankywahl,0.2857
mxhold,0.2853
thibaudgg,0.285
anilmaurya,0.285
skorfmann,0.2846
mdespuits,0.2845
angdev,0.2843
aaronang,0.2842
petejohansonxo,0.2836
pedantic-git,0.2835
costa,0.2835
lazylester,0.2835
mlangenberg,0.2833
Antiarchitect,0.2832
pjammer,0.283
sausman,0.2828
Tho85,0.282
philipgiuliani,0.2819
iain,0.2818
mokhan,0.2816
thedarkone,0.2811
rystraum,0.2801
cbartlett,0.28
kalv,0.28
RobertLowe,0.28
edwardloveall,0.2799
jeremywrowe,0.2799
JuanitoFatas,0.2798
gsamokovarov,0.2793
acapilleri,0.2793
padi,0.2791
morgoth,0.279
samoli,0.2788
Strech,0.2785
prakashmurthy,0.2784
stephenprater,0.2784
sushantmittal,0.2783
redtachyons,0.2781
bannzai,0.2779
nishant-cyro,0.2775
yukideluxe,0.2771
laurocaetano,0.2771
AJ-Acevedo,0.2771
quellhorst,0.2767
senny,0.2766
varyonic,0.2762
martinemde,0.2762
hmcfletch,0.2759
gouravtiwari,0.2756
eugeneius,0.2748
emilsoman,0.2748
zealot128,0.2746
TheBerg,0.2731
5t111111,0.273
vais,0.2728
mpapis,0.2727
beedub,0.2727
meinac,0.2725
repinel,0.2724
strzibny,0.2723
lesliev,0.2721
whistlerbrk,0.272
mudge,0.2718
kemper,0.2718
phene,0.2716
robin850,0.2715
josh,0.2714
KevinSjoberg,0.2707
dmeremyanin,0.2707
kirs,0.2702
hjdivad,0.2702
hazah,0.2702
deependersingla,0.2697
chendo,0.2696
emersonrp,0.2695
febuiles,0.2694
connorshea,0.2691
obrie,0.2688
rafbm,0.2682
cldwalker,0.2682
marshall-lee,0.2681
smathy,0.2673
pinetops,0.2668
JacobEvelyn,0.2667
aaronchi,0.2667
getconor,0.2663
ce07c3,0.2662
sgringwe,0.2662
hardbap,0.2661
bughit,0.2661
jalada,0.2658
route,0.2657
kenips,0.2657
lostapathy,0.2655
j-manu,0.2654
esparta,0.2648
the8472,0.2647
pcreux,0.2645
arthurnn,0.2643
envygeeks,0.2643
vinnydiehl,0.2641
zzz6519003,0.264
axilleas,0.2639
fschwahn,0.2637
toshimaru,0.2634
bgipsy,0.263
cristianbica,0.2626
jmileham,0.2624
searls,0.2613
akshay-vishnoi,0.2611
frodsan,0.261
mattpolito,0.2606
jonatack,0.2605
kstevens715,0.2603
aharpervc,0.2602
adrianpike,0.2601
ta1kt0me,0.26
neutronz,0.2598
shaiguitar,0.2598
tilo,0.2596
ghost,0.2595
joshuap,0.2592
benglewis,0.2584
naw,0.2576
aditya-kapoor,0.2572
olliwer,0.2572
carlosantoniodasilva,0.2571
prathamesh-sonpatki,0.2564
rohitpaulk,0.2563
unorthodoxgeek,0.2558
kristianmandrup,0.2555
Robovirtuoso,0.2553
donbobka,0.2553
AndrewRadev,0.2551
leejarvis,0.2549
zilkey,0.2548
NZKoz,0.2544
Sinjo,0.2542
jaredonline,0.2542
gustavogr,0.2538
fabiokr,0.2535
BDQ,0.2535
jorgemanrubia,0.2532
vipulnsward,0.2529
al2o3cr,0.2529
petedmarsh,0.2528
rab,0.2526
bricker,0.2524
pointlessone,0.2522
javan,0.2517
brodock,0.2511
EtienneLem,0.2511
winterchord,0.2509
Exoth,0.2506
paracycle,0.25
Kukunin,0.25
knu,0.25
Silex,0.25
terracatta,0.2487
vm00z,0.2485
maclover7,0.2484
carpodaster,0.248
eileencodes,0.2476
lukaszx0,0.2472
pyromaniac,0.2471
akshaymohite,0.2468
nurey,0.2466
aleksandrs-ledovskis,0.2462
pnegri,0.2459
sidot3291,0.2457
pramod-sharma,0.2456
bf4,0.2455
claudiob,0.2452
deanpcmad,0.2452
giner,0.2452
jiripospisil,0.2447
TildeWill,0.2447
benedikt,0.2447
gaurish,0.2445
jfoley,0.2445
jkuchta,0.2442
madmax,0.2439
utilum,0.2438
dasch,0.2435
pawandubey,0.2433
chiragsinghal,0.2432
h3h,0.2424
romaimperator,0.2423
kami-zh,0.2419
kamipo,0.2416
guilhermesimoes,0.2416
Empact,0.2412
javierhonduco,0.2409
siegy22,0.2408
carlisia,0.2408
sbounmy,0.2408
mandrews,0.2407
releu,0.2405
mikz,0.2401
ffmike,0.24
cordawyn,0.24
spectator,0.24
plentz,0.2397
sachin87,0.2397
virusman,0.2392
droptheplot,0.2391
danielvlopes,0.2391
arturaz,0.239
gjaldon,0.2382
nbouscal,0.2381
jGRUBBS,0.2381
dhh,0.237
ctide,0.2365
robinroestenburg,0.2365
eavgerinos,0.2364
imajes,0.2359
britto,0.2357
agraves,0.2351
yui-knk,0.235
RichardLitt,0.2349
mattetti,0.2347
nijikon,0.2347
mikestone14,0.2346
pixeltrix,0.2344
IslamAzab,0.2343
toncid,0.2342
matthuhiggins,0.2331
mhartl,0.2325
coop,0.2325
jasonroelofs,0.2321
Benjamin-Dobell,0.2319
sue445,0.2316
piecehealth,0.2315
kennyj,0.2314
creddy,0.2313
sambostock,0.2311
JoshCheek,0.2311
tjai89,0.2308
trevor,0.2308
georgeclaghorn,0.2304
tanin47,0.2304
bobbytables,0.2303
jenslukowski,0.2303
bcardarella,0.23
jigfox,0.2298
bcherry,0.2298
boddhisattva,0.2286
Senjai,0.2286
batter,0.2286
ayghor,0.2285
lest,0.2284
doits,0.2282
eloyesp,0.2279
jacobsmith,0.2278
harrykiselev,0.2276
gaelian,0.2276
jorihardman,0.2275
defeated,0.2268
CicholGricenchos,0.2267
tarasmatsyk,0.2267
samsonasu,0.2267
ihower,0.2267
DialBird,0.2262
kwstannard,0.2258
sbeckeriv,0.2258
juno,0.2256
jacobat,0.2251
crispinheneise,0.2246
goddamnhippie,0.2245
michaelglass,0.2243
benpickles,0.2239
eriko,0.2238
dtaniwaki,0.2234
amasses,0.2225
bogdan,0.2224
kg8m,0.2223
christianblais,0.2222
jasnow,0.2222
rmoriz,0.2217
amalagaura,0.2213
magical-yuri,0.2211
hube,0.2209
eagletmt,0.2207
kimptoc,0.2207
robzolkos,0.2204
rsutphin,0.2201
pftg,0.22
eladmeidar,0.2197
JackDanger,0.2195
keepcosmos,0.2194
drogus,0.2194
M7,0.219
krsmurata,0.2187
mvz,0.2185
benlangfeld,0.2178
puneet24,0.2177
joliss,0.2177
vpuzzella,0.2167
johnpaulashenfelter,0.2163
BKSpurgeon,0.2152
egilburg,0.2144
andreychernih,0.2143
ardavis,0.2143
grosser,0.2138
jagthedrummer,0.2138
andreashappe,0.2138
delner,0.2134
Fortisque,0.2133
anildigital,0.2131
pmarreck,0.2129
recursive-madman,0.2127
jduff,0.2127
ssimeonov,0.2121
lanzhiheng,0.2114
ragaskar,0.2114
jsl,0.2113
andriytyurnikov,0.2106
tenderlove,0.2103
schneems,0.21
joshpencheon,0.21
kaspth,0.2098
homakov,0.2098
febeling,0.2095
chancancode,0.2093
johndouthat,0.2087
mfo,0.2084
jonleighton,0.2083
Grandrath,0.2082
DimitriosLisenko,0.2076
sikachu,0.2071
schorsch,0.207
adamcrown,0.2066
fxn,0.2065
simi,0.2065
erose,0.206
jbourassa,0.2057
sevaorlov,0.2055
btucker,0.2046
nozpheratu,0.2046
ConfusedVorlon,0.2039
parndt,0.2033
dmayer,0.2022
dim,0.2014
brauliobo,0.201
yahonda,0.2008
chris-baynes,0.2008
mdesantis,0.2
atul-shimpi,0.2
Le6ow5k1,0.2
Dagnan,0.2
kachick,0.2
ignat-z,0.2
mokevnin,0.2
jurglic,0.2
nengxu,0.2
pawelnguyen,0.2
johnkferguson,0.2
pseidemann,0.2
mykola-kyryk,0.2
JEG2,0.1992
seuros,0.1989
geoffgarside,0.1987
seanarnold,0.1986
vjt,0.1985
seanwalbran,0.1977
ashanbrown,0.1977
mehulkar,0.1974
oggy,0.1972
okuramasafumi,0.1964
PlugIN73,0.1962
bogdanvlviv,0.1953
beauby,0.1948
zzak,0.1946
collin,0.194
gkop,0.1931
pdg137,0.1924
southpolesteve,0.1924
nmertaugh,0.1924
robbkidd,0.1914
mtodd,0.1912
matthewd,0.191
alfredw,0.19
mhenrixon,0.1898
wpp,0.1897
afcapel,0.1897
joxxoxo,0.1897
nicksieger,0.1875
pjump,0.1875
kv109,0.1866
chrisfinne,0.1866
HoneyryderChuck,0.1861
guilleiguaran,0.186
carlosramireziii,0.1859
dmathieu,0.1858
tomstuart,0.1847
mikecmpbll,0.1844
indrekj,0.1844
dlikhten,0.1841
klaseskilson,0.1837
josevalim,0.1822
eduardordm,0.1819
davidbalbert,0.1814
meagar,0.1813
vinistock,0.1812
jstirk,0.181
elomarns,0.1809
joker1007,0.1802
colorfulfool,0.18
paukul,0.1798
vijaydev,0.1797
jc00ke,0.1795
Kevinrob,0.1794
skiplist,0.1787
woto,0.1782
ershad,0.1782
badosu,0.178
seamusabshere,0.1763
yopefonic,0.1761
nilbus,0.1757
peeyushsingla,0.1755
knovoselic,0.1754
blakesmith,0.175
marceloeloelo,0.1747
sgrif,0.174
jeroenj,0.1734
subwindow,0.172
benjiwheeler,0.1715
dpassage,0.1713
banyan,0.1712
steveklabnik,0.1702
stopdropandrew,0.1699
abrambailey,0.1693
mkdynamic,0.1691
arunagw,0.1684
will-in-wi,0.1672
alfie-max,0.1667
DmytroVasin,0.1667
drnic,0.1667
coldnebo,0.1667
fny,0.1667
aghull,0.1667
dkthehuman,0.1667
pmq20,0.1667
wanthony,0.1667
Slike9,0.1667
saveriomiroddi,0.1659
d-Pixie,0.1645
tonytonyjan,0.1638
dugsmith,0.1634
richardkmichael,0.1633
tcopeland,0.1597
bploetz,0.159
butzopower,0.1588
kylekeesling,0.1579
rafaelfranca,0.1578
spastorino,0.1557
queso,0.1548
jeremy,0.1547
Fryguy,0.1536
kaluznyo,0.1534
workmad3,0.1511
airhorns,0.1491
dolzenko,0.1489
edgarjs,0.1451
nirvdrum,0.1431
jpawlyn,0.1429
swapab,0.1429
vincentwoo,0.1429
mitio,0.1429
GBH,0.1407
thaidn,0.1401
travisjeffery,0.1389
mbhnyc,0.1379
jgaskins,0.1375
havenwood,0.1358
christophemaximin,0.1323
armstrjare,0.1306
jhubert,0.1301
equiamos,0.1282
emboss,0.1277
erikeide,0.127
excid3,0.125
mockdeep,0.1231
krzysiek1507,0.1111
author,0
malept,0
p8,0
steiley,0
mrschuster,0
cpruitt,0
markets,0
CASIXx1,0
omnilord,0
yoones,0
jakeNiemiec,0
shekhar-patil,0
itsWill,0
jamesdabbs,0
natesholland,0
carlesjove,0
Redapted,0
samsarge,0
shioimm,0
enebo,0
szb512,0
zarqman,0
imechemi,0
aricwalker,0
JosiMcClellan,0
takakuda,0
localhostdotdev,0
welearnednothing,0
zulhfreelancer,0
VlseGrlp,0
flanger001,0
arbox,0
trcarden,0
bjeanes,0
jlw,0
pingortle,0
kengreeff,0
ashish91,0
XrXr,0
CumbersomeFugly,0
andrehjr,0
larouxn,0
alex-benoit,0
RTJ,0
enewbury,0
audiolion,0
KaanOzkan,0
shailesh-kalamkar,0
Rodrigora,0
vovimayhem,0
nsuchy,0
eregon,0
jonabc,0
abhchand,0
ashmaroli,0
jvillarejo,0
byellokore,0
kamillle,0
AlexBrodianoi,0
hatch-carl,0
schmijos,0
CHTJonas,0
ChrisBr,0
chiastolite,0
josepegea,0
ypresto,0
no-reply,0
dronn,0
zhenxingdev,0
ethervoid,0
msdundar,0
sos4nt,0
Samemura,0
ken-mike,0
brandoncc,0
NikolayS,0
fj,0
l33z3r,0
SzNagyMisu,0
chukitow,0
vizakenjack,0
takeyuweb,0
yagudaev,0
markedmondson,0
duleorlovic,0
tomazy,0
hahmed,0
djberg96,0
rhymes,0
cbandy,0
reckerswartz,0
lucianosousa,0
julik,0
cjlarose,0
moyuanhuang,0
dsantosmerino,0
kossnocorp,0
chiaraani,0
jvdp,0
mikkovedru,0
djezzzl,0
shinespark,0
mjsommer,0
xlts,0
ugnius-s,0
abhisheksarka,0
tbuehlmann,0
brandondees,0
prashantvithani,0
manueljacob,0
rantler,0
azimux,0
jellymann,0
blaszczakphoto,0
evexoio,0
vbrazo,0
grant-roy,0
rafaelss,0
guizmaii,0
ruralocity,0
singjsong,0
kugaevsky,0
chaadow,0
Alie-Ammaar,0
EByrdS,0
6temes,0
tamarr,0
jacobherrington,0
fatihorhan,0
andreleoni,0
MarieVibbert,0
minimalweb,0
kpumuk,0
mcary,0
tubbo,0
r3trofitted,0
N0xFF,0
sebcioz,0
koukou73gr,0
fylooi,0
Tashows,0
weilandia,0
saiqulhaq,0
lokeshh,0
BanMasanobu,0
bkuhlmann,0
yazumoto,0
GeniusStorm,0
vnbrs,0
unasuke,0
colby-swandale,0
wilddima,0
Guillerbr,0
taleh007,0
mlwilkerson,0
greenbigfrog,0
nicolasmlv,0
berniechiu,0
kule,0
acro5piano,0
CaDs,0
dreyks,0
salimane,0
voordev,0
cars10,0
ianrandmckenzie,0
TomaszGrudzinski,0
tobi-grins,0
spickermann,0
simonc,0
MatthiasWinkelmann,0
danlo,0
p-mongo,0
cannikin,0
petestreet,0
foucist,0
gameover7,0
murb,0
faucct,0
aselder,0
tkoyama1988,0
jgorman,0
theinventor,0
gkemmey,0
Erowlin,0
LucasBrandt,0
zuver,0
jacortinas,0
dzohrob,0
s-lee-kwong,0
thaiden,0
sriedel,0
tomca32,0
zhouchunyu,0
songjiz,0
qinmingyuan,0
mcnelson,0
mPanasiewicz,0
arturictus,0
robotdana,0
steves,0
Antronin,0
arku,0
minaslater,0
rrosenblum,0
cbothner,0
victorhazbun,0
ahcarpenter,0
seanfcarroll,0
edzhelyov,0
dcangulo,0
g1938703,0
ericgulini,0
alexkuebo,0
eric-hemasystems,0
FancyCoder0,0
suyesh,0
nicktime,0
prashantham,0
mladenilic,0
rvirani1,0
fredngo,0
kissu,0
serggl,0
Atul9,0
DylanReile,0
rylanb,0
clowder,0
thetizzo,0
jaspervanbrian,0
CodingAnarchy,0
lukeredpath,0
fabriciofreitag,0
krmannix,0
arye-dov-eidelman,0
geoffharcourt,0
zinovyev,0
Jcambass,0
yves-vogl,0
tobscher,0
pjmartorell,0
ebar0n,0
ilkkao,0
derosm2,0
milgner,0
brasic,0
r3cha,0
mattbrictson,0
Fjan,0
nicolas-brousse,0
shepmaster,0
thomasdziedzic-pd,0
zvkemp,0
fmd,0
albinowax,0
Meekohi,0
koskoci,0
mohsen-alizadeh,0
rainerborene,0
Marcohj,0
adrianthedev,0
prashuchaudhary,0
n-rodriguez,0
shashiprab,0
j3pic,0
chalofa,0
paulanunda,0
multiplegeorges,0
kenchan,0
wjordan,0
jrgriffiniii,0
Mangara,0
jasonperrone,0
lucfranken,0
ankane,0
Larochelle,0
DavidJRobertson,0
atitan,0
tvanderpol,0
wata727,0
anthonycrumley,0
lxxxvi,0
funny-falcon,0
f-mer,0
ghiculescu,0
stefansundin,0
etiennebarrie,0
mmoll,0
pvalena,0
simonjamain,0
dukedave,0
coderliu,0
ismailarilik,0
StanBright,0
nikolai-b,0
vedant1811,0
francois2metz,0
born4new,0
ttosch,0
Nondv,0
swanmatch,0
jlduran,0
ftovaro,0
SeanPrashad,0
gazayas,0
dsander,0
yaroslav,0
2017kamb,0
sdhull,0
gfx,0
raderj89,0
belgoros,0
thomas-mcdonald,0
sebroeder,0
zquestz,0
yxhuvud,0
khiav223577,0
vaibhavatul47,0
oyeanuj,0
xjlin0,0
kylefox,0
mathiasAichinger,0
matrinox,0
thiensubs,0
orischwartz,0
LYCrachel,0
ph3t,0
speckins,0
Spone,0
microweb10,0
deanmarano,0
ZipoKing,0
cpunion,0
AlexKovynev,0
tyok,0
ksec,0
wildjcrt,0
MitsunChieh,0
Drenmi,0
olimart,0
hkdnet,0
danhuynhdev,0
aadill77,0
duffyjp,0
kirylpl,0
dzirtusss,0
razh,0
charlesrocket,0
erikthiem,0
huskylengcb,0
RouL,0
brianknight10,0
aganov,0
shouya,0
zwass,0
Kwangd-max,0
timdiggins,0
vishthemenon,0
davelooi,0
kmiyake,0
shaicoleman,0
visshaljagtap,0
nholden,0
svenfuchs,0
okkez,0
fegorodscy,0
Tensho,0
Ruffeng,0
saveav,0
blimmer,0
ScottHelme,0
jackkinsella,0
theblang,0
AnalyzePlatypus,0
subhashsaran,0
loop23,0
josephpage,0
nicholasshirley,0
NikolayRys,0
ohaddahan,0
metacritical,0
alissonbrunosa,0
yeongsheng-tan,0
pangolingo,0
IgorDobryn,0
johnvross,0
chrishough,0
WaKeMaTTa,0
thepeoplesbourgeois,0
yewton,0
eki,0
halo,0
jcbpl,0
zpieslak,0
Assaya,0
ishigo974,0
mistydemeo,0
roooodcastro,0
shuheiktgw,0
shivamvinsol,0
mbrickn,0
dinahshi,0
yoreek,0
morygonzalez,0
roberts1000,0
andrew-aladev,0
orekyuu,0
grantbdev,0
nathansamson,0
loothunter1,0
dan-jensen,0
maxime-carbonneau,0
dkniffin,0
emp823,0
ckoenig,0
jm3,0
rhuanbarreto,0
cben,0
julien-meichelbeck,0
1-anonymous,0
Aquaj,0
10io,0
camertron,0
TeTiRoss,0
ravishrivastava,0
remofritzsche,0
seebq,0
FutoRicky,0
Laykou,0
mxlje,0
jessedoyle,0
jordan-brough,0
pedrofurtado,0
spdawson,0
heatherBoveri,0
jpowell,0
replaid,0
aellispierce,0
gtyanchev,0
victorbueno,0
noahd1,0
SGospodinov,0
garrettqmartin8,0
adityakapoor-homebell,0
weedySeaDragon,0
elebow,0
mltsy,0
romankovt,0
hw676018683,0
nsingh,0
jkburges,0
octavpo,0
budmc29,0
emaxi,0
starcharles,0
Geesu,0
hisas,0
bbonislawski,0
pacMakaveli,0
tradeli,0
mwoods79,0
xxDENxx,0
peagha,0
danielma,0
ota42y,0
natematykiewicz,0
gurgelrenan,0
arianf,0
jasonfb,0
Altech,0
ybakos,0
soulcutter,0
yukihirop,0
robwold,0
dimroc,0
jalapl,0
kyanagi,0
ryanhageman,0
MatthiasRMS,0
masatooba,0
schnittchen,0
EdOverflow,0
sebastiandeutsch,0
varyform,0
khall,0
rajbharath,0
fatosmorina,0
atd,0
serihiro,0
patrickdavey,0
k2nr,0
pjforde1978,0
tcannonfodder,0
alexdilley,0
nachokb,0
isuda,0
rmachielse,0
Bartuz,0
pawlik,0
alecspopa,0
prognostikos,0
rotvulpix,0
kuzukuzu,0
obromios,0
manojmj92,0
rinmu,0
BigChief45,0
wshihadeh,0
lazaronixon,0
tonyta,0
andyatkinson,0
leonelgalan,0
nicday,0
lairtonmendes,0
zapo,0
tommyalvarez,0
kaspernj,0
gcourtemanche,0
DNNX,0
ohbarye,0
wpolicarpo,0
msimonborg,0
gauravtiwari,0
zverok,0
KentaYoshitani,0
qsona,0
awortham,0
jfine,0
begrif,0
mrsweaters,0
juampi,0
kobaltz,0
mhoad,0
jaykenney,0
hansondr,0
cknoxrun,0
elyalvarado,0
9mm,0
jovanmaric,0
hiromi2424,0
glaszig,0
ZilvinasKucinskas,0
ntippie,0
chadwilken,0
tehtorq,0
musaffa,0
alexwebgr,0
noctivityinc,0
rensanity,0
Fedcomp,0
memiux,0
BerkhanBerkdemir,0
christophermlne,0
ricardotk002,0
dguettler,0
mchaisse,0
guilherme,0
EmmaB,0
xlymian,0
nrser,0
xtina-starr,0
zetter,0
Jaco-Pretorius,0
jagdeepsingh,0
shivabhusal,0
BenMusch,0
basex,0
mjansing,0
PhilibertDugas,0
chovaism,0
hmistry,0
hsgubert,0
strika,0
BBonifield,0
digidigo,0
wnm,0
collimarco,0
thisismydesign,0
Sayanc93,0
moeabdol,0
kajisha,0
jormon,0
wilson,0
samstickland,0
kratob,0
amingilani,0
tyrollins,0
tuzz,0
ragesoss,0
asmsuechan,0
savroff,0
jerome-diver,0
halogenandtoast,0
eftikharEmad,0
jerryskye,0
shotat,0
bluz71,0
martinszutner,0
joelvh,0
dfaulken,0
nickrivadeneira,0
mariochavez,0
sebastianiorga,0
yivo,0
dskecse,0
shartep,0
bdunne,0
eric1234,0
vergenzt,0
akfernun,0
afdev82,0
cpalafox,0
hobodave,0
clairity,0
zernie,0
ahazem,0
pavel-jurasek-hypofriend-de,0
keisei1092,0
kevinhyunilkim,0
alainravet,0
akihikodaki,0
djforth,0
joshaidan,0
obnijnil,0
rubyonme,0
luckyriver0,0
orhantoy,0
sepehr500,0
rnubel,0
jgelo,0
juliusdelta,0
perlun,0
peterjm,0
junaruga,0
stevenchanin,0
pawurb,0
PelagicDev,0
koshigoe,0
yasulab,0
happycoloredbanana,0
bnauta,0
bradgessler,0
davewoodall,0
kmayer,0
doughsay,0
aergonaut,0
nasa42,0
keithpitty,0
quixoten,0
benoitongit,0
yubele,0
guyviner,0
msducheminjr,0
bslobodin,0
mstroming,0
hedgesky,0
devonestes,0
cupakromer,0
bglusman,0
diazruy,0
superacidjax,0
Danilo-Araujo-Silva,0
lserman,0
zach-taylor,0
sngeth,0
mikeastock,0
rst,0
rossta,0
igneus,0
winfred,0
HarryCollins,0
feist,0
rachel-carvalho,0
jess,0
sunnyrjuneja,0
mubashirhanif,0
stevebissett,0
marksiemers,0
tangposmarvin,0
jules2689,0
godfat,0
tsechingho,0
ChrisHampel,0
tarebyte,0
ashishwadekar,0
maicher,0
jun68ykt,0
0oneo,0
acrich,0
tzabaman,0
thinkclay,0
khoan,0
kreintjes,0
baerjam,0
ToruIwashita,0
sorra,0
raymondberg,0
malclocke,0
LoicAG,0
HashNotAdam,0
fernandes,0
TrumpClone,0
mjfaga,0
MarshP,0
moveson,0
tylerdiaz,0
haines,0
github0013,0
dwieringa,0
niborg,0
andrewhood125,0
notapatch,0
coderanger,0
unikitty37,0
vizcay,0
Farranco,0
fareastside,0
Guoxweii,0
rainchen,0
pjrebsch,0
leifcr,0
t27duck,0
Fernan2,0
dennisbaskin,0
gavingmiller,0
marrsale,0
anicholson,0
rohpai,0
apauly,0
richseviora,0
csgavino,0
williamromero,0
meineerde,0
tjoyal,0
scottgonzalez,0
Mathiou04,0
JunichiIto,0
rickypai,0
kjg,0
chris-roerig,0
avdept,0
nhorton,0
jkhart,0
samarism,0
jboler,0
zachweed,0
welkie,0
longkt90,0
matzke,0
boazy,0
jalberto,0
devohh,0
sbleon,0
mcolyer,0
jaysoifer,0
jarijokinen,0
mpugach,0
tylerhunt,0
davidsherline,0
patrickbrownsync,0
vgonda,0
schleyfox,0
cih,0
jsyeo,0
zachahn,0
zzip,0
stoivo,0
abezzub-upstart,0
niconegoto,0
elpic,0
bianjp,0
CamJN,0
memoht,0
codelion,0
ptolts,0
richardmonette,0
chirag7jain,0
MSP-Greg,0
lemonmade,0
nathanmarks,0
boompig,0
JoeNyland,0
MQuy,0
dcarral,0
mgm702,0
nisevi,0
pedrosmmoreira,0
JotaSe,0
Undo1,0
drewhamlett,0
EdgarOrtegaRamirez,0
Mihoid,0
liudangyi,0
NuM314,0
sina-s,0
segiddins,0
erickueen,0
jonhyman,0
courtenay,0
oranmor,0
everthis,0
djpowers,0
alexanderkustov,0
7dr1v3,0
DougMaisells,0
aledalgrande,0
pjg,0
DaniG2k,0
iridakos,0
jniebuhr,0
vtrkanna,0
Vorob-Astronaut,0
zegomesjf,0
jeromedalbert,0
krzcho,0
purintai,0
keoghpe,0
TheLarkInn,0
moonglum,0
FND,0
NekR,0
akabekobeko,0
justin808,0
iantheparker,0
krushi123,0
amrutjadhav,0
m5o,0
plicjo,0
georgeu2000,0
NomNomCameron,0
alexstophel,0
shideneyu,0
lamagnotti,0
Jerph,0
rvanlieshout,0
nobu,0
e2,0
jnicklas,0
vraravam,0
xanview,0
MentalPower,0
uaihebert,0
michaellennox,0
daniel-rikowski,0
skateman,0
barnett,0
jesselumarie,0
tbalthazar,0
ianfleeton,0
ch3rub1m,0
xldenis,0
tobiashm,0
apepper,0
mgpnd,0
tomekw,0
rafamanzo,0
vassilevsky,0
Dfenniak,0
eitoball,0
triplepointfive,0
ux,0
tbrisker,0
sai29,0
dnasseri,0
SpartaSixZero,0
shingo-nakanishi,0
jbbarth,0
ares,0
NishantUpadhyay-BTC,0
kjellberg,0
agx,0
ncreuschling,0
jonhue,0
arielscherman,0
pyrabbit,0
giedriusr,0
thao33,0
MSathieu,0
nightscape,0
acaron,0
Danila,0
scottyantipa,0
philipqnguyen,0
taf2,0
gkubaryk,0
kmewhort,0
mattcg,0
everestmz,0
javierjulio,0
ckruse,0
mu29,0
basawyer,0
amilligan,0
iancanderson,0
gabrieltaylor,0
gammons,0
mike-stewart,0
kerrizor,0
javawizard,0
starswan,0
KlotzAndrew,0
lorint,0
fidelisrafael,0
som4ik,0
jdanielnd,0
kalrover,0
darkbaby123,0
aquajach,0
volkanunsal,0
harfangk,0
flood4life,0
Anagha22,0
gburanov,0
nickpoorman,0
crazymykl,0
maxp-edcast,0
amerov,0
drhenner,0
lukerollans,0
spiderbites,0
onemanstartup,0
ryandv,0
Tietew,0
Billiam,0
yosiat,0
sefier,0
mgi166,0
sbfaulkner,0
yasuyk,0
go2null,0
CodingItWrong,0
d-m-u,0
sonalkr132,0
fledman,0
volmer,0
johnmeehan,0
arthurkulchenko,0
mahnunchik,0
waghanza,0
thewoolleyman,0
theGirrafish,0
tdtran,0
paul,0
twessler,0
lex148,0
sstephenson,0
pan,0
brewski,0
xuorig,0
LouieGeetoo,0
jvenezia,0
yuriihabrusiev,0
terry90,0
robmathews,0
pas256,0
pedromartinez,0
sirwolfgang,0
tmertens,0
krtschmr,0
dsandstrom,0
vlymar,0
feliperaul,0
mainameiz,0
jhass,0
amrani,0
bmedenwald,0
buehmann,0
zorbash,0
jmgarnier,0
maltoe,0
felguerez,0
steverob,0
axelson,0
chamnap,0
kashifnaseer,0
lordofthedanse,0
andela-oakinniranye,0
akozhemiakin,0
sethherr,0
vanbumi,0
MartinNowak,0
JelF,0
BJClark,0
hammerdr,0
kenjiszk,0
michaeldever,0
arthurdandrea,0
Anuragjain89,0
helpse,0
cmichelQT,0
calebkeene,0
OmkarPatil2510,0
binarydev,0
zhuochun,0
taiki45,0
joshsmith,0
flackou,0
andrewhoglund,0
benjaminmathews,0
ralinc,0
jakehockey10,0
mmmpa,0
rsazima,0
shawjb,0
joemasilotti,0
jahfer,0
benlovell,0
bpo,0
zachattack,0
MichaelSp,0
bvsatyaram,0
pedroadame,0
nwtn,0
paulmenzel,0
walterdavis,0
diegorv,0
GreenFomo,0
milep,0
xn,0
Superpencil,0
antonyr,0
mrkn,0
MarkFChavez,0
aqqaluk,0
danielricecodes,0
kubakrzempek,0
eacaps,0
zhu1230,0
AndreasWurm,0
machty,0
avand,0
jayjlawrence,0
hechen0,0
mlainez,0
adambedford,0
mattgibson,0
at-hatran,0
Arkanain,0
drush,0
conf,0
nellshamrell,0
estolfo,0
JustinJruby,0
atshakil,0
mabras,0
elcubo,0
przbadu,0
bpicolo,0
norc,0
shaneog,0
tinbka,0
jschneiderhan,0
rohitpbhore,0
SimonKaluza,0
alexmirkhaydarov,0
nickmalcolm,0
noafroboy,0
TikiTDO,0
sealocal,0
djunzu,0
iangilfillan,0
wieczorek1990,0
dideler,0
harsimranmaan,0
kenaniah,0
grzegorzblaszczyk,0
rgm,0
waits,0
dawidlenkiewicz,0
dsounded,0
TheNeikos,0
jch,0
yukas,0
mlarraz,0
denofevil,0
adrianoresende,0
lynnd335,0
tessgriffin,0
kitop,0
chuckd,0
vijayagrawal18,0
bestori,0
abhi-patel,0
neumayr,0
cdurante,0
pinak1180,0
eliasjpr,0
wiehann,0
lygaret,0
joahking,0
udaykadaboina,0
ashish-sjc,0
johanlunds,0
dewski,0
nakulpathak3,0
resure,0
msbit,0
jmromer,0
elliotwesoff,0
trliner,0
prajakta-tambe,0
JamesChevalier,0
rplaurindo,0
lukelex,0
groeneman,0
abhijitsinha,0
mrrusof,0
gautamsawhney,0
diego-silva,0
lalithr95,0
fresham,0
chezou,0
kamal-github,0
pedelman,0
lgebhardt,0
Chizuru-Maxienne,0
danrabinowitz,0
nadavshatz,0
TheCrott,0
nateless,0
pluff,0
bjallen,0
tvon,0
davesag,0
wallclockbuilder,0
jhcole,0
bensheldon,0
bobzhen,0
mxie,0
tomafro,0
hackerkid,0
Kache,0
PareshGupta,0
AlexVPopov,0
BatuhanW,0
pcai,0
RickCSong,0
rfmanuel,0
britg,0
schmurfy,0
ppworks,0
djoume,0
vbyno,0
prasadpilla,0
hugocorbucci,0
benternet,0
mislav,0
southwolf,0
fujimura,0
heaven,0
karlfreeman,0
h8rry,0
Preen,0
kesha-antonov,0
namiwang,0
davidkuhta,0
alxndr,0
adammiribyan,0
yebihara,0
vinay-mittal,0
askel4dd,0
edward,0
slowjack2k,0
naltun,0
wingrunr21,0
sliiser,0
adrianpacala,0
krisk,0
domchristie,0
arnvald,0
siakaramalegos,0
SourabhJha,0
pitr-ch,0
kipcole9,0
halilim,0
JanStevens,0
gregose,0
michaelrkn,0
Baron-burton,0
jingweno,0
ridiculous,0
jonathan-mui,0
stevecrozz,0
pctj101,0
josephgrossberg,0
adambair,0
abookyun,0
kaulanishasj,0
surreymagpie,0
stevenspiel,0
reshleman,0
maxehmookau,0
adityashedge,0
acrogenesis,0
mattreduce,0
pramodshinde,0
teknofire,0
FiloSottile,0
david-crowder,0
fillman,0
mattolson,0
bobf,0
astrauka,0
Cleggameg,0
jtwarren,0
rusikf,0
AndyObtiva,0
raq929,0
emilebosch,0
juanantoniodamianv,0
davidruizrodri,0
chrisbarber86,0
robuye,0
zeet2020,0
tjblonsk,0
mukaibot,0
abarriga,0
jippeholwerda,0
osheroff,0
ArnonHongklay,0
anvyzhang,0
GUI,0
jeffminnear,0
petergoldstein,0
k41n,0
dabroz,0
reedloden,0
filedescriptor,0
infoman,0
AMHOL,0
nii236,0
PapePathe,0
chrislintw,0
donvaughn,0
amiryal,0
joaomilho,0
pacso,0
dan-higgins,0
kuinak,0
ehsanyou,0
danny-andrews,0
1st8,0
mecampbellsoup,0
marisveide,0
brancz,0
liaden,0
alovak,0
ivanovv,0
Michaelbrich,0
claudix,0
sachinmittal93,0
gkopylov,0
shaqq,0
nickelser,0
hnatt,0
monfresh,0
victorlcampos,0
aliismayilov,0
zonuexe,0
catatsuy,0
futoase,0
taki,0
tomoh1r,0
y-ken,0
tsuka,0
jbranchaud,0
maxjacobson,0
woods,0
maratgaliev,0
kevbuchanan,0
tkrajcar,0
madej,0
bnymn,0
AndyLampert,0
kentendo,0
esjee,0
prakashlaxkar,0
pgeyleg,0
eltiare,0
itkovian,0
soutaro,0
jtmkrueger,0
jhsbeat,0
thiagoaugusto,0
mooreniemi,0
gdeglin,0
joshuapinter,0
v-yarotsky,0
anthonyfalzetti,0
sideshowcoder,0
lfittl,0
designgrill,0
bernabas,0
andreibondarev,0
mgwidmann,0
lachlanjc,0
esiegel,0
GuyPaddock,0
jpterry,0
amitkumarsuroliya,0
codebaker95,0
X0nic,0
AkankshaSh,0
orlandoAppfolio,0
tolgap,0
tibastral,0
totzyuta,0
johannesE,0
nielsbuus,0
icambron,0
dup2,0
bkeepers,0
kishore-mohan,0
EugZol,0
paratiger,0
rocketblr,0
toobulkeh,0
leighhalliday,0
jbilbo,0
aaa707,0
mmontossi,0
pik,0
brianhempel,0
MaRoe,0
tylerholien,0
theunraveler,0
herminiotorres,0
jonahb,0
gtcarlos,0
mechanomi,0
johnmarc,0
aliciasedlock,0
sullysaurus,0
pwnela,0
einarj,0
jordanekay,0
LindseyB,0
miah,0
juanplopes,0
timendez,0
CoralineAda,0
viniciushana,0
ryandotsmith,0
leobalter,0
strand,0
Ovid,0
tzs,0
FlowerWrong,0
unfunco,0
satomicchy,0
bobintornado,0
cmckni3,0
patrick-minton,0
ixkaito,0
parhs,0
ferdinandrosario,0
domgetter,0
vhf,0
brooksreese,0
denisenkom,0
RoxasShadow,0
manlon,0
dankohn,0
ballPointPenguin,0
vitalikdanchenko,0
shefig,0
sahin,0
NeMO84,0
akshah123,0
cmaitchison,0
cmisenas,0
prcongithub,0
JMD1986,0
NikoRoberts,0
ZempTime,0
korny,0
b264,0
endlos,0
007lva,0
toreriklinnerud,0
davekapp,0
jjgh,0
nitinstp23,0
arteezy,0
marcgg,0
arun057,0
coderxin,0
kennym,0
alejandrodevs,0
tiagoovieira,0
krishnarohitreddy,0
searover,0
earksiinni,0
stevekinney,0
mikedao,0
EmilyMB,0
loriculberson,0
marlabrizel,0
rubenrails,0
abscondment,0
louis-she,0
cerdiogenes,0
shivanibhanwal,0
mtthwhggns,0
svenwin,0
clayton-shopify,0
himesh-r,0
rsanheim,0
jameskerr,0
dkoprov,0
naliwajek,0
paulspringett,0
eldondevcg,0
shawnstephens,0
reshadman,0
BattleBrisket,0
swalkinshaw,0
manuelmeurer,0
jvbreen1,0
wgriffiths,0
JDutil,0
nickcherry,0
jaimerave,0
f3r,0
colavitam,0
avdi,0
dzader,0
noniq,0
tordans,0
sfroehler,0
Sija,0
EiNSTeiN-,0
zudochkin,0
vrybas,0
ncalca,0
gamafranco,0
antoine-lizee,0
rohandaxini,0
simsalabim,0
nhodges,0
DavidVII,0
zsyed91,0
ankit1910,0
tom-lord,0
zdfs,0
jboonstra,0
hungryzi,0
lleirborras,0
davidrv,0
mszyndel,0
cmtonkinson,0
fenec,0
murajun1978,0
aliaksandrb,0
fabianrbz,0
mfbx9da4,0
simon2k,0
8398a7,0
joonas,0
theSteveMitchell,0
radanskoric,0
qnm,0
kjcpaas,0
askl56,0
BakLarkRawrk,0
ADMlNlSTRATOR,0
hemalijain,0
ZeroMax-dev,0
dwo,0
VivienBarousse,0
dmgarland,0
fishbullet,0
dansteele,0
pascalbetz,0
hanachin,0
andycroll,0
fertapric,0
Najaf,0
bhamodi,0
anand-mohanaveeramani,0
michelaungthein,0
jachenry,0
vladra,0
manishspuri,0
aruprakshit,0
mcshakes,0
renanmedina,0
WizardOfOgz,0
johnnymugs,0
cbeer,0
s3ymd,0
EduardoBautista,0
ygoldman,0
bostrom,0
karanarora,0
breckenedge,0
hwhelchel,0
juggernaut-,0
bartalameo,0
jkingdon,0
etagwerker,0
joe1chen,0
olhoscastanhosrj,0
farukaydin,0
sh6khan,0
diddeb,0
kcdragon,0
trayo,0
mohnish,0
qingwenp,0
dyxliang,0
sproot,0
sonots,0
yugui,0
niw,0
suzukaze,0
robertjlooby,0
timothee-alby,0
harlantwood,0
isc,0
jackbot,0
plus3x,0
treble37,0
bboe,0
Ecco,0
createdbypete,0
nruth,0
mungler,0
ZhangHanDong,0
ralph,0
digitalysin,0
petermumford,0
jhoffner,0
obsidienne,0
paulwalker,0
andrewcallahan,0
miguelsan,0
joaomdmoura,0
ajoy39,0
vestimir,0
yosriady,0
Justin-lu,0
spuyet,0
aalizzwell58,0
Theminijohn,0
hapiben,0
seemsindie,0
tpitale,0
rxx,0
vircung,0
cmdrclueless,0
bendilley,0
naiyt,0
mib32,0
turlockmike,0
tjchambers,0
dkubb,0
arjes,0
keithpitt,0
intrip,0
idoo,0
stephankaag,0
sockmonk,0
reustmd,0
adis-io,0
rweng,0
vidurangaw,0
dhyegocalota,0
tristang,0
omnikron,0
eduardohertz,0
t-cyrill,0
humzashah,0
jemc,0
KingsleyKelly,0
matiasleidemer,0
smadeja,0
csaura,0
pjungwir,0
mtomov,0
matthewdarwin,0
litch,0
ericlaw1979,0
albertnetymk,0
DianthuDia,0
erikj,0
mudphone,0
slavapavlutin,0
johnnagro,0
Swarzkopf314,0
estum,0
rtomayko,0
troter,0
wallerjake,0
andersonDadario,0
codez,0
agfor,0
kahleu,0
gurix,0
pablocrivella,0
mingleiwang,0
KieranP,0
eins78,0
recurser,0
deneuxa,0
hale,0
adeeb1,0
yuroyoro,0
fbernier,0
akshetpandey,0
leishman,0
christianbundy,0
Kosmas,0
reist,0
jimmykarily,0
rainhead,0
matugm,0
andrewhr,0
naoty,0
coreyleveen,0
Wildebeest,0
joelmichael,0
ahmad-alkheat,0
brandonweiss,0
AndrewHendrie,0
Davidslv,0
ryanrperez,0
Quintasan,0
ammarshah,0
lypanov,0
kmanzana,0
rmcsharry,0
jkhmoco,0
ajgrover,0
hjoo,0
konjoot,0
stephenminded,0
jarthod,0
teeceepee,0
ulissesalmeida,0
YorickPeterse,0
soulnafein,0
lettergram,0
chastell,0
ernsheong,0
epidemian,0
Mession,0
h0lyalg0rithm,0
vladimir-tikhonov,0
girasquid,0
vesan,0
bbatsov,0
mchristen,0
krishan,0
danieldevries,0
dalizard,0
codygustafson,0
srt32,0
jurezove,0
mehlah,0
yeah,0
mickey,0
lekansogunle,0
arenoir,0
nerdrew,0
a2ikm,0
robertzk,0
jondeandres,0
mastfish,0
bansalakhil,0
nkondratyev,0
tmingos,0
yatmsu,0
International,0
kuwabarahiroshi,0
airatdev,0
ypxing,0
jwulff,0
rwillrich,0
benmanns,0
thegcat,0
oogali,0
tsun1215,0
tomasv,0
kevinjalbert,0
rafaeladel,0
jgeiger,0
rubydev,0
maxbeizer,0
nygrenh,0
arta,0
toddgardner,0
sdfghjklas,0
brianlittmann,0
alexpjohnson,0
liseki,0
kbaba1001,0
brentdax,0
rwarbelow,0
bgott,0
alyssais,0
chrismcg,0
jakegavin,0
michaelsauter,0
rossinkiwi,0
JamesLivengood,0
nerdcave,0
stevehanson,0
fernandomm,0
NielsKSchjoedt,0
nafaabout,0
fera2k,0
prereflect,0
dreeve,0
yoshiokatsuneo,0
zavan,0
mwesigwa,0
joermungandr,0
dmasur,0
san983,0
mattkirman,0
narutosanjiv,0
eldano,0
txus,0
byrnejb,0
rhacker,0
donaic,0
ecleel,0
dchacke,0
dteoh,0
aaronrussell,0
marczking,0
pablox-cl,0
cibernox,0
exterm,0
arp242,0
isaacseymour,0
bparanj,0
benprew,0
juanpaulo,0
siannopollo,0
rbr,0
elainefang,0
danbernier,0
bjm88,0
rajiv,0
marlonmantilla,0
lauragarcia,0
Osseta,0
rdutra,0
ysolis,0
rShetty,0
jschroeder9000,0
santervo,0
robsonmarques,0
yogeshjain999,0
nippysaurus,0
alexsoble,0
jotto,0
mess110,0
zealoushacker,0
conzett,0
jethroo,0
just3ws,0
assimovt,0
Funfun,0
merongivian,0
nbrien,0
ffloyd,0
jontebol,0
derek-watson,0
amacneil,0
seapy,0
CloCkWeRX,0
pawelpacana,0
sadfuzzy,0
rockrep,0
BenKanouse,0
dilpreet92,0
rc5273,0
jetabe,0
halorgium,0
bry,0
jcutrell,0
mariuz,0
nickveys,0
fabiolnm,0
ReneB,0
noam87,0
calvincorreli,0
dannyfallon,0
JONBRWN,0
afunction,0
dgmike,0
shikshachauhan,0
sfcgeorge,0
jaredjenkins,0
kodnin,0
Krule,0
swanandp,0
petewest,0
kevinmarx,0
BrahimDahmani,0
ianforsyth,0
sshreibati,0
eskrynnikov,0
ericzou,0
gapthemind,0
naag,0
tomeara,0
hbriggs,0
janraasch,0
philr,0
vladson,0
takady,0
nbulaj,0
bolshakov,0
justinoue,0
DavidGeukers,0
accessd,0
MrLiuGangQiang,0
yuutetu,0
masarakki,0
jonathansimmons,0
andycandrea,0
denniscollective,0
yamanaltereh,0
tumayun,0
apotema,0
hesalx,0
lidonghua,0
nerdinand,0
murtuzakz,0
randoum,0
twohlix,0
TheNaoX,0
regonn,0
mathieul,0
phiggins,0
chollier,0
lustremedia,0
jljohnstone,0
kaldrenon,0
tminard,0
clyfe,0
zv1n,0
adamonduty,0
smoak,0
learning-lichen,0
pvande,0
pywebdesign,0
MisinformedDNA,0
voke,0
tamir,0
steveburkett,0
damien,0
rselk,0
victorarias,0
albus522,0
eprothro,0
arnau,0
nambrot,0
ttasanen,0
camelmasa,0
slavingia,0
pixeltrixfc,0
teeparham,0
shuhaowu,0
PaoMar,0
dalibor,0
satoryu,0
bxt,0
botcancode,0
s-s-w,0
Hermanverschooten,0
saarons,0
ericbrooke,0
dwbutler,0
adorechic,0
daisuko,0
cwjenkins,0
NullVoxPopuli,0
runwaldarshu,0
lacostenycoder,0
jasonpang,0
kbaird,0
dilizarov,0
duksis,0
wsouto,0
claudiug,0
yingliruizi,0
vencha90,0
Nowaker,0
frankhereford,0
ryandao,0
mattt-b,0
yevhene,0
reichertm,0
justinweiss,0
liantics,0
ejaypcanaria,0
remiprev,0
niklas,0
guivinicius,0
itsNikolay,0
gkuchta,0
rcyrus,0
jmcnevin,0
rondale-sc,0
mattfreer,0
hbin,0
vast,0
hmaurer,0
noinkling,0
razum2um,0
YanhaoYang,0
alol,0
Nitrodist,0
mattwarrenrnp,0
chelseatroy,0
leckylao,0
wisq,0
nburt,0
siddharthbhagwan,0
chris-teague,0
sdogruyol,0
sonnym,0
johnkelly,0
Overbryd,0
jone,0
vadivelan-k,0
zucaritask,0
samnang,0
JasonBarnabe,0
j1wilmot,0
grekko,0
darthdeus,0
karlentwistle,0
3den,0
dpirotte,0
nickpellant,0
celic,0
djbender,0
gabebw,0
jrichardlai,0
scudelletti,0
duduribeiro,0
brunojabs,0
flowerett,0
deniskorobicyn,0
EppO,0
dalpo,0
dgilperez,0
sergiotapia,0
MitchellGeere,0
jwswj,0
xjlu,0
lengarvey,0
roryokane,0
MGerrior,0
ncolgan,0
variousred,0
JaredSartin,0
chulkilee,0
jamesyang124,0
bcjordan,0
RudyOnRails,0
8BitRick,0
davetoxa,0
SyntaxBlitz,0
ikenney,0
crywolfe,0
p,0
f3nry,0
jgadbois,0
iwz,0
darkleaf,0
KelseyDH,0
jlaw90,0
apanzerj,0
brblck,0
lawso017,0
Tonkpils,0
adz,0
VanTanev,0
fnando,0
fabianoleittes,0
shamanime,0
gylaz,0
scarver2,0
bsbodden,0
tigris,0
SebastianZaha,0
mrpinsky,0
claudiofullscreen,0
electorateme,0
cheeyeo,0
samwgoldman,0
mezza,0
mwitek,0
alexbel,0
m-Peter,0
cmrichards,0
omarismail,0
42thcoder,0
u2,0
ramprabhu-idexcel,0
croaky,0
claydiffrient,0
laurelfan,0
richrines,0
rahult,0
DamirSvrtan,0
annaswims,0
lingceng,0
IanMitchell,0
ifyouseewendy,0
marcioj,0
xanhast,0
guiocavalcanti,0
roccoblues,0
hasimo,0
palexvs,0
maxfelsher,0
pothibo,0
bigxiang,0
paulRbr,0
dlangevin,0
ggilder,0
akshayrawat,0
agrberg,0
rfunduk,0
snackycracky,0
jenrzzz,0
michaeldiscala,0
meetme2meat,0
reidmorrison,0
heemin32,0
juanpastas,0
yachibit,0
shungok,0
stupied4ever,0
GhostGambler,0
fuzzyalej,0
nayakchinmohan,0
grzlus,0
attilahorvath,0
igor04,0
ebouchut,0
sjfbo,0
stefanpenner,0
miguelcobain,0
bradleyjucsc,0
jyao6,0
cctiger36,0
petRUShka,0
srbiv,0
waqar-baig,0
anm,0
nextmat,0
krisselden,0
klebervirgilio,0
PaulL1,0
soveran,0
basmoura,0
ejholmes,0
eric-smartlove,0
timlinquist,0
zackperdue,0
SuriyaaKudoIsc,0
pavelbrylov,0
majioa,0
nleo,0
straydogstudio,0
scuxiayiqian,0
nilcolor,0
rbishop,0
kylemacey,0
seanpdoyle,0
ukd1,0
anthonybarone,0
wontruefree,0
t3chnoboy,0
evanwhalen,0
mostlyh2o,0
czak,0
wincent,0
lukewendling,0
constantm,0
b4syth,0
vierarb,0
zhaoyan1117,0
tylercollier,0
dior001,0
stefan-lz,0
valscion,0
joepasq,0
mzahir,0
andrhamm,0
shade9795,0
steverice,0
fcheung,0
evandrodp,0
stulzer,0
scottbartell,0
sdwrage,0
marciotoze,0
krasnoukhov,0
zhuravel,0
billhorsman,0
alksl,0
vlal,0
carlosdp,0
brantwedel,0
arelenglish,0
jnormore,0
ybart,0
nixward,0
bambery,0
jogaco,0
gozzoo,0
afshinator,0
mumoshu,0
matthargett,0
MaxGabriel,0
miyagawa,0
mrrooijen,0
beanieboi,0
alvarezloaiciga,0
ss2k,0
hertling,0
joelpresence,0
andersodt,0
amuhle,0
AlfonsoUceda,0
dnch,0
joho,0
korun,0
ecoologic,0
zhew2013,0
ViliusLuneckas,0
enricostano,0
PragTob,0
kritik,0
hotgazpacho,0
fotanus,0
edelpero,0
konukhov,0
jredburn,0
niclas,0
wkruszewski,0
kevinelliott,0
joankaradimov,0
hoffmanc,0
twooster,0
rubydog,0
rdpoor,0
bval,0
zedtux,0
tbloncar,0
fermion,0
chuckbergeron,0
fredplante,0
hdabrows,0
Nerdman4U,0
davidpiegza,0
d-unseductable,0
mru2,0
hansyadav,0
amitavmohanty01,0
Loremaster,0
elysdir,0
tjmw,0
Octember,0
mbusch,0
etipton,0
gfodor,0
kintamanimatt,0
lucas-clemente,0
calvintam,0
ktaragorn,0
Recca,0
hpetru,0
swistak,0
timfenney,0
concept47,0
gshaw,0
sowjumn,0
nixpulvis,0
raoulalwani,0
ahacop,0
mikesea,0
fguillen,0
edwinv,0
scosman,0
aviv,0
pyk,0
siruguri,0
juandazapata,0
jonashuckestein,0
visualsayed,0
DarthSim,0
rbarazi,0
pierre-pretorius,0
summerblue,0
BartlomiejSkwira,0
pallan,0
mpotter,0
patrickberkeley,0
hgmnz,0
maia,0
scrapcupcake,0
wadako111,0
azitabh,0
cainlevy,0
kayvannj,0
technoweenie,0
mikegowen,0
cappadona,0
josh-m-sharpe,0
pfiller,0
darrencauthon,0
icem,0
kud86,0
bak,0
gmarik,0
fruchtose,0
mimani,0
knwang,0
jasontorres,0
orendon,0
tamouse,0
swebb,0
kevintyll,0
mediafinger,0
talsafran,0
curtislinden,0
hilem,0
Domon,0
cgunther,0
tmikoss,0
osegrums,0
veriel,0
PeterMozesMerl,0
TalkativeTree,0
napcs,0
agnellvj,0
fourcolors,0
alecook,0
brentertz,0
DanielKehoe,0
IdahoEv,0
benhoskings,0
gilesbowkett,0
quamen,0
taryneast,0
harmdewit,0
masonforest,0
glorieux,0
hristopeev,0
mezis,0
csaunders,0
rogerleite,0
the-web-dev,0
aj0strow,0
shyam-habarakada,0
evilguc,0
wbotelhos,0
adlersantos,0
BenjimanWhite,0
learnmews,0
bater,0
clemaster,0
medicsmarket,0
Bijendra,0
adayNU,0
rishabh-tripathi,0
nexar,0
stereoscott,0
jphenow,0
ismaelga,0
melcher,0
dznz,0
pandar1,0
anthonybailey,0
momer,0
DBNess,0
themgt,0
signalnerve,0
matjack1,0
samleb,0
kentaro,0
ukutaht,0
mmozuras,0
AquaGeek,0
OpakAlex,0
MunkiPhD,0
aag1091,0
dabit,0
mattysads,0
DanielHeath,0
pivotal-casebook,0
hegyi,0
vongruenigen,0
shreve,0
doabit,0
xymbol,0
Fire-Dragon-DoL,0
aroben,0
buchs,0
dredozubov,0
skwp,0
orend,0
fearofcode,0
leandro,0
dougc84,0
mollerhoj,0
dougbarth,0
mellowi,0
ngpestelos,0
stefanosc,0
brupm,0
m5rk,0
weexpectedTHIS,0
makimoto,0
hardywu,0
mikepack,0
meskallito,0
rrrene,0
ancorcruz,0
fun-ruby,0
cefigueiredo,0
emorikawa,0
matthewford,0
xander-miller,0
cespare,0
avsej,0
jonathanjd,0
lin0x,0
lothar59,0
antonio,0
prpetten,0
milankubin,0
jmzbond,0
Smarre,0
josephzidell,0
dismory,0
jeradphelps,0
kevinmook,0
stormsilver,0
MasterLambaster,0
NobbZ,0
josephlord,0
smostovoy,0
ravicious,0
clst,0
coderhs,0
moort,0
lostinpatterns,0
bliaxiong,0
eykamp,0
cyclotron3k,0
maveonair,0
sepastian,0
carlosparamio,0
fgo,0
ramysami,0
alediaferia,0
marclennox,0
marzdrel,0
Arpit1989,0
i7an,0
parabuzzle,0
rajegannathan,0
bradobro,0
inossidabile,0
anderslemke,0
rds13,0
dejan,0
alberto,0
victorp13,0
danielmorrison,0
wenchaojiang,0
altmind,0
anupamc,0
gregorym,0
Hamled,0
tomjakubowski,0
h-lame,0
lidashuang,0
thedrow,0
thegrubbsian,0
aspiers,0
rvrm,0
500tech-user,0
mfollett,0
lann,0
piinecone,0
novohispano,0
hron84,0
adamniedzielski,0
mediaslave24,0
danfinnie,0
Ben-M,0
BlueHotDog,0
smolnar,0
provideal,0
Mario1988,0
Kleinitay,0
Vetal4eg,0
csouls,0
Gaelan,0
hderms,0
ryansch,0
ruckc,0
mjonuschat,0
barberousse,0
AndrewSwerlick,0
divoxx,0
kdaigle,0
dwilkie,0
marksim,0
baroquebobcat,0
xta,0
scaryguy,0
PavelPenkov,0
pawel2105,0
jonkessler,0
mikeadmire,0
andrewtabit,0
jackxxu,0
jakesower,0
brettu,0
phlegx,0
chrismhilton,0
kbessiere,0
EricSlick,0
jmcbri,0
alexandrule,0
sarenji,0
pithyless,0
VorontsovIE,0
ihmccreery,0
tbpalsulich,0
Gustavo,0
phantummm,0
artempartos,0
hcatlin,0
elbbub,0
timruffles,0
josh-lauer,0
timrosenblatt,0
hasanove,0
bradly,0
mfn,0
spinlock99,0
nealharris,0
nathanstitt,0
satococoa,0
suzannehamilton,0
kelvinst,0
Nthalk,0
raspo,0
jpgarcia,0
jirikolarik,0
emre-basala,0
phstc,0
spajus,0
rbndrsn,0
Thermatix,0
jimjh,0
tomchentw,0
behe,0
davich,0
joelcogen,0
90yukke,0
bjones,0
jure,0
skammer,0
orslumen,0
jcaudle,0
mking,0
JonathonMA,0
nathanvda,0
Maxim-Filimonov,0
leiyangyou,0
rajeevkannav,0
maratvmk,0
alno,0
madwire,0
bvogel,0
amro,0
fede-moya,0
pivotalforks,0
artps,0
alejomongua,0
mfilej,0
drefined,0
heeton,0
tmkasun,0
chriserik,0
ferdinandsalis,0
monzou,0
tkoenig,0
meleyal,0
x3qt,0
zacstewart,0
lessless,0
Electron-libre,0
ramigg,0
kpgdev,0
msokk,0
copyhacker,0
anthonylebrun,0
mjcloutier,0
kalkov,0
theworkerant,0
zakelfassi,0
nberger,0
evangoer,0
dscataglini,0
oveddan,0
dpdawson,0
steve9001,0
artemeff,0
YurySolovyov,0
jadeatucker,0
ziflingus,0
tomykaira,0
blahedo,0
gshutler,0
mjc,0
ryan-endacott,0
mclee,0
kwent,0
grepruby,0
tashian,0
ryancw,0
dkaplan88,0
syamilmj,0
nikcub,0
leikind,0
nfedyashev,0
anayden,0
bleonard,0
WvanLelyveld,0
edg3r,0
dougo,0
retoo,0
awilliams,0
bjackson,0
nettsundere,0
scratchoo,0
Chun-Yang,0
jdavix,0
mlr,0
drewda,0
nolman,0
mdemare,0
arkiver,0
j03w,0
faun,0
morcmarc,0
GICodeWarrior,0
mschulkind,0
narzero,0
mastermike14,0
pivotal-xo,0
joshwlewis,0
aroc,0
qqshfox,0
mattmacleod,0
saulius,0
geermc4,0
mrpollo,0
jakobzeitler,0
michihuber,0
jtippett,0
speedmax,0
shipstar,0
sukhiTambar77,0
butsjoh,0
diatmpravin,0
apneadiving,0
MaximeD,0
leemour,0
mauricioszabo,0
fjsj,0
barkerja,0
DavidRagone,0
foca,0
Ostrzy,0
stiff,0
timothyrobb,0
kriansa,0
katranci,0
gastonmorixe,0
WilliamDenniss,0
wcamarao,0
tiagoefmoraes,0
jjbohn,0
ceneon,0
chab,0
rsl,0
codepodu,0
lassebunk,0
cyrilchampier,0
dmarkow,0
Rodel30,0
karabitski,0
araslanov-e,0
rudle,0
ionutliviu,0
net1957,0
chitsaou,0
bjhess,0
espen,0
JasonRodriguez1,0
rovermicrover,0
noma4i,0
astronaute77,0
rtdp,0
jcxplorer,0
dvdplm,0
akreiling,0
courtsimas,0
leonardofaria,0
kylerippey,0
avk,0
eiel,0
jsteiner,0
martintsch,0
mrsimo,0
jhephs,0
devkrd,0
os97673,0
diwa-zz,0
raykrueger,0
likethesky,0
aminariana,0
jferris,0
sparky28677,0
teleological,0
silasdavis,0
aflag,0
tokafish,0
Ichimonji10,0
canweriotnow,0
teamon,0
jkutner,0
chingor13,0
lchanmann,0
sjmadsen,0
lmcardle,0
muichkine,0
mattvague,0
outsmartin,0
nirix,0
n-studio,0
xinuc,0
crodjer,0
zohlgren,0
augnustin,0
leisti,0
cicloid,0
eriwen,0
matthewmichihara,0
yagooar,0
JamesMcMahon,0
mkralla11,0
jelmersnoeck,0
kiranbiliyawala,0
Crystark,0
Numerico,0
eimermusic,0
codeprimate,0
romatr,0
ahorner,0
sds,0
targence,0
JeffCohen,0
mmoss,0
sakuro,0
mirasrael,0
compactcode,0
shmatov,0
awakia,0
georgedrummond,0
wtn,0
elfassy,0
tjormola,0
trisweb,0
zacheryph,0
chrmod,0
ajb,0
sergeych,0
jamesgolick,0
CodeMonkeySteve,0
msaffitz,0
cmaruz,0
heelhook,0
chrismccord,0
reinh,0
aviflombaum,0
heimidal,0
DevL,0
saki7,0
claptimes5,0
gswirski,0
ichabodcole,0
digitalfrost,0
dsabanin,0
tbeauvais,0
xke,0
leandronsp,0
nickl-,0
jm,0
mrb,0
mfrost,0
lau,0
egjiri,0
Tzleoo,0
xenda,0
arixey,0
dgmcguire,0
yordis,0
etdsoft,0
knappe,0
Spaceghost,0
knewter,0
sebasoga,0
gufo,0
loopj,0
dembskoi,0
ScotterC,0
arikfr,0
jgarber,0
anaisbetts,0
dalton,0
jscipione,0
qiuxiaoj,0
kimardenmiller,0
mayank2707,0
darryn02,0
justinvj15,0
cemeng,0
mmay,0
jhummel,0
zungaphobia,0
atvenu,0
jwoertink,0
rochefort,0
kidpollo,0
tomav,0
jleishman,0
manvsmachine,0
mmb,0
karayusuf,0
geopet,0
bjoernbur,0
nathanbertram,0
hsume2,0
brysgo,0
kmerz,0
LouisStAmour,0
cmbankester,0
bhavinjavia,0
huetsch,0
maximerety,0
gvaughn,0
azuby,0
keeguon,0
tonyla,0
Jacke,0
Crisfole,0
PhilCoggins,0
milushov,0
romansklenar,0
simonmd,0
afinetooth,0
HonoreDB,0
jkeck,0
awead,0
balinterdi,0
timmillwood,0
carloslopes,0
hlegius,0
rafaels,0
JeanMertz,0
kapiltekwani,0
yzhanginwa,0
Dan2552,0
gnapse,0
jokklan,0
davidwparker,0
kinopyo,0
shlensky,0
saberma,0
jwlibby,0
tcrayford,0
mrgordon,0
gaganawhad,0
driv3r,0
simonoff,0
samdalton,0
kfrz,0
chuckbjones,0
xiaods,0
nicolai86,0
ninkibah,0
burtlo,0
felixclack,0
lukefx,0
antn,0
jrgifford,0
mattcantstop,0
KrzysiekJ,0
volochaev,0
bryanwoods,0
mowli,0
lazyatom,0
warnickr,0
zawaideh,0
grzuy,0
kevin-jj,0
hollanddd,0
skojin,0
dpsk,0
demiazz,0
vforvova,0
lisovskyvlad,0
ptzn,0
jamesotron,0
loe,0
dahakawang,0
jaredbrown,0
artemave,0
traxanos,0
vovabezdna,0
danbee,0
jvperrin,0
marcatodigital,0
ZenCocoon,0
pcasaretto,0
amparo-luna,0
chenkirk,0
justinsoong,0
zachlipton,0
zdennis,0
Ross-Hunter,0
mitchkett,0
billgathen,0
davidpelaez,0
novito,0
davidakachaos,0
mbarb0sa,0
rdickey,0
stephenmckinney,0
bemurphy,0
evanwalsh,0
joaohornburg,0
dgm,0
pietro,0
bolthar,0
xiejava,0
drbrain,0
mathiasbynens,0
lilibethdlc,0
gonzedge,0
cedric,0
atombender,0
ches,0
tjmcewan,0
housekeeper,0
midu,0
crmaxx,0
ilyakatz,0
KevinBongart,0
niuage,0
ghalley,0
descentintomael,0
atestu,0
jcapron,0
williscool,0
laskaridis,0
paolodona,0
cmititiuc,0
svoop,0
dferrazm,0
Arcolye,0
idrinkpabst,0
br3nt,0
tarmotalu,0
paxer,0
fuyi,0
Sporky023,0
anyu,0
amenzhinsky,0
ethansr,0
tylerdooling,0
marcelokanzaki,0
Jauny,0
MadRabbit,0
shedd,0
hankblinq,0
codeblooded,0
jfairchild,0
vendethiel,0
samqiu,0
lukeholder,0
iampeter,0
miguelff,0
pedrosnk,0
sir-pinecone,0
tkbeili,0
ravidsrk,0
meiraleal,0
jltxwesley,0
camsong,0
wizztjh,0
hujinpu,0
ahmet,0
josin,0
passion8,0
peppyheppy,0
FUT,0
ehrktia,0
krishnasrihari,0
dukejones,0
chriskrams,0
vicli,0
pauldipietro,0
wezm,0
robworley,0
vitorbaptista,0
zmalltalker,0
martinrehfeld,0
cjohansen,0
steveyken,0
vimutter,0
vanyak,0
adamcooke,0
tgaff,0
Toady00,0
AdamFerguson,0
glampr,0
samnissen,0
carsonreinke,0
mikebaldry,0
AxisOfEval,0
nesquena,0
kevinthompson,0
zhubert,0
antoinegrant,0
varchar,0
mikeric,0
jbeard4,0
saten,0
Irio,0
AlexRiedler,0
nandayadav,0
diogomafra,0
antoinelyset,0
interhive,0
ike-bloomfire,0
lucaspiller,0
fabianoalmeida,0
acnalesso,0
mshappe,0
griffinmyers,0
noahsilas,0
ealdent,0
mlambie,0
balaji-chronus,0
imderek,0
jstin,0
Pablo-Merino,0
TJamesCorcoran,0
ryanharkins,0
wallyaltman,0
trvrplk,0
jayzes,0
peterkeen,0
jelder,0
maletor,0
interlock,0
masterrr,0
smondal,0
jimryan,0
tony612,0
rrouse,0
vitorbal,0
crosebrugh,0
wrystr,0
codesnik,0
danteoh,0
viniciuscb,0
johnsinco,0
alexspeller,0
codezomb,0
kenelliott,0
axelguiloff,0
georgeismike,0
pjmorse,0
turizoft,0
ColinDKelley,0
cfis,0
rdvdijk,0
arbales,0
rhysforyou,0
andrewrothman,0
jcalvert,0
olbrich,0
zerowidth,0
khozlov,0
abimaelmartell,0
mstum,0
tmilewski,0
mikesax,0
omarqureshi,0
halan,0
leanucci,0
sgerrand,0
lrz,0
rishav,0
AlexanderZaytsev,0
willmanduffy,0
fightingmonk,0
shanepinnell,0
wuputah,0
jescalan,0
laurynas,0
ajanauskas,0
ButuzGOL,0
allomov,0
wdgraybill,0
tulak,0
u16suzu,0
davydotcom,0
pedz,0
kyanny,0
linyows,0
alchaplinsky,0
reed,0
samgranieri,0
coreyhaines,0
ocha,0
ezchen92,0
mshytikov,0
jingoro,0
sxua,0
mgonto,0
phawk,0
mjio,0
rbq,0
goodtimeaj,0
johnrlive,0
scalabl3,0
VadimPushtaev,0
pwightman,0
mikepmunroe,0
StefanH,0
emq,0
alassek,0
tnt,0
Trevoke,0
sandelius,0
semanticart,0
wonnage,0
sodonnel,0
duggiefresh,0
dgalarza,0
oesgalha,0
jweslley,0
jacobstr,0
dieb,0
ericcj,0
durran,0
Pickachu,0
luccamordente,0
wildchild,0
mtrpcic,0
iurifq,0
rodrei,0
jahio,0
danbob,0
jjyr,0
ueda82,0
nalwayaabhishek,0
rnesius,0
sauy7,0
tispratik,0
tpendragon,0
svasva,0
asilano,0
robotfelix,0
rikikonikoff,0
pzgz,0
RStankov,0
notlaforge,0
excalq,0
mattscilipoti,0
tadman,0
secretfader,0
Papipo,0
nicolasdespres,0
judofyr,0
KDGundermann,0
fgrehm,0
alexdowad,0
alexaandru,0
ttoomey,0
ppadron,0
graft,0
bashmish,0
olafz,0
noahhendrix,0
xentek,0
ehoch,0
amoose,0
butcher,0
dgraham,0
scottwillson,0
basiszwo,0
hongliang-goudou,0
shamabbas,0
jcarlson,0
jabberfest,0
robotarmy,0
IPGlider,0
mje113,0
jwinter,0
whatbird,0
mattmanning,0
chadbailey59,0
tyre,0
chatura-atapattu,0
jandudulski,0
bittersweet,0
garybernhardt,0
koffeinfrei,0
dvrensk,0
neersighted,0
fsword,0
Omer,0
bjnord,0
Locke23rus,0
calmyournerves,0
andrewle,0
subdigital,0
jdxcode,0
wfarr,0
phaedryx,0
gunn,0
ovargas27,0
simonjsmithuk,0
porras,0
pastafari,0
SKoschnicke,0
mattgoldman,0
lumpidu,0
czarneckid,0
toshi-kawanishi,0
jcorcuera,0
Vanuan,0
daviscabral,0
ddoherty03,0
pivotalcommon,0
dball,0
srbaker,0
jredville,0
leocassarani,0
kalys,0
amuino,0
mattvanhorn,0
wndxlori,0
jhn,0
jathayde,0
stephenhuey,0
victormartins,0
needfeed,0
Angelamri,0
jfeaver,0
refractalize,0
trisarasaur,0
oruen,0
vad4msiu,0
sh286,0
saurabhnanda,0
jmonteiro,0
elado,0
ey-pairing,0
abecciu,0
fotos,0
sailor,0
evanfarrar,0
keram,0
jackross,0
rodrigoalvesvieira,0
danbeaulieu,0
bkerley,0
esad,0
thefool808,0
dziulius,0
y8,0
xHire,0
rorra,0
Sephi-Chan,0
dallas,0
dapi,0
jasdeepsingh,0
alexandrz,0
rimidl,0
anthonyalberto,0
HyveAG,0
celeryclub,0
kendagriff,0
wilmoore,0
mraaroncruz,0
edruder,0
roshats,0
Sutto,0
sushilchoudhari,0
shigeya,0
davekaro,0
roman-zaharenkov,0
dbroeglin,0
mdominiak,0
filipeamoreira,0
timnew,0
designrubenz,0
darrenterhune,0
ravinggenius,0
epochwolf,0
jakedev,0
jeremycole,0
kron4eg,0
sol,0
seanbehan,0
adambouchard,0
igoodrich,0
jamiew,0
spilliton,0
ihoka,0
smathieu,0
giddie,0
oguzbilgic,0
jonduarte,0
iblue,0
cluesque,0
marten,0
DarkOne,0
vrish88,0
abonec,0
mulder,0
yury,0
denispeplin,0
SKKx,0
flyerhzm,0
0x000000,0
hahahana,0
emilecantin,0
daniel2d2art,0
loz,0
seanhandley,0
tim-vandecasteele,0
ohwillie,0
mschneider,0
RadhikaPothukuchi,0
mkoby,0
limhoff-r7,0
takoyakikamen,0
learning,0
stiller,0
simonjefford,0
bwalsh,0
rubiii,0
caironoleto,0
shenie,0
nick-desteffen,0
avakarev,0
verto,0
supaspoida,0
sirfilip,0
KurtRMueller,0
subimage,0
fullofcaffeine,0
face,0
wulfovitch,0
nel,0
klevo,0
daniloassis,0
bts,0
cfcosta,0
tammersaleh,0
aurelian,0
leandromoreira,0
pomnikita,0
namxam,0
bacrossland,0
johnnypez,0
Mange,0
alexander-machehin,0
jcmagalhaes,0
fredv,0
chucai,0
databyte,0
getnashty,0
jumski,0
snyff,0
nbibler,0
zmack,0
sebbacon,0
tgildea,0
guyisra,0
hayksaakian,0
rf-,0
banister,0
arsduo,0
palfvin,0
purcell,0
pitr,0
roytomeij,0
dominic,0
softr8,0
cmthakur,0
lance-io,0
ivankukobko,0
shaynekang,0
rajesh-jangam,0
Altonymous,0
cryo28,0
foton,0
judearasu,0
micahwedemeyer,0
clee704,0
gerwitz,0
jensb,0
rajatvig,0
djones,0
bparks82,0
tkrotoff,0
smui,0
michaelklishin,0
bartvandendriessche,0
troessner,0
kouno,0
rxbynerd,0
skorecky,0
adamlowe,0
amaia,0
superchris,0
jzimdars,0
srabuini,0
mccoysg,0
shaliko,0
knightq,0
tbaba,0
colszowka,0
rapind,0
anbotero,0
moll,0
lidaobing,0
gabetax,0
Hebo,0
MCodyB,0
mark-rushakoff,0
daveyeu,0
rmsy,0
mschuerig,0
luislavena,0
7even,0
jenshz,0
Aupajo,0
dvandersluis,0
Tigraine,0
alanhogan,0
paulcoyle,0
kostyantyn,0
mildmojo,0
jordoh,0
CodeOfficer,0
coryschires,0
chloerei,0
abhijeetmisra,0
Dinuz,0
gnarg,0
Kitanotori,0
ivanacostarubio,0
manishchaks,0
boxofrad,0
marpo60,0
mcrowe,0
kstptm,0
mohanzhang,0
phil-monroe,0
kostya,0
ajsharp,0
tibbon,0
LachyGroom,0
tmorton,0
assembler,0
kevinzen,0
raganwald,0
timtyrrell,0
hoenth,0
soffes,0
george,0
nerdEd,0
garygreyling,0
jszmajda,0
waugh,0
jmoline,0
Deradon,0
crystalneth,0
adimircolen,0
shannonrush,0
rdammkoehler,0
charley,0
chrisjpowers,0
TimWalker,0
mvanholstyn,0
dreamfall,0
pkananen,0
seeflanigan,0
ticktricktrack,0
gmcnaughton,0
mps,0
keymone,0
gryphis,0
nightire,0
nickmabry,0
anjshenoy,0
glenngillen,0
carhartl,0
daemonsy,0
robotmay,0
bensonk,0
tecnobrat,0
CarlosEspejo,0
jmehnle,0
skatenerd,0
mahemoff,0
AntonTkachov,0
pcerioli-gpsw,0
akostrikov,0
plashchynski,0
tjpeden,0
bjornblomqvist,0
leshill,0
Veraticus,0
joeellis,0
caius,0
yas375,0
toupeira,0
kryzhovnik,0
andrewhubbs,0
obie,0
michaeleconomy,0
steveh,0
twe4ked,0
madlep,0
asterite,0
ineu,0
ileitch,0
jamie,0
jarkko,0
andmej,0
nlsrchtr,0
jcromartie,0
sarcilav,0
graysonwright,0
rzschech,0
gregory,0
ciaobeau,0
jasondew,0
johanb,0
ifesdjeen,0
myabc,0
brianewing,0
kierangraham,0
Greenie0506,0
bryanmikaelian,0
Fluxx,0
felipecsl,0
jamezilla,0
kneath,0
bionicpill,0
mboeh,0
rlivsey,0
konklone,0
bleything,0
jeroenhouben,0
ChristianPeters,0
vanderhoorn,0
liufengyun,0
pfeiffer,0
Jacobkg,0
Serabe,0
blackxored,0
whilefalse,0
robyurkowski,0
vijay1189,0
fsvehla,0
isabanin,0
Hakon,0
brycesenz,0
seryl,0
amarshall,0
Pliny,0
losvedir,0
bschaeffer,0
mwawrusch,0
ndemoreau,0
jassa,0
mrpta,0
salrepe,0
alvarobp,0
pragdave,0
Napolskih,0
fidothe,0
markiz,0
woodhull,0
nupurjain,0
davidmles,0
emrass,0
lyleunderwood,0
theirishpenguin,0
nathanl,0
AntiTyping,0
meder,0
lloeki,0
ajbraus,0
AaronRustad,0
fastjames,0
billywatson,0
gustavowt,0
baburdick,0
goosetav,0
linjunpop,0
conradwt,0
pheld,0
mladeny,0
Floppy,0
kalabiyau,0
houen,0
listrophy,0
joelhoffman,0
kashif,0
globetro,0
hgtesta,0
peterpunk,0
densya203,0
aia,0
jurriaan,0
christophermanning,0
DruRly,0
AlJohri,0
natebird,0
cheerfulstoic,0
Vasfed,0
bokmann,0
p0deje,0
danielfone,0
andrewdavidcostello,0
designium,0
civrot,0
andyvb,0
trotter,0
iurimatias,0
rguiu,0
thelazycamel,0
norbertb,0
tukan,0
hugobarauna,0
despo,0
tapajos,0
nazgob,0
jwarchol,0
denisj,0
ankitenggcom,0
dlitz,0
evilmarty,0
threez,0
wrozka,0
AstonJ,0
minipai,0
grentis,0
HeeL,0
juwalter,0
mech,0
hlxwell,0
chap,0
saranyan,0
minardimedia,0
guyc,0
cbarton,0
lanusau,0
sgonyea,0
clizzin,0
kikiamaka,0
andrew,0
Psli,0
cqpx,0
knf,0
andreas,0
nicolasiensen,0
no-donut-for-you,0
lerrua,0
ltartari,0
paulogeyer,0
jeanmask,0
kartesus-zz,0
visoft,0
grigio,0
KODerFunk,0
Bazai,0
forrestc,0
evindor,0
dmexe,0
olegbalbekov,0
andywenk,0
botimer,0
anilg,0
Lavinia,0
endorfin,0
planetcohen,0
jfturcot,0
amackworth,0
wizardwerdna,0
allochi,0
jaylevitt,0
capitalist,0
deefour,0
jfernandez,0
jadeforrest,0
rkbodenner,0
torsakch,0
npearson72,0
kerinin,0
agarbutt,0
pdjota,0
rocky-jaiswal,0
caleywoods,0
timonv,0
tmiller,0
pimeys,0
fernandoaleman,0
hkarthik,0
fr2019,0
electrum,0
MarcoPeraza,0
jechols,0
cheesecow,0
juggy,0
mferrier,0
pederbl,0
tendrelove,0
fesplugas,0
exu,0
johnmdonahue,0
sukeerthiadiga,0
ryanlecompte,0
primerano,0
tazsingh,0
KurtPreston,0
denodster,0
danpal,0
gregwebs,0
reneedv,0
kjohnston,0
noefroidevaux,0
command3r,0
mkristian,0
taq,0
wxianfeng,0
taelor,0
adonespitogo,0
pksunkara,0
blakeeb,0
jcamenisch,0
sinisterchipmunk,0
amirmanji,0
abyx,0
arvida,0
rud,0
monde,0
dbenhur,0
geelen,0
lparry,0
ozeias,0
bartocc,0
nodrog,0
dontangg,0
djibythiaw,0
betamatt,0
Rhywden,0
martinsvalin,0
DefV,0
tillsc,0
bestie,0
surfacedamage,0
bzanchet,0
mlanett,0
fabrik42,0
plagi,0
aka47,0
whather,0
emachnic,0
sunaku,0
ragrawal,0
galtenberg,0
odorcicd,0
szymon-przybyl,0
davidknezic,0
mm1,0
kevinsapp,0
dotdotdotpaul,0
turadg,0
sadiksha,0
jugyo,0
saks,0
alder,0
AndriySand,0
dom1nga,0
xarimanx,0
Averethel,0
nateware,0
bopm,0
jrom,0
arton,0
Ninju,0
esfourteen,0
dmitryn,0
anikkar,0
dguerri,0
lighttroupe,0
xslim,0
elliotcm,0
danreedy,0
Godisemo,0
NoICE,0
ivanvanderbyl,0
reqorder,0
NiDi,0
kirel,0
unimatrixZxero,0
hzeus,0
dipth,0
defsdoor,0
deepakprasanna,0
dynaum,0
cmserna,0
etozzato,0
nbarthelemy,0
markembling,0
raquelasa,0
be9,0
jweathers777,0
morganchristiansson,0
robmack,0
davisre,0
mixonic,0
joelmoss,0
alzeih,0
abachman,0
pcg79,0
seanabrahams,0
travisp,0
toolmantim,0
dui,0
btelles,0
shwoodard,0
pdelanauze,0
KlausTrainer,0
TimothyKlim,0
new2,0
bloomdido,0
michaeltrojanek,0
gitsetgo,0
raybaxter,0
astrostl,0
sheldonh,0
andriymosin,0
sir-ko,0
joshnesbitt,0
jgchristopher,0
crawlik,0
mbravorus,0
sr3d,0
titanous,0
betelgeuse,0
tarikjn,0
tieleman,0
gutenye,0
stefanoverna,0
humanstxt,0
lautis,0
biow0lf,0
marcofognog,0
texel,0
dtognazzini,0
nosretep,0
quake,0
dmajda,0
terrcin,0
fl00r,0
MikeRuby,0
jacobdam,0
fajrif,0
god,0
leonklingele,0
Zequez,0
gsterndale,0
donaldpiret,0
martkaru,0
vrinek,0
icco,0
minikomi,0
knightlabs,0
mxswd,0
karlseguin,0
asmega,0
al,0
ingeniarius,0
hoff2,0
ejdyksen,0
trek,0
dennisschoenmakers,0
asm,0
bhmorse,0
pzac,0
mxgrn,0
hasclass,0
geku,0
lukaseppler,0
Advisa,0
tpo,0
abernardes,0
trshafer,0
pootsbook,0
moro,0
thinkerbot,0
rupurt,0
toddboom,0
idoru,0
stevenhaddox,0
Optimiza,0
mauriciodeamorim,0
DaveCollinsJr,0
s2k,0
nurous,0
valakirka,0
fastcatch,0
seanmoon,0
Mochaleaf,0
bdimcheff,0
aratak,0
odigity,0
Arsen7,0
jamesdaniels,0
omjokine,0
ssoroka,0
jyr,0
Ferroman,0
gamov,0
claco,0
danshultz,0
eviltrout,0
tekwiz,0
tanelsuurhans,0
bradical,0
pritchie,0
scoz,0
thinkingtree,0
diedthreetimes,0
martinisoft,0
unamashana,0
zapnap,0
rxaviers,0
Qard,0
davidw,0
Ch4s3,0
TangMonk,0
zhengjia,0
gkfabs,0
MitinPavel,0
brentkirby,0
sespindola,0
mk,0
jstorimer,0
mateomurphy,0
mdoza,0
gregmalcolm,0
lhahne,0
sporkd,0
jreidinger,0
bfolkens,0
kir,0
earnold,0
metalbot,0
CodeMeister,0
bratish,0
pol,0
shanetrotter,0
jamestyj,0
acroca,0
benjaminleesmith,0
sarmiena,0
jake3030,0
simonbaird,0
stackng,0
pbyrne,0
raviolicode,0
mikehoward,0
imars,0
ddd,0
jasoncodes,0
tesserakt,0
retr0h,0
daneharrigan,0
kuahyeow,0
willchinelato,0
thetron,0
oppegard,0
vothane,0
kulbida,0
dost,0
jwarwick,0
shtirlic,0
christineyen,0
jacquescrocker,0
dodeja,0
edison,0
bagwanpankaj,0
JakubOboza,0
rschuman,0
rpechayr,0
jhollinger,0
reu,0
RayParkerBassPlayer,0
eserra,0
findchris,0
russ1985,0
briantemple,0
chopmo,0
mitchlloyd,0
holodigm,0
cameel,0
gberenfield,0
jtomasrl,0
angelsystem,0
nathansobo,0
jasonmp85,0
vaskas,0
colinross,0
emptyflask,0
suresh4154,0
ayosec,0
tomas-stefano,0
jamesbrooks,0
farleyknight,0
samlown,0
sirlantis,0
jonnii,0
jamescook,0
philmill,0
fx,0
kaiwren,0
achamian,0
inferiorhumanorgans,0
snuggs,0
ntalbott,0
baash05,0
xli,0
TheEmpty,0
rgarver,0
arthurschreiber,0
ricardohsd,0
lucapette,0
heurion,0
Roman2K,0
albertoleal,0
Fonsan,0
lewinski,0
chrisroos,0
idev,0
iaddict,0
piotrdebosz,0
stuartmg,0
fbjork,0
russfrisch,0
Gregg,0
jlebrech,0
codyrobbins,0
colinyoung,0
martinotten,0
kirillrdy,0
chikamichi,0
shaokun,0
metavida,0
rheaton,0
jpalermo,0
luis-manotas-conichi,0
lapluviosilla,0
djwonk,0
dmilisic,0
carlallen,0
seanmccann,0
LeFnord,0
mebens,0
pivotalneutron,0
gducharme,0
nextofsearch,0
stephenjudkins,0
patoch,0
chrislwade,0
micho,0
jjmata,0
danielstutzman,0
ecoffey,0
r-stu31,0
johnf,0
richardiux,0
contentfree,0
jasonrudolph,0
pauldowman,0
abhijits54,0
nickradford,0
stephenallred,0
chadk,0
mattt,0
mnaser,0
flop,0
cpjolicoeur,0
jcf,0
jballanc,0
pk-amooma,0
mrduncan,0
bayan,0
pusewicz,0
jeroenvandijk,0
john-griffin,0
dombesz,0
rougecardinal,0
scottlowe,0
majormajors,0
jneen,0
flavorjones,0
tobi,0
grimen,0
Informpro,0
mgxm,0
davemcp,0
craftycode,0
rolftimmermans,0
sudara,0
patmaddox,0
glongman,0
plukevdh,0
neverhood,0
jazminschroeder,0
pigoz,0
josiahivey,0
sharp,0
guser,0
robinjam,0
jeremyw,0
amerine,0
davesims,0
leonardoborges,0
guimello,0
pedromtavares,0
libo,0
abuiles,0
haydn,0
dougireton,0
Breccan,0
johnmetta,0
damianham,0
dre3k,0
tylercoville,0
yenif,0
snowmoonsoftware,0
bradbirnbaum,0
kwi,0
jbescoyez,0
qmx,0
glv,0
ernesto-jimenez,0
telemachus,0
geemus,0
servercrunch,0
thewatts,0
farski,0
chielwester,0
jodell,0
thiyagarajan,0
alexrothenberg,0
chadoh,0
escobera,0
stjhimy,0
quark-zju,0
hamin,0
pechorin,0
jweiss,0
justincampbell,0
hosiawak,0
luxflux,0
ctrochalakis,0
squadette,0
carllerche,0
acatighera,0
grzegorzkazulak,0
marsuboss,0
