author,percentage
author,0
facebook-github-bot,0.6901
shergin,0.2121
pull-bot,0.8222
react-native-bot,0.927
thymikee,0.436
cpojer,0.219
sammy-SC,0
zhongwuzw,0.3443
Kudo,0.3311
ericlewis,0.2768
Bijiabo,0
sahrens,0.2901
ontzic,0
mitulsavani,0
fkgozali,0.3268
dulmandakh,0.2644
ide,0.4203
LeoNatan,0.4724
PeteTheHeat,0.3418
matthargett,0.3253
Krizzu,0.405
gengjiawen,0.21
hramos,0.2016
nar213,0
jbcullis,0
riso,0
AndreiCalazans,0
nossbigg,0.2241
grabbou,0.3013
dratwas,0
bartolkaruza,0.376
Norfeldt,0
lucasbento,0.4364
sattaman,0
jarvisluong,0
rickhanlonii,0.3078
pedpess,0
uqmessias,0.3662
sasurau4,0.6274
jeanregisser,0.3305
wojteg1337,0.4151
michalchudziak,0.2121
lunaleaps,0.2577
retyui,0
orta,0.4042
Soontorn2499,0
turnrye,0.7666
mganandraj,0
RSNara,0.4164
JoshuaGross,0
adkenyon,0
bondparkerbond,0.3489
zhigang1992,0.3744
eliperkins,0
Salakar,0.4227
necolas,0.51
mmmulani,0.5206
radeno,0.3825
mikehardy,0.351
Dbroqua,0
DriesVS,0
janicduplessis,0.3807
elucaswork,0.3905
DimitryDushkin,0.4335
luancurti,0
danilobuerger,0.4119
vonovak,0.4099
RCiesielczuk,0.2189
0xd-cc,0
mhorowitz,0.1743
marcmulcahy,0.3917
blavalla,0
glauberfc,0.2773
karanpratapsingh,0.4164
yurykorzun,0
julioxavierr,0
pvinis,0.3309
TheSavior,0.3834
aleclarson,0.3613
alishamae,0
a-c-sreedhar-reddy,0
jacobp100,0.228
craftzdog,0
EmielM,0
matt-oakes,0.4823
benjarwar,0.2619
j-f1,0
nicovak,0
CaptainNic,0
guhungry,0.359
Santu1245,0
Esemesek,0.2067
sm2017,0.4093
timwangdev,0.25
bcarroll22,0.2779
JonnyBurger,0
thorbenprimke,0
radex,0.433
RubenSandwich,0.3159
friederbluemle,0.4042
noahtallen,0
mislav,0
Nizarius,0.25
ebollens,0
mattijsf,0.3265
woodpav,0
willnorris,0
statm,0
sweggersen,0
elyalvarado,0.4089
SimonSimya,0
jakoblorz,0
Jyrno42,0.3511
vincentriemer,0.2
rigdern,0.3066
acoates-ms,0.3819
815065046,0
MoOx,0.3897
kelset,0.2949
Kida007,0
mjmasn,0
gaearon,0.358
sonicdoe,0
matpaul,0
msand,0.4297
farwayer,0.3223
Nabellaleen,0
zienag,0
brenwell,0
renzhezizhi,0
benevbright,0
LorandP,0
xuelgong,0
MatthieuLemoine,0
digitaldavenyc,0
Taylor123,0
biomancer,0
dryganets,0.3499
sercand,0
gandreadis,0.2567
sunnylqm,0.3297
RyanElliott10,0
hwth,0
casperboone,0
aliazizi,0
deepsweet,0
BG687,0
dmtrKovalenko,0
mgcrea,0
punksta,0
hey99xx,0.3639
Ovi,0
kristerkari,0
hcn1519,0
maxiee,0
andrewschenk-linx,0
AndrewSchenk,0
FLGMwt,0.3815
empyrical,0.2978
gfpacheco,0
HazAT,0.2258
Sharcoux,0.4632
terrysahaidak,0.3716
rajivshah3,0.2022
mdvacca,0.3618
nhunzaker,0.365
motiz88,0.5043
pepibumur,0
FibreFoX,0.4085
onmyway133,0
fson,0.3778
todorone,0
zhangmincons,0
RWOverdijk,0.3742
hsarukhanyan,0
mbardauskas,0
jmatsushita,0
n1ru4l,0
elelad,0
alexandrius,0
nimish-gupta,0
SimenB,0
ejanzer,0
navilan,0
alexruperez,0
dalcib,0
berickson1,0.3266
lfkwtz,0
horacioh,0
FonDorn,0
rafaellincoln,0
EvanBacon,0.2223
zpao,0.3872
hontas,0
dlowder-salesforce,0.2765
prathamudeshmukh,0
wellmonge,0.2
osunnarvik,0
vovkasm,0.2998
JoshuaJamesOng,0
RoJoHub,0
omnikron,0
mo22,0.3458
JosephDunivan,0
jpstrikesback,0
hyochan,0
jkdf2,0.3611
Kriyszig,0.3169
misaku,0.4066
ajstrand,0
ewamal,0
doniyor2109,0
xianglinhe,0
tgensol,0
OdaDaisuke,0
Chi-AnTai,0
pakyo-pan,0
ngandhy,0.4355
rubennorte,0
satya164,0.4639
newyankeecodeshop,0.4175
osdnk,0.3437
januswel,0
CodingItWrong,0.3345
wildseansy,0
gavrix,0
hamidhadi,0.2426
migbot,0.5074
enahum,0
aleh,0
anchengjian,0
raphael-liu,0
cabelitos,0.4259
mysport12,0
sheepmiee,0
IljaDaderko,0.4199
stigi,0
Mimetis,0
shenyute,0
ronal2do,0.3677
vdimitrovv,0
mcchrish,0
sryze,0.2568
prateekgoel,0
LinusU,0.4348
venik,0
Winglonelion,0.2634
fnuttens,0
andrewmarmion,0
saitoxu,0
levibuzolic,0.4513
mcgaryes,0
chuganzy,0
mudgesteve,0
mandrigin,0.4561
alsun2001,0
genuinezack,0
yangweigbh,0
Tmarie77,0
qingluanchou,0
JChord,0
miblanchard,0
Titozzz,0.3693
ggtmtmgg,0.3818
radko93,0.4757
yungsters,0.4479
TheChuckster,0
nicknovitski,0
kpsroka,0
watanabeyu,0
tychota,0.2489
iamiota,0
DanielZlotin,0.2961
gusgard,0.362
akshetpandey,0.296
ben-manes,0
brentvatne,0.286
prasadpilla,0
adityamedhe-cc,0
axe-fb,0
frantic,0.3093
Monte9,0.2276
henrikra,0.2718
jamonholmgren,0.9
ifsnow,0.315
ajax900,0
ignacioola,0.4107
Jephuff,0
Tnarita0000,0.4391
vcalvello,0
jamesreggio,0.4063
morenoh149,0.4237
corradio,0
solkaz,0
mottox2,0
JAStanton,0.427
exced,0.357
flowkraD,0.3929
nabettu,0
yushimatenjin,0
nd-02110114,0.4519
YanmaY,0
gregaou,0
MateusAndrade,0
farzd,0
scottrice,0
rustle,0
llostris,0
wontonst,0
cjroth,0
danibonilha,0
itsmepetrov,0
modeinnovations,0
Freddy03h,0.3618
bendangelo,0
mattyclarkson,0
phatmann,0
staufman,0
yedidyak,0.4385
dchersey,0
mikefogg,0
mmccartney,0.366
Muritavo,0
mmamaniwolox,0
jmheik,0
AlanFoster,0.4498
JunielKatarn,0.4966
ddhogan,0
MadeinFrance,0
ikesyo,0.4218
mikemorris,0
RevoluPowered,0
yinhangfeng,0
prog1dev,0
incarnateTheGreat,0
rostislav-simonik,0
sopranolinist,0
Minishlink,0.4123
amsul,0
victorwang1,0
ferrannp,0
adamjuhasz,0
peaonunes,0
scally,0.2314
piranna,0
gugakatsi,0
itinance,0.1667
gaodeng,0
cassiozen,0
nhayfield,0
the-felipeal,0
cHaLkdusT,0.4558
Dimous,0
benjamn,0.2184
craigrbruce,0
Justimiano,0
Weetbix,0
gtebbutt,0.2733
davidwico,0
probablyup,0
jamesisaac,0
hyunjongL,0
dkaushik95,0
sundbry,0
gvarandas,0
kdastan,0
MaxInMoon,0
rush1506,0
rafeca,0.1746
krzysztof-miemiec,0
yairopro,0
bvaughn,0.4082
th317erd,0
tkow,0
davedets,0
cojo,0.3524
ShaMan123,0
vcapretz,0
krzysztofciombor,0
tchayen,0
watadarkstar,0
lightboys22,0.3549
olfek,0.3198
blake-simpson,0
matei-radu,0
lwinkler-mathspace,0
kraenhansen,0
mike-marcacci,0
barrault01,0.1458
petekeller2,0
KoukuntlaAditya,0
timoteipalade,0
adamivancza,0.2143
jamsch,0
deecewan,0.4247
jhampton,0.3605
karanjthakkar,0.4096
vlazdra,0
palexs,0
Tbaut,0
pkyeck,0
noxee,0
wuhuangpeng,0
ngraef,0
magrinj,0.4287
MarkOSullivan94,0.1584
koenpunt,0.3471
EternalChildren,0
davidaurelio,0.5426
kmagiera,0.3077
rozele,0.3597
akdsouza,0
EyMaddis,0
reedyrm,0
RainyTunes,0
charpeni,0.2981
futuun,0
chrusart,0.3479
krszwsk,0.2791
AbdoelKaheal,0
psivaram,0
ahilles107,0
fungilation,0.4548
esamelson,0
SRandazzo,0.3626
passy,0.4043
yurnery,0.4178
lichen19853,0
slorber,0.3891
lnikkila,0.3873
AbdallaMohamed,0
esprehn,0.368
zholobov,0
haggholm,0.3585
skaplan,0
kanenathan213,0
bschnelle,0
rotemmiz,0.5117
draperunner,0.3445
ssssssssssss,0.4252
christianbach,0.2526
jasekiw,0
umairda,0
steveccable,0.3705
asowayan,0.6611
patrickkempff,0.4125
Ignigena,0
howg0924,0
teameh,0.3757
jbrodriguez,0
stevehollaar,0
sync,0
lehni,0
evanjmg,0
giancarlo88,0
rawit1976,0
Rojuinex,0
GuoZhiQiang,0
TomAtterton,0
AndrewJack,0.2436
jwaldrip,0
SudoPlz,0.3382
LorienHW,0
krishanmarco,0
Aaang,0
alimek,0
levynir,0
The0racle,0
ishaanbahal,0
wangluu,0
pvdz,0
keldorus,0
adamnator92,0
Thioby,0
Moreno97,0.4563
rghorbani,0
rdonnelly,0.3273
MoTheNerd,0
djw27,0
clmntcrl,0.3181
ghost,0.6242
Tvrqvoise,0
RebelBIrd,0
Bhavik-P,0
javache,0.5519
chrisballinger,0
keshavkaul,0
arpu,0
nickarora,0
thecryptovalley,0
fangasvsass,0
ACCTFORGH,0
hgale,0
cbcoutinho,0
jgcmarins,0
ramirezd42,0
JPanneel,0
iyegoroff,0
CodingPapi,0
eoinnorris,0
chirag04,0.4877
JunyiXie,0
zedtux,0.3333
jordoh,0
kgdev,0
lyb0307,0
MrPluto,0
fourlastor,0
gnprice,0.2794
shafy,0
stueynet,0
Noitidart,0.3671
jenni-divvito,0
zertosh,0
tolbkni,0
boliveira,0.2506
ianbrind,0
wangjoshuah,0
johncblandii,0
mailyokesh,0
arivanandan,0
whitedogg13,0
anthonyhumphreys,0.3915
earksiinni,0
marafat,0.4211
bestander,0.5677
bachvanthe1994,0
sospedra,0
nichtverstehen,0
jeanlauliac,0.3885
skv-headless,0.2715
connoremma,0
heyfrench,0
ujwal-setlur,0.419
pribeh,0
stephencookdev,0
ishigamii,0
tomaszwojcik,0
miyabi,0.565
OceanHorn,0
shuboc,0
tsangint,0
byCedric,0
jeiemgi,0
joeblynch,0
byungjune,0
savelichalex,0.2199
shyaniv7,0
jamesmoss,0
sjchmiela,0
webdevbyjoss,0
tabrindle,0.4522
L-Yeiser,0
baldursson,0
kimihiro64,0
brunolemos,0.4198
jzhangdev,0
kpink224,0.2089
jcarver989,0
oNaiPs,0.2672
yinghang,0
pierreneter,0
f6m6,0
yuzhiyi,0
Diaren,0
tangkunyin,0
rplankenhorn,0
nol13,0
Ashoat,0.5228
pvagare,0
lzxb,0
wsun,0
misheki,0
hlbp,0
jochem725,0
ericketts,0
jerolimov,0.3477
viotti,0
hfossli,0.5652
kevinresol,0.5202
mjesun,0.4019
martnst,0
lhecker,0
maicki,0.354
sophiebits,0.2611
bunnyc1986,0
shockdesign,0.4112
dNitro,0
WaldoJeffers,0.2921
raphaelrk,0
bcalik,0
VSchlattinger,0.3817
ivank,0
eXist-FraGGer,0
scisci,0
fattahmuhyiddeen,0
mannol,0
VincentLanglet,0.7243
se-bastiaan,0.4117
daqiuqu,0
apexskier,0
daneov,0
LukeDurrant,0.3397
mistenkt,0.3946
ladipro,0
gaguirre,0
hwangjr,0
luisnaranjo733,0
CoreFloDev,0
sebmarkbage,0.4852
tomduncalf,0.3171
Sunnysh123,0
lebedev,0.4316
renatoagds,0
kranzky,0.2035
jimcamut,0
Ethan0007,0
issumao,0
geolabZura,0
thejchap,0
philvasseur,0
getaaron,0.4289
otusweb,0
wack17s,0
hamaron,0.4071
kayzenkayzen,0
GStipick,0
cmejet,0
ajwhite,0.2731
dannycochran,0.34
yk3372,0.4266
himabindugadupudi,0
omorhefere,0
cbjs,0
justinsoong,0
ranjithnori,0
tuananhcwrs,0
arnabsen,0.6289
samuela,0.7014
albinekb,0
yns88,0
ksegla,0
filipef101,0
chrmod,0
andrew--r,0
t4deu,0.3307
Bonobomagno,0
jhgg,0
nes123,0
erez-guesty,0
ronilitman,0
icew1nd,0
cbrevik,0.3588
silasrm,0
crobinson42,0
farzadshafiee,0
rikur,0
mcavaliere,0
adaltavo,0
grabvinod,0
animaonline,0
xiamx,0
peacechen,0.2382
foghina,0.4508
ejmartin504,0
CoryG89,0
jayphelps,0.3527
johnxie,0
timscott,0
deboyblog,0
bruno02100,0
mpyw,0
maharjanaman,0
elliscwc,0.3472
huowenxuan,0
zerosrat,0
roycclu,0
codegoblins,0
randomor,0
dwyanelin,0
magicien,0.398
ganlanshu0211,0
471685249,0
akalin-keybase,0
jimji1005,0
joshjhargreaves,0.4037
nickofthyme,0
krishom,0
ShayanJavadi,0
maxkomarychev,0.2917
kdawgwilk,0
NotTooReact89,0
TomSwift,0.2788
kyo504,0
reyalpsirc,0
shufisyahida,0
ziyafenn,0
iTOYS,0
drazisil,0
syaau,0.2605
Albert0405,0
tuncaulubilge,0.2365
benadamstyles,0
edo1493,0.3654
albert-carreras,0
StrictlySkyler,0
luco,0
maraujop,0.2097
pualxiao,0
b-asaf,0
minhchienwikipedia,0
anhtuank7c,0
sasayahiromu,0
gianpaj,0
bbeckk,0
kevboh,0
kientux,0
rowinbot,0
Kureev,0.3826
petermekhaeil,0
dested,0
sdg9,0.441
oferRounds,0
ozasadnyy,0
sujayjaju,0
nhancv,0
afjoseph,0
sullenor,0
erikpoort,0.4549
CFKevinRef,0.2064
zachgibson,0
lucianomlima,0.553
mkonicek,0.3024
padupuy,0
guperrot,0.574
dseipp,0
alien3d,0
buixuanthe2212,0
amhinson,0.3766
Balasnest,0
robinheinze,0
d2luu,0
krewllobster,0
adhithiravi,0
Nkzn,0.5066
laurent22,0
jcurtis,0
knitcodemonkey,0
vomchik,0
soranoba,0
felipebhz,0
jaredly,0.286
hblumberg,0
CrazyPython,0
DylanVann,0.3015
wokalski,0
Zanchee,0
ultramiraculous,0.2211
jainkuniya,0.466
pilsy,0
theolavaux,0
jozan,0
MrLoh,0.312
agates4,0
mlazari,0
nitaliano,0
compojoom,0
jameslporter,0
SharpMobileCode,0
ITsolution-git,0
blackneck,0
zenozen,0
strindhaug,0.3589
samsafay,0.4228
mikelehen,0
siddhantsoni,0
naqvitalha,0.1735
canastro,0
axlider,0
aneophyte,0.3976
sunweiyang,0
yewenxiang23,0
ravirajn22,0
runar-rkmedia,0
haitaoli,0.3645
perrosnk,0.7927
Atul206,0
AuroreM,0
d4vidi,0
gedeagas,0
mizinin,0
GollyJer,0
anp,0.3372
atkit,0.3078
bigluck,0
leonismx,0
floriancargoet,0
AndreLeitaoDeveloper,0
ezk2410,0
alloy,0.3566
Plo4ox,0
barbieri,0
rizwankce,0
brunoro,0
fractalwrench,0
BrunoVillanova,0
tasomaniac,0
ethanx94,0
SandroMachado,0.4283
TheCodeTalker,0
russhwolf,0
hellogerard,0
shercoder,0
njbmartin,0
vlkosinov,0
cagataycali,0
afilp,0
jackwilsdon,0
MattFoley,0.2809
linjson,0.4383
hedgepigdaniel,0
iRoachie,0.2834
jose920405,0
tiresomefanatic,0
zongwan,0
joeyjiron06,0
vamshi9666,0
govi,0
AaaChiuuu,0.471
hovox,0
elan,0
vivekkiran,0
aputinski,0
omeid,0.4283
ss18,0
muraikenta,0
raouldandresy,0
bae-unidev,0
wodin,0
itchingpixels,0
atlanteh,0
mezod,0
leeight,0.428
xiaoyongchen,0
chiraggshah,0.5333
iMagdy,0
alpamys-qanybet,0
kabus202,0
paulmand3l,0
shakyShane,0
timotew,0
ejc3,0
zeh,0
LouisJS,0
alburdette619,0
riwu,0
ncuillery,0.5181
rogerkerse,0
ExplodingCabbage,0
polarbear2010,0
allengleyzer,0.4357
LEEY19,0.2183
derakhshanfar,0
vvusts,0
urbane,0
karthikpala,0
ayc1,0
brancooo1,0
lucasleelz,0
yosimasu,0
BJGDEV,0
lindskogen,0.264
LcTwisk,0
jonathonlui,0
BrandonWilliamsCS,0
cdlewis,0.3702
denisk20,0
samwgoldman,0
erlendfh,0.4411
greghe,0.1854
PaitoAnderson,0
leethree,0
akriger,0
tlenclos,0
EdenGottlieb,0
mathiasbynens,0
maartenschumacher,0.2118
jctfox,0
tobiastornros,0
ssuchanowski,0
sibelius,0.3839
rh389,0.3882
swashcap,0
ryanml,0
ocleo1,0
stale[bot],1.0
submitteddenied,0
EricPKerr,0
mikelambert,0.4374
Naoto-Ida,0
jsdario,0.3284
mbret,0
RickDT,0
julestruong,0
lucky110209,0
AustinHunt,0.2645
HaswinVidanage,0
mvanroon,0
AlicanC,0
Jono20201,0
Metroninja,0
slegaitis,0
thinhtrh,0
nstanwar,0
Pastromhaug,0
Gennady77,0
tntdarken,0
leakim34,0
leandrohsilveira,0
bstst,0
fishmwei,0
RonnieRen,0
shaundon,0
jeremistadler,0
AKKIDETROJA,0
thekevinbrown,0
mateusz-,0
bowerman0,0.2702
randyzhao,0
zachrip,0
JamesHealdUK,0
hpmax00,0
eballeste,0
adamski,0.4425
cmcewen,0.3887
outpunk,0.4
vovanmozg,0
ponomarevv,0
henbahati,0
kesha-antonov,0.4207
AntonPuko,0
vysotsky,0
tomasreimers,0.3551
JoelMarcey,0.6229
alpparkan,0
RobertPaul01,0
Gongreg,0
dahjelle,0.3798
adbl,0.3659
alvinthen,0.2178
dabutvin,0
4ian,0
simonbengtsson,0
yygene,0
nak411,0
youngjl1,0
nbomberger,0
fengyibo,0
iamtekeste,0
fred2028,0.6036
raphaeleidus,0
joshfriend,0
emusgrave,0.3335
yshing,0
skevy,0.4957
samermurad,0
emroot,0
spunkedy,0
mandhon,0
hidaph,0
anta-semenov,0
MaxLap,0.426
gwmccull,0.4478
dantman,0.3696
dmueller39,0.4712
Adamfoust,0
minikin,0
swansontec,0
nmolkeri,0
ZdravkoN,0
andon,0
dickie81,0.3603
facuacostag,0
mikeng13,0
akyker20,0
Tsiniloiv,0
bulats,0
AaronFriel,0.4455
yuya-takeyama,0
lxe,0
gbrlgmrs,0
GeoffreyPlitt,0
zachrnolan,0
butchmarshall,0
dolo098,0
MrHubble,0
NelsonPetitos,0
thame,0
marcind,0
Zyphrax,0
bithavoc,0
DylanNWatt,0
macdoum1,0.4116
tirrorex,0
makovkastar,0
justColbs,0
cobarx,0
yagudaev,0
sol8er,0
fernandopasik,0
rob-keepsafe,0
shuhaodo,0
xeoh,0
pavjacko,0
DaKaZ,0.4358
syzer,0
cauboy,0
jayrylan,0
gregholliday,0
simonracz,0
phillip055,0
paulbrittain,0
hanumanthan,0
VinceBurn,0
oskarsliukis,0
panunu,0
Jacse,0.2453
aarondail,0
MishalValiyakath,0
SDrinkwater,0
ikhilko,0
bolan9999,0
Bhullnatik,0.4187
jkomyno,0
GregoryNative,0
agadev,0
huqiliang,0
monkeywithacupcake,0
zibs,0
4ndroidev,0
Fortidude,0
jdcc2,0
breogangf,0
jmoutte,0
AdamDanielKing,0
bduyng,0
jsoendermann,0
jackkav,0
pkozhin,0
jhen0409,0.4088
Slava,0
nerdmed,0.2364
bood,0.2012
acurat,0
zhonshu,0
VahidBo,0
chiranjeevisaride,0
gautan,0
djhr,0
stokesbga,0
varungupta85,0
nihgwu,0.2729
Adlai-Holler,0.2166
justinr1234,0.4457
iegik,0.3125
maxim-c,0
gre,0.3588
giladno,0
beetlebum,0
exKAZUu,0
cheriejw,0
doochik,0.4265
jeongjuwon,0
11nc,0
sterlingwes,0
wschurman,0.5133
kozillla,0
lprhodes,0.433
narychen,0.2466
janiokq,0
sigvef,0.3187
calvinmikael,0
ivanzotov,0
ransj,0.4481
miguelsm,0
paramaggarwal,0.3311
vladimir-kotikov,0
arpit,0
rekha110254,0
temitope,0
zaplo00,0
GingerBear,0
AWDGroup,0
DracoBlue,0
songxiaoliang,0
FranciscoMSM,0
macrozone,0
mmazzarolo,0
JodiWarren,0
jonaslu,0
fbartho,0
jaychsu,0
ethanent,0
nickjuntilla,0
CodingForMoney,0
fxfactorial,0.7174
mbarbon,0
mironiasty,0.2447
chrisbianca,0.3725
JulienKode,0.4544
rahamin1,0
noth8,0
gontovnik,0
roya3000,0
lucian718,0
kastiglione,0
GantMan,0.2808
tinajohnson,0
astreet,0.3819
ruiaraujo,0.2022
psingl,0
jkantr,0
sudarshanc,0
vjeux,0.487
appsforartists,0
ericvicenti,0.3983
sergey-akhalkov,0
pikaaa,0
nvbn,0
jkvim,0
abdrmdn,0
formatlos,0.3794
guilharj,0
kevinleeTCA,0
TSMMark,0
sladkoff,0
philipjc-apacio,0
bd-arc,0
Vince0613,0
vshab,0
hugoh59,0
Ciberusps,0
dgreensp,0
PimDeWitte,0
ivanpdigitalalchemist,0
dabit1,0.2889
piotrek1543,0
indu127pal,0
rajsuvariya,0
sebirdman,0.2755
christopherdro,0.3963
rada,0
abi,0
paranoidjk,0
rtman,0.258
simonayzman,0.2
matejkriz,0
shadowm2,0
brianmmorton,0
terribleben,0.3671
cosmith,0.4599
RishavKumar-3796,0
atsjenk,0
kshvmdn,0
kipricker,0.3938
caoer,0
forki,0.3655
jasongaare,0
Guichaguri,0
billoosijok,0
Barathwaja,0
Lxxyx,0.4472
kkkelicheng,0
fourestfire,0
serima,0
krizpoon,0
Grivel-l,0
spinningarrow,0
patw0929,0
andrerfneves,0
taquayle,0
halilb,0
MovingGifts,0
Anees-Raja,0
axemclion,0.4324
toukovk,0
harry-g,0
ovr,0
iineva,0
paalex,0
pixelpax,0
kulti,0
Almouro,0
wsxyeah,0
petersimons,0
wesleymooiman,0
sytler,0
pietro3092,0
gpeal,0.5211
saigrandhi,0
paolomaffei,0
cooperka,0.4561
antoinerousseau,0.3097
mojodna,0
ms88privat,0.2854
AndrewTHuang,0
PardeepK,0.2224
DarrylD,0
sjmueller,0.4849
JulioC,0
smallpath,0
retdop,0
migueloller,0
thotegowda,0.4345
leon087,0
celesteshire,0
guysegal,0.5026
vjeranc,0.3636
Igor1201,0
ceyhun,0
esam091,0
brenordr,0
gmaclennan,0
Jonovono,0
ArturKlajnerok,0
kazak1377,0
dirkstoop,0
zoontek,0.1753
Feng999,0
yury,0
fangpenlin,0
simonmitchell,0.2485
duhseekoh,0
agrcrobles,0
gilesvangruisen,0.4207
joshfarrant,0
AnthonyMRodrigues,0
stoffern,0.3238
jballer,0
navratill,0
scottfoster,0
yaxin3690,0
ianlin,0
orenklein,0
mvayngrib,0.4343
niftylettuce,0.4076
tjmadsen,0
andrewlinfoot,0
xavier-villelegier,0
NikolaBorislavovHristov,0
webmariner,0
gsklee,0
chnfeeeeeef,0.2594
dejakob,0
Gi11i4m,0
rborn,0
shrutic123,0.2463
willdawsonme,0
haraldreingruber,0
peterp,0.3664
TrustTheBoy,0
BryanJBryce,0
caocao-melon,0
alexkring,0.3199
TikiTDO,0
BTMPL,0
hnryjms,0
amilcar-andrade,0
Knight704,0
tomoima525,0
codebymikey,0
AvivRubys,0
dcestari,0
alexeylang,0
unexge,0
talkol,0
ohbarye,0
minhtc,0
jordanpapaleo,0
cgupta-logmein,0
pfulop,0
MiLeung,0
trueadm,0
ken0x0a,0
JeffGuKang,0
javiercr,0
superandrew213,0
kevinluvian,0
ZHT131,0.4042
thejacobseely,0
shrutic,0.2973
zezhouliu,0
sesm,0
yenda,0
Benjamin-Dobell,0
jeremyong,0.3814
FnTm,0
whoyawn,0
dkpalmer,0
thorsonmscott,0
L42y,0
franciscofsales,0
vinigfer,0
stryju,0
Exilz,0
stereodenis,0.4621
chung2014,0
vikkalen,0
Etheryte,0.2046
Crash--,0.35
nfcampos,0
nartawak,0
cinder92,0
makadaw,0
dozoisch,0.4937
zhouzhongyuan,0
ericnakagawa,0.4494
aljs,0
eacaps,0
zr0n,0
amitaymolko,0
ManikSmartdata,0
rimbosUY,0
ghentzi,0
MrSunshyne,0
mroswald,0.3908
ds300,0.3597
jmfirth,0
johnnycopperstone,0
kevinold,0
dbhowell,0
Emilios1995,0.4734
i8wu,0
Priccc,0
browniefed,0.4293
gabrielbull,0
lacker,0.3826
jasonnoahchoi,0
beeglebug,0
arvinio,0
etripier,0
farazs,0.3973
vsona,0
license2e,0
Angelk90,0
blogdaren,0
pesterhazy,0.4082
lexs,0.492
vvavepacket,0.263
chitezh,0
stevelacy,0
alin23,0.3084
ldhios,0
Maxwell2022,0
nicktate,0.3702
meilers,0
rgngl,0.4816
Axbon,0
abhishekdewan101,0
8luerain,0
wasedaigo,0
matyj,0
adrianha,0
ZauberNerd,0
veggiedefender,0
edmofro,0.483
lumiasaki,0
thurt,0
aloveb,0.2533
heluotian,0
adnanbabar,0
dannyharding10,0
accuware,0
rimzici,0
myrjola,0.3426
chourobin,0
onpaws,0
KrauseFx,0
ptomasroos,0.2867
vongohren,0.4244
dushaobindoudou,0
samcorcos,0
bennyguitar,0
Hunter-Dolan,0
hubciorz,0
malashkevich,0
yihanseattle,0
Guardiannw,0
ThisIsMissEm,0
wcandillon,0
ptmt,0.3893
freiserg,0
gillessed,0
dvermeirImec,0
JiboStore,0
tobycox,0
cedarmora,0
hoangpham95,0
Swordsman-Inaction,0.4696
jpshelley,0.3629
grahammcculloch,0
TBouder,0
yairk,0
ykzts,0
hoangpeterd,0
lyahdav,0
smvv,0
CheragV,0
alvaromb,0.3296
carlost,0
gperdomor,0
BenjaminG,0
BrendonSled,0
onstash,0
axten,0
Thomas101,0
mcmar,0
davidgross,0
twairball,0.1746
neerfri,0
nazrdogan,0
henrylearn2rock,0
patientplatypus,0
ohtangza,0
ronocod,0.2302
jgale,0
leoskyrocker,0
clayallsopp,0.136
wprater,0
praveenav,0
nc3816,0
dylanpyle,0
kalman,0
petterh,0
richardfickling,0
johanblomgren,0
acdlite,0.329
mlanter,0.2584
wietsevenema,0
guptasourabh,0.6316
sbaar,0
gabriel,0
DaniAkash,0
hilkeheremans,0.3244
ligaz,0.2522
Froelund,0.344
jasan-s,0
manosim,0
SBShane,0
kgritesh,0
Phredward,0.349
aranda-adapptor,0
rod-stuchi,0
steinnes,0
mnsrv,0
pcguru,0
Rovack,0
johanforssell,0
famousfilm,0
nicodelpiano,0
philjoseph,0
petergaultney,0
prithsharma,0
headlessme,0
niztal,0
monsty,0
andreipfeiffer,0
bryanyee,0
mantou132,0
JustPassingThrough,0
SaKKo,0
0x5e,0.3704
spearmootz,0
guguji5,0.2602
kzc,0
sdeleon28,0
phillbaker,0
sebasbad,0
jrodiger,0
jjoe64,0
cailenmusselman,0
eduduardo,0
thevangelist,0
mohammedsabi,0
sonaye,0
ZevEisenberg,0
yesmeck,0
ywz2010,0.2799
dudeinthemirror,0.2153
sravich,0
julien-rodrigues,0
habovh,0
kwef,0
vevo-heyward-dai,0
heywarddai,0
ndejesus1227,0.4779
ethangk,0
aymen-mouelhi,0
khacanh,0
SuhairZain,0
mataiaslev,0
ryankask,0
scarlac,0.3888
juangl,0
sgavade,0
jaygarcia,0.4089
anton-matosov,0
gabelevi,0.2067
meno1,0
dfischer,0
amoghbanta,0
danielfarrell,0
desmond1121,0.4563
xqwzts,0.4612
faalsh,0
bcaplan42,0
BinLi-DEV,0
kkjamie,0
geweb,0
SuperBesse,0
tomav,0
probedb,0
Brian-Kaplan,0.3746
corymail,0
sondremare,0
lazyhoneyant,0
konradkierus,0
nikolaiwarner,0
lucidtheory,0
celso-henrique,0
vrgimael,0
thisisiron,0
nathvarun,0
brianmak3,0
shubhamverma27,0
HarisSpahija,0
tadeuzagallo,0.4695
brendan-rius,0
Swaagie,0
marcelkalveram,0
mikehobi,0
evilDave,0
indexzero,0
alexhanson,0
kcjonson,0
faceach,0
Kerumen,0.3837
cyprusglobe,0.3643
matclayton,0
eladnava,0
NoilPaw,0
avishayil,0
GioLogist,0
mehraan,0.5593
prabakarviji,0.5277
mxaly,0
woshi82,0
codingrhythm,0
AvijitDutta95,0
shukerullah,0
ollydixon,0
BalalRaza,0
jesouhaite08,0
matt-42,0
jaunesarmiento,0
moaxaca,0.249
yujiayinshi,0
RangerMauve,0
mehdichamouma,0
gullitmiranda,0
dobrienlzd,0
githubdoramon,0
inakianduaga,0
littlehome-eugene,0
vinceyuan,0.3961
jd009,0
AyushG3112,0
lelandrichardson,0.4186
admmasters,0.3067
EngsShi,0
danielfeelfine,0
xml,0
Ajackster,0.2013
brcarey,0
wmcbain,0
hynese,0
ir4y,0
follower,0
gitim,0.3652
jtewright,0
MaxGraey,0.2682
lirui0407,0
senthilsivanath,0
ivmarkov,0
Timoteus78,0
valleywood,0
peterheard01,0
callagga,0
endocrimes,0
d16r,0
rops,0
keatongreve,0
huangcheng1,0
yimingtang,0
fmatosqg,0
1097616819,0
LiuC520,0
urnotzhaoll,0
hkusb,0
the-simian,0
ma5069073,0
zhengangyang,0
umarovt,0
mosesoak,0.3948
SeMeKh,0
jetzhliu,0
nikosch86,0
fcFn,0
garzdin,0
freakinruben,0
f0rr0,0
Antoine-C,0
andreicoman11,0.6797
vitorebatista,0
philipheinser,0
dthuering,0
gmherr2,0
krunalsshah,0
belemaire,0.3186
43081j,0
aterribili,0
rt2zz,0.4098
xixixao,0.2048
tocttou,0
philikon,0.2673
arv,0
normanjoyner,0.2556
haifaGh,0
charlle,0
mdaslamansari2008,0
jdonald,0
Kielan,0
emilsjolander,0.44
hawkrives,0
quangcm,0
DarkHollow,0.269
salanki,0.4014
Frazer,0
luisfpinto,0
goldylucks,0
gevorg94,0
Ehesp,0.2342
cpunion,0.3801
sballew-insteon,0
dingbat,0
StevePotter,0.3943
rodperottoni,0
felipecsl,0.4216
YuliaGrigorieva,0
michaelr524,0
Chubacca,0
cychiuae,0
neilsarkar,0
adamjernst,0
istvanmakary,0.3033
rmhartog,0
hollanderbart,0
fdnhkj,0
AgtLucas,0
mikestek,0
drblmb,0
kirankalyan5,0
iacopo87,0
awseeley,0
herdani,0
kubopanda,0
chadlinden,0
jiazheng,0
eduardinni,0.4159
jamesreilly5,0
hugohow,0
mehernosh,0
aaronsky,0
joonhocho,0
iures,0
gvillenave,0
kentaromiura,0.5857
dsernst,0
andyhite,0
bigsassy,0.428
kenma9123,0
RobIsHere,0
RealOrangeOne,0
Eyesonly88,0
jadbox,0
dsibiski,0.5386
fahrradflucht,0
K-Leon,0.2519
messense,0
kesjien,0
puresamari,0
flieks,0
jsappme,0
somonek,0
serhiipalash,0
peichao01,0
pinqy520,0.3714
scazzy,0
Andreyco,0.2227
isilher,0
tepamid,0.3982
evollu,0.4245
alexcurtis,0
hansemannn,0.3424
manicakes,0.5507
bentomas,0
groke,0
tristanbbq,0
andrewzhurov,0
albinhubsch,0
feyy,0
charlesvinette,0.3317
nscoding,0
adrienthiery,0
daynewright,0
PaulMest,0
jack668000,0
obaniu2006,0
timcreasy,0
shawngustaw,0
chrisknepper,0
maxs15,0
joypatel04,0.3951
ajonno,0
indefinitelee,0
sriraman,0.2334
jgkim,0
sdimmick,0
karpoff,0
ColCh,0
adrienbataille,0
neogermi,0
younthu,0.4111
btoueg,0
8088,0
lukemiles,0.2
arsen,0
Weakky,0
ryanflorence,0.1975
n3tr,0.3707
unordered,0
ivpusic,0
jaggerwang,0
emadicio,0
cameron,0
Ansalibrahim,0
dgruseck,0
tqc,0.4507
mayfield,0
blankg,0
sachinrekhi,0
JacobBarr1986,0
olingern,0
ariabuckles,0
berkaybeyaz1,0
connorzg,0
fredemmott,0.3103
edvinerikson,0
magicismight,0
dijonkitchen,0
damusnet,0.2
VojtechBartos,0.6308
ochanje210,0
pandiaraj44,0.4865
JakeRawr,0.2948
jgibbons,0.3165
mdtempalert,0
eloekset,0
mschipperheyn,0
ramilushev,0.4439
leomeloxp,0
alekhurst,0
jacob-meacham,0
torukMnk,0
rohmanhm,0
amcsi,0
doomsower,0
iSimonWeb,0
filipencus,0
deehuey,0
notjosh,0
norman-kapschefsky,0
reneweb,0.2815
WillyRamirez,0
ma-va,0
RaphArbuz,0
NoelBroda,0
Venryx,0
braco,0
fabriziomoscon,0
rcaferati,0
philipstanislaus,0
king6cong,0
sharnik,0.2814
blackxored,0
di,0
wjyadlx,0
littlesome,0
Fanghao,0
raymondchooi,0.3791
aldigjo,0
EladPlayground,0
pelle,0
scottbrassfield,0
julesmoretti,0
seanyusa,0
RichardLindhout,0
Tzinov15,0
mackenzie-gray,0
jacksontbryan,0
Luc45,0
josiahruddell,0
rbravo,0
henninghall,0
khat33b,0
jinwei233,0
ryangomba,0.3181
mdamien,0.3982
asgvard,0
nimatrueway,0
ptilli,0
liquidprogrammer,0
TangXiaoLv,0
watzak,0
davidhellsing,0
LiamInJapan,0
grabcode,0.3154
cesarwbr,0
yanbober,0
linmic,0
aaronschubert0,0
GroupXTech,0
ceeK,0
RobertBiehl,0
saleehk,0
huitsing,0
pthrasher,0
npomfret,0.4055
huangmr,0
oblador,0.2452
secretfader,0
mc-zone,0
yanweimin7,0
yiminghe,0
ylquankai,0
njafei,0
swain,0
markzhai,0
chuyik,0
tanpuer,0
jxiang112,0
ArunKulasegaran,0
mlguys,0
uc-asa,0
phamtn8,0
sreejithr,0
pewh,0
aliemre,0
rseemann,0.3355
Liroo,0
EllisShen,0
chuckdishmon,0
johnchourajr,0
saevarb,0.3791
saopayne,0
robclouth,0.376
originerd,0
deanmcpherson,0.3353
nezaidu,0
nandiniparimi1107,0
1mike12,0
wuchu,0
bgriffith,0
Valentin-Seehausen,0
petergarnaes,0
Billy-,0
bitfabrikken,0
Bringoff,0
jerson,0
fanyuRN,0
hawaiikaos,0
pi0,0
haiyangjiajian,0
tgoldenberg,0
rgoldiez,0.3597
clozr,0.4009
ycai2,0
GrigoryPtashko,0
pkwak-sf,0
rmevans9,0.4641
negativetwelve,0.3404
maluramichael,0
AlimovSV,0
ganjianwei,0
stockulus,0
shaneosullivan,0.384
pietropizzi,0.3283
xRahul,0
spikebrehm,0.4343
peteychuk,0
davidlrnt,0
pgom,0
kevin91liu,0
AndrewHenderson,0
damianfrizzi,0
vasklund,0
mhofman,0
caabernathy,0.6025
SimonKenyonShepard,0
vadimeremeev,0
viviancromwell,0
gotounix,0
andrewimm,0.3062
yuya-fujimoto,0
olofd,0.4299
nikki93,0
zen-ly,0
tigerZhang86,0
zhouyuexie,0
nitrogenlabs,0
pinguinjkeke,0
aouaki,0
geirman,0.3829
T-Spoon,0
lucasferreira,0
DeanMW,0
ldipasquale,0
mesbahsabur,0
abbasfreestyle,0
Hauuguu,0
maheshsgr,0
RossKinsella,0
davidperrenoud,0
shixukai,0
jameshen17,0.2572
nickhudkins,0.3452
booboothefool,0.3501
dmhood,0
deathemperor,0
sooth-sayer,0.4803
avilyn,0
matryoshcow,0.8056
kgowru,0.3491
rdixonbhw,0
hedgerwang,0.4302
pp026pp,0
drop-dan,0
douglowder,0.436
dmatteo,0
alexHlebnikov,0.2137
benhughes,0.3816
mlazowik,0
jkimbo,0
yarivkenan,0
litingjun2015,0
jiangqqlmj,0
jeffberry,0
davepack,0
kenleezle,0
dmr,0
gran33,0
Caijiacheng,0
psrustik,0
kikimor,0
olgabanis,0
dmmiller,0.4666
miguelespinoza,0.3857
pradeep250677,0
koxen,0.5098
tonysherbondy,0.5
designorant,0
rclai,0.4254
ajma,0
mweststrate,0
VansonLeung,0
Sveta-K13,0
dustin-H,0
jmurzy,0.6602
jaggs6,0.359
chetstone,0.1615
guilhermebruzzi,0.2468
slicejunk,0
vafada,0
majak,0.2179
mdrmuhaimin,0
ouabing,0
thurber,0
jsdevel,0.294
naiduasn,0
s-sridevi15,0.2144
ThaJay,0.2401
rhysd,0.4259
dmlemeshko,0
marcin1337,0
bootstraponline,0.2119
jlipps,0.2408
jonesdar,0.3501
CapitanRedBeard,0
skovhus,0
curioustechizen,0
voidgit,0
marlenabowen,0
kholiavko-roman,0
jribeiro,0
Mishan999,0
tylermurry,0
Frank1234,0
lotosbin,0
sumzer,0
derekgreenberg,0
pstanton,0
jeffmo,0
locly,0.4115
stewart42,0
nverdhan,0
bbodenmiller,0
mathewaj,0
donyu,0
hwitsel,0.3364
zimengle,0
gotev,0
fkoester,0
duataud,0
alexter42,0
arvindch,0
lgan1989,0
johnwook,0
lovato,0.4776
ekryski,0.3512
RD1991,0.2496
dzautner,0.2601
khaled,0
Nicomalacho,0
alidawud,0
adamkdean,0
ababkov,0
bengoism,0.4091
mlostekk,0
malinthe,0
DanielMSchmidt,0.3566
SergeyKorochansky,0
dltmd6262,0
alzuma,0
briancalvium,0
weixiyen,0
Razzeee,0
corbt,0.3798
oprisnik,0.1395
arilitan,0
sheparddw,0
ForbesLindesay,0
xemasiv,0
artyomtrityak,0.3943
andy9775,0
mehcode,0
micksabox,0
nevir,0.3808
andyfen,0
samuelkraft,0.2347
felipemsantana,0
wusuopu,0
mbaroukh,0
cong876,0
marclundgren,0
aakashsigdel,0.2469
vaskevich,0
MajeedThaikas,0
deoqc,0
LearningDave,0.3366
alexleventer,0.3177
m3vaz,0
arthurnn,0
kasper,0
ramirogm,0
SalahAdDin,0
liusy182,0
jvorcak,0
blackbing,0
benjick,0
jr-k,0.3882
munzur,0
belohlavek,0
tim-ford,0
artemyarulin,0
edthedev,0
JoelSanchez,0
pilaas,0
benjackwhite,0
chenxsan,0.1478
gmuraleekrishna,0
wadewegner,0
StevenXL,0
geof90,0.4514
vinaynb,0
duranmla,0
patrys,0
cloudrave,0
benvium,0
ultragtx,0
ospfranco,0.3571
cjhopman,0
Roshanjossey,0
alexanderjarvis,0.2453
ymmuse,0
juanbernabo,0
cameronhunter,0
nickzuber,0
romidane,0.456
zxcpoiu,0.3608
yutin1987,0
sergioramos,0
ahanriat,0.398
skatpgusskat,0.396
DavidGoldman,0
tdzl2003,0.4444
shirou,0
fadookie,0.1429
willthefirst,0
jodonnell,0
ASCE1885,0
phuna,0
tafelito,0
respectTheCode,0
ryanlinnane,0
sean-roberts,0
shenzhenjinma,0
seidtgeist,0.44
musicode,0
deminoth,0.3853
tume,0
VictoriaQ,0
fkrauthan,0
Piwaii,0
fadils,0.476
shanmbic,0
danielbraun,0.4577
gorangajic,0
r1cebank,0
gustavjf,0
RyanMitchellWilson,0
supermarin,0
loveaurell,0
majd-asab,0
teyou,0
LittleLin,0
cmmobiraoxin,0
wasabia,0
nathanajah,0.2412
greggb,0
alenia,0
enterline,0
vivekparekh8,0
Gab-Metzger,0
newmetl,0
maxdjohnson,0
tuckerconnelly,0.4162
devKrishnan,0
wenpkpk,0
sbmthakur,0
eronisko,0
sdwilsh,0
arielelkin,0
greenteamer,0
denmark,0
thebnich,0.2
pardoman,0
david135,0.3788
asadakbar,0
jalada,0
myusuf3,0.4691
adnsio,0
timjacobi,0
tomazahlin,0
yueshuaijie,0
evantahler,0
xujinyang,0
mquandalle,0
summerYanguang,0
Nepherhotep,0
anttimo,0.2712
mhollweck,0
hubertwang,0
chrisharrington,0
seekshiva,0.225
apearce,0
cmc5788,0
PierBover,0
waqas19921,0
jgreen82,0
dwb,0
chandlervdw,0.2798
jan-happy,0
upgle,0
valscion,0
dustturtle,0
joelcloralt,0.312
aqnaruto,0.4221
mabels,0.3702
danielduner,0
laviavigdor,0
sathyapriya31,0
dbasedow,0
vaukalak,0
vadzim,0
catalinmiron,0
stam,0
osungjin,0.2131
machard,0.3016
eulphean,0
SunnyGurnani,0
clarle,0.2545
JohnyDays,0.3685
srirangan,0
jsierles,0.3263
chamchamgo,0
ademars94,0
burgalon,0
stovmascript,0
erickreutz,0
bbay,0
jvassbo,0
kieranju,0
tpisto,0
arronmabrey,0
dchun,0
bnns,0
denniske,0
DannyiCracked,0
zakrid,0
stevemao,0
justim,0
AzizAK,0
everyusernameistaken123,0
romjear12,0
nowaits,0
davidyaha,0.2658
tossense,0
bnham,0.4461
flare216,0
redmar,0.3606
rainbowhat,0
avaly,0.8182
Nopik,0
noerK,0.3615
gngeorgiev,0
AlexDM0,0
jondot,0.4596
XepherJin,0
yesman317,0
carlos-wong,0
besarthoxhaj,0
alexprice1,0
ElvisChiang,0
p16,0
nicklockwood,0.549
fgaleano,0
jwyld,0
vikeri,0
sreesharp,0.5118
mcliquid,0
rreusser,0.4107
joshuapinter,0.4878
konark-hike,0
rishabhpoddar,0
nmn,0
alexkendall,0
buba447,0
Roconda,0
xvalentino,0.3031
hufeng,0.1667
vkarpov15,0
wootwoot1234,0.4239
JosephkimOS,0
irisSchaffer,0
JosephDev,0
haziqhafizuddin,0
cbcye,0
atlas1119,0
q--,0
pglotov,0.4164
steveluscher,0.5758
brionac,0
lighthx,0
Obooman,0
lawrence858,0.1961
wv1124,0
kirwan,0
alphasp,0
dxiao,0
mobinni,0
robinvw1,0
Traubenfuchs,0
gayancliyanage,0
emilioicai,0
javierhdez3,0
lostintangent,0.4334
PatoBeltran,0
tlvenn,0.3088
dgladkov,0.3425
skyride99,0.3389
RobRoseKnows,0
drcallaway,0
gluwa,0
rocman,0.4042
shiranGinige,0
DannyvanderJagt,0.5039
denisw,0
timzaak,0
cornedor,0.1633
mangogogos,0
ahmedre,0
seansfkelley,0
zicjin,0
allthetime,0
logileifs,0
mpretty-cyro,0.3717
pdehaan,0
rahuljiresal,0
atifmansoor,0.2461
poppybank,0
PonyCui,0
umhan35,0.3455
yuriteixeira,0
domsmith94,0
charliesbot,0
winterbe,0
rauchy,0
EvanJin,0
menq,0
dhrrgn,0.4858
martinbigio,0.6116
hedgerh,0.3245
qingfeng,0
joenoon,0
kevinvangelder,0
mullender,0
linnett,0
clintmod,0
Jensenks,0
Nealyang,0
edgesite,0
alex-gvozden,0
brettlaforge,0
devfd,0.24
rabidaudio,0
easyCZ,0
codeheroics,0.2077
skyebook,0
benhoyt,0.3289
ThierryDH,0
anshulagarwal06,0
IlyaRepo,0
xahon,0
dbrugne,0
Hari70a,0
rudyk5,0
josemariadelgado,0
steida,0
hayeah,0.4131
urbancvek,0.2763
qpowell,0
cauchywei,0
mowi22,0
diogoca,0
TanTan-TT,0.4988
thoblr,0
itbrandonsilva,0
karismatic-megafauna,0
thomasleplus,0
jamiebuilds,0
abalhier,0
knowbody,0.6044
adamterlson,0.3225
skleest,0
varun-acintyo,0
nicholaspsmith,0
xenophilicibex,0.4577
allanjsx,0
jellevandenhooff,0.2384
jkbailey,0
travishaagen,0
jemise111,0.5985
patrick-ngo,0
cheeaun,0
pyEntropy,0
tanguyantoine,0
eyaleizenberg,0.4665
lesliesam,0.3392
arbesfeld,0.4056
glaw,0.2239
rlog,0
nmccready,0
rscnt,0
CJStroud,0
sebmck,0.3738
MikeOrtiz,0.4857
tomauty,0
jenmarie43,0
ocarpinteyro,0
BilalBudhani,0
livioso,0
odino,0.439
grgmo,0
holyxiaoxin,0.3459
fov42550564,0
anant90,0
fragno,0
aprct,0.2366
godness84,0.1928
Benmidi,0
dannolan,0
jrichardlai,0.4132
jhristu,0
jesseluo,0
zixan,0
dewe,0.2836
felipemartim,0.2761
LuckyLuky,0
ptkach,0
aharons,0
mohebifar,0
manonthemat,0.2418
glittershark,0
kamek-pf,0
agray86,0
TETRA2000,0
lucasfeliciano,0.438
MikePodgorniy,0
Daniel15,0
marcshilling,0.4194
srikanthkh,0
fakenickels,0
salbito,0
skellock,0
mikemonteith,0.2319
calebmer,0
gousta,0
hyugit,0.4339
clickthisnick,0
chefnobody,0
jareks,0
dwilt,0
kapv89,0
UnoDeTantos,0
tyao1,0
jasonfma,0
abimelex,0
prometheansacrifice,0.458
ekrivopaltsev,0.229
tasiyo7333,0
jlyman,0
niborb,0.2316
ratson,0
peterlazar1993,0
chentsulin,0
greis,0
brunobar79,0.5216
Creemli,0
cupofjoakim,0
jesseruder,0.4135
urvashi01,0
pedramsaleh,0
jeffchienzabinet,0.1934
cancan101,0.3099
dragonwong,0
thomdixon,0
julianocomg,0
xing-zheng,0
jordansexton,0.2589
AntiHate,0
isairz,0
fernsheldon,0
vanBrunneren,0
sofakeer,0
Jarred-Sumner,0
mattisx,0
varhp,0
evanidul,0
mattiashalldin,0
zheng-liu-seattle,0
coyer,0
caigehui,0
Livyli,0
ybolaris,0
miguelocarvajal,0
tourze,0
kyangy,0
stanleycyang,0
shashankwadi,0
pulkitsharma99,0
pramodinwadi,0
akhilwadi,0
manjeetwadi,0
simranjeet-sawhney,0
rschef,0
prademak,0
SanlinBlackball,0
braydo25,0
miracle2k,0
gethinwebster,0
nschurmann,0
Introvertuous,0
thenonameguy,0
guyca,0
agiron123,0
niksinfinite10,0
rmcvey,0
daifee,0
shayne,0.3683
hxx,0
arasmussen,0.3789
lwansbrough,0.432
ace68723,0
kenwheeler,0.3676
mrlaessig,0.3658
shraddha1704,0
songyouwei,0
isaaclem,0
Otolock,0.3944
poonamst,0
iamdustan,0.4487
oliviertassinari,0
okonet,0.2224
cglacet,0
rogchap,0
mckn,0
hzoo,0.3809
csholmq,0
wenkesj,0
kevinstumpf,0.5008
pcottle,0.5408
vdel26,0
michaelAndersonCampingWorld,0
Callmenorm,0
Sunakujira1,0
liesislukas,0
CntChen,0
janmonschke,0.3197
winkerVSbecks,0
AbilashK,0
realaboo,0.2369
zallek,0
BretJohnson,0.4116
dlahyani,0
ashleydw,0.3709
asteingass,0
dk0r,0
iBasit,0
peterpme,0
markrickert,0.2866
gtanner,0
axelander,0
joon1030,0
matt-casey,0
Richard-Cao,0
vmakhaev,0
bradleyboy,0
dentrado,0
caphun,0
icodethings,0.454
mbraude,0
gauravsapiens,0
alwx,0
yuanyan,0
everfire130,0
Rican7,0
skhameneh,0
Rovel,0
kevinejohn,0.3316
cubbuk,0
shidhincr,0
ncnlinh,0
angelahess,0
kinging123,0
joshbuchea,0.2829
andreyvital,0.3125
mthmulders,0
paulshen,0
briancaw,0
divyenduz,0
transitive-bullshit,0
tinkerhead,0
IjzerenHein,0
xcarpentier,0
jimthedev,0.3574
RanzQ,0
alexkrolick,0.3942
soliury,0.3686
lalop,0
lklots,0
mtostenson,0.462
olegbl,0
39otrebla,0
cnsnake11,0
lowbeak,0
ffxsam,0
ndao,0
ryanlntn,0
DavidYKay,0.4555
oviava,0
Takeno,0
TheBerg,0
askday,0
sshymko,0
AlexErofeev,0
mactive,0
antoxi4,0.4351
neciu,0
jittuu,0
anishakd4,0
TigerC10,0
anhldbk,0
nisheetjain,0
elliottsj,0.4728
digeff,0.4683
matthewwithanm,0
insraq,0
yamill,0.2459
lpil,0.3836
crdesai,0
eadz,0
rodrigopivi,0
manask88,0.5203
torifat,0
keithnorm,0
mpatric,0
DaleLJefferson,0.3287
djhi,0.5182
itouch2,0
janaka120,0
dickeylth,0
appden,0.172
andybb,0.7789
aflanagan,0.2552
bhamodi,0
yeatszhang,0
hkjorgensen,0.2405
DougBanksPersonal,0.4279
haydenth,0
mikach,0
aksonov,0
AlbertBrand,0
honzalilak,0
seb0zz,0.3616
webwelten,0
crpdm,0
onlynight,0
iamulya,0.3801
andrewsardone,0.4607
maksimr,0.2303
fangmobile,0.1224
notj,0
shexiaoheng,0
daemonchen,0
mosch,0
zackify,0
DmitrySoshnikov,0
lrettig,0
davodesign84,0
tjwudi,0.3797
NoBaR,0.2
ianwang,0
kdemoya,0
RalfN,0
jh3141,0
andrenerd,0
gabrielmaiaf,0
yordis,0
tjbenton,0
agentwaj,0
dstarh,0
dapetcu21,0
jarrx,0
regeda,0
mattds,0.4596
ognen,0
obipawan,0
adamkrell,0.4426
af,0
cem2ran,0
BerndWessels,0.4741
jamesfzhang,0
matadon,0
Charca,0
katrinanova,0
amasad,0.2433
mihirsoni,0.1871
mauricesvay,0
epeli,0
Foxman13,0
vespakoen,0
milend,0.8235
klvs,0.2641
wvengen,0
magus,0.5714
liuyaodong,0
bozzmob,0.3651
genki,0.5399
hosainnet,0
avindra,0
kohver,0
jakewtaylor,0
kemcake,0
chandu0101,0.1821
jaysoo,0.3448
Larney11,0
mauron85,0.2335
huston007,0
allofthenorthwood,0
Purii,0.4254
qbig,0.532
shtefanntz,0.4072
mariussoutier,0
patoroco,0.4698
udnisap,0.2258
jutaz,0
sospartan,0.4755
sahin,0
nathanhester82,0
vincent178,0
ippa,0
cava23,0.2
masom,0
sduddikunta,0
simonvaucher,0
mschwartz,0
aphillipo,0.3521
zhaoxingyu,0
tyiu,0
aprock,0
msathis,0
brandonreavis,0
zuhair-naqvi,0
bmcmahen,0
zahanm,0
mkonicek-tester,0.8347
Jpoliachik,0
mkonicek-pr-test,0
sercanov,0
saulshanabrook,0
gr4yscale,0
laurilehmijoki,0
baoti,0
mikearmstrong001,0
agenthunt,0
anderdb,0
mbinge,0
janhenkgerritsen,0
mihaigiurgeanu,0
lxsameer,0.3728
tengfei-fun,0
haledeng,0
zhuchaowe,0
thstarshine,0
panjianjun,0
chengmu,0
brianreavis,0.2631
casperin,0
darkrishabh,0.3489
pedro,0.3857
poulsbo,0
dajomu,0
dvcrn,0.4299
WoLfulus,0
calvinf,0
danhanfry,0
mrcasals,0.3648
EwanThomas,0
alvinwoon,0
bergl,0
LightningK0ala,0
Kishanjvaghela,0
timfpark,0.4318
chris-erickson,0.332
yorkie,0.3535
puf,0
DickyT,0.3614
bramstieperaere,0
anback,0
raylillywhite,0
will-,0
duhduhdan,0
Hagbarth,0
collinglass,0
pyankoff,0
garrettmac,0
mkozhukharenko,0
AfiyaA,0
cmacdonnacha,0
idibidiart,0.4142
revolc,0
andrewgleave,0.1978
holmesal,0
jedlau,0
PhilippKrone,0.4829
fender,0
CorpusCallosum,0
nucleartux,0.426
jiminycricket,0
AdamGorkoz,0
mccambridge,0
bluedaniel,0
ma94264,0
EmingK,0
mfenniak,0.2034
ylastapis,0
gabygandrade,0
bongole,0
JoarLeth,0
ghamaide,0
xogeny,0
vovaguguiev,0
josephsavona,0
hswolff,0
zjgnlzq,0
i1skn,0
mattmo,0
gadiel,0
CCoffie,0
marcusroberts,0.4145
wdyfantasy,0
rjpower,0
mbrgm,0
pjcabrera,0.1807
bradbumbalough,0
chrisnojima,0.3106
bsansouci,0
naomiajacobs,0
austinlyons,0
knightsamar,0
junhaoyap,0
jadsonlourenco,0
lobo12,0
achellies,0
auser,0
shishircc,0
popbee,0
andpor,0
dannyflax,0
almost,0
tylermcginnis,0
simongong,0
udfalkso,0.2097
nice2mu,0
crm416,0
arianitu,0
yzarubin,0
raj0,0
cypheon,0
yelled3,0.4468
Mokto,0.389
QuantumInformation,0
pmadruga,0
dralletje,0.4175
benvinegar,0
kujohn,0.1971
alinz,0
sitestudio,0
Harbon,0
mickeyinfoshan,0
pvenkatakrishnan,0
EasonRen,0
stephenkeep,0
mrngoitall,0
kushal,0
rricard,0
jmeyers44,0
vinkla,0
jbaumbach,0
montogeek,0
kinhunt,0
YasirSherzad,0
gabrielmoncea,0
gs-akhan,0.4253
xinthink,0
edward,0
rjoonas,0
mattapperson,0.3807
jordwalke,0.398
marano,0
2upmedia,0
ljharb,0
ryanhomer,0
chemuto,0
shahankit,0
adriansprod,0
eysi09,0
cldwalker,0
geekvijay,0
flav,0
yeso126,0
jwhitley,0
subtirelumihail,0
andersryanc,0
Hyra,0
kassens,0
sudhirj,0
owais,0
nsimmons,0.4116
nkt,0
httpNick,0
sonnylazuardi,0
quentinadam,0
tyzero,0
boourns,0.2175
aexmachina,0
mqli,0
eddiemonge,0.2269
garrows,0
jmhdez,0
jasonals,0
imWildCat,0
abdelouahabb,0.4361
alexisvincent,0
webgoudarzi,0
esauter5,0
cgilboy,0
joel100,0
ericvera,0
liubko,0
JonathanHayward,0
leeyeh,0
rohitgoyal,0
jslvtr,0
mbrock,0
steve-ng,0
vishnevskiy,0.3076
xxsnakerxx,0
faceyspacey,0
danscan,0
alexcoco,0
Iragne,0.4384
csujedihy,0
skycocker,0
compulim,0.4033
siuying,0
RoboTeddy,0
mariusbutuc,0
j-mutter,0
wangyapeng,0
allomov,0
reparadocs,0
grubstarstar,0
prathamesh-sonpatki,0.2676
lynndylanhurley,0
jim-lake,0
ChristianHersevoort,0
darkyen,0
davidgilbertson,0
jrouleau,0
syarul,0
dwightwatson,0
thiphariel,0
dizlexik,0
agentS,0
jnhuynh,0
dbuarque,0
sorenbs,0
akshatpaul,0
a2,0.463
anthonywebb,0
justinmakaila,0
JonnyBGod,0
basketofsoftkittens,0
bleonard,0
jacob-israel-turner,0
magnus-bergman,0
jjshammas,0
MadRabbit,0
pickhardt,0
hojberg,0
natorojr,0
jonaswindey,0
lloydho,0.5926
ianor,0
maqen,0
williambout,0
atdrago,0
pletcher,0.2294
lightsofapollo,0
almeynman,0
DeDuckProject,0
muan,0
josebalius,0.3394
nikhilaravi,0
linshu123,0
andismith,0
wez,0
cgarvis,0
ruandao,0
milieu,0
viesti,0
rainchen,0
worldask,0
danleveille,0
stephensprinkle,0
slycoder,0
matc4,0
hharnisc,0.3741
gyzerok,0
casesandberg,0
bradennapier,0
devknoll,0
olivierlesnicki,0
colinterface,0
aroth,0
kevingalvez-pro,0
dbrock,0
longdivision,0
jaysalvat,0
bogdantmm92,0
kevinzzz007,0
shlomiatar,0
despairblue,0
joeporpeglia,0
kphed,0
Liqiankun,0
edcs,0
svenanders,0
jtremback,0.4545
joewood,0.4446
potiuk,0
JonasJonny,0
yusefnapora,0.3537
cesarandreu,0
sunalyou,0
frostney,0
vorjdux,0
mrspeaker,0.1944
pushrax,0
evansolomon,0.355
cxfeng1,0
ojkelly,0
ccheever,0.3881
dalinaum,0.4434
oveddan,0
jacobrosenthal,0
randomer,0
maxhoffmann,0
brentkirkland,0
leoasis,0
fatuhoku,0
bparadie,0.4327
PaulBGD,0
qimingweng,0
bakso,0
alfrednerstu,0
polarathene,0
rxb,0.3894
syrusakbary,0
me-abhinav,0
lazywei,0.3441
vczero,0
timdoes,0
johanneslumpe,0.408
marclestertang,0
pwmckenna,0.3194
joerodrig,0
lovelydreamer,0
kayluhb,0
jessepollak,0
MartinMoizard,0
medington,0
bimawa,0.3728
martco,0
Shuangzuan,0
jbttn,0
liuhong1happy,0
zubru,0
arunshan,0
masonicboom,0
tsunammis,0.4617
robtg4,0
sdd330,0
zhangkaiyulw,0
rebeccahughes,0
dvine-multimedia,0
kevinaltschuler,0.3819
ivanbrens,0
vkurchatkin,0.4086
robertjpayne,0.4391
lukejincn,0
jmstout,0.3527
hoodsy,0
lukasreichart,0.3732
Sing-Li,0
yodaiken,0
jeremiecarlson,0
martincik,0
sebglazebrook,0
tptee,0
mebinum,0
colinhang,0
henter,0.46
reconbot,0
justinhj,0
tonyhb,0
skitterm,0
alejomendoza,0
ohmyguigs,0
nevescode,0
jesperlndk,0
ACBrown,0
ohayon,0
pj4533,0
williamnoto,0
dolphinux,0
prenaux,0.3999
shripadk,0
vitalets,0
kenzan100,0
rpastorelle,0
enaqx,0.279
rustyconover,0
SellaRafaeli,0
flipactual,0.3155
MarcoPolo,0
whatupdave,0
lazaronixon,0
mjw56,0
vitch,0.4338
jamestpearce,0
jamesgpearce,0
HananeAlSamrout,0
kristianmandrup,0
sallar,0
gustavoguichard,0
shaohua,0
enaros,0
naartjie,0
jbuffin,0
brysgo,0
dbanck,0
hermanschaaf,0
drkibitz,0.2
badfortrains,0
arthuralee,0.4372
tom76kimo,0
romanonthego,0
KJlmfe,0.263
luics,0
mariodu,0
LyndonChin,0
SoXeon,0
imochen,0
cssoul,0
constantx,0
MossP,0.2303
herbertdai,0
flamepygmy,0
toblux,0
bhosmer,0.2589
ginamdar,0
dvdhsu,0
matth3wga0,0
marynate,0
joshzana,0
robarnold,0
darylrowland,0
ranyefet,0
stirman,0
bobspace,0
ixje,0
nicinabox,0
justinmcp,0.2513
tommymchugh,0.222
Krupen,0
lvyile,0.2222
Rudimental,0.3026
jlevine22,0
mfikes,0
krazyeom,0
zachwill,0
willpiers,0
joshaber,0
jordanna,0
binlaniua,0
colinramsay,0
skpodcast,0
kevando,0
ashwinb,0
Za1batsu,0.8426
daviskoh,0.4032
jungchris,0
kennydee,0
Bintong,0
phamhieu,0.47
ee0pdt,0
AbeEstrada,0
bretrouse,0
sahat,0
dzannotti,0.3117
pilwon,0.4039
cglantschnig,0
jordanbyron,0
shrugs,0
grp,0
jlmitch5,0
joshhornby,0
glenjamin,0
chrene,0
JoeStanton,0.4236
pjjanak,0.4016
NovaDev94,0
jgable,0
jparishy,0
ilkka,0
naoufal,0
nim23,0
francoislaberge,0
benjamingr,0
robbiemccorkell,0
cleercode,0
jcgertig,0
irvinebroque,0
mikedriver,0
crockeo,0
csarsam,0
dengjiuhong,0
jakeboone02,0
hansonw,0
blim8183,0
rickyc,0
tehfailsafe,0
lenage,0
zetachang,0
moduscreate,0
toxicFork,0.2806
harrywincup,0
JustinCarmony,0.4298
raphamorim,0
SOSANA,0
ragnraok,0
yasoob,0
PawelOwczarekFalcon,0
xu6148152,0
ElijahLynn,0
vohof,0
zhangxiaang,0
marconi,0
sliuqin,0
jagandecapri,0
revskill10,0
rockerhieu,0
brunoksato,0
JuanMaCuevas,0
andrerpena,0
sanketsahusoft,0
MathieuDoyon,0
bikasv,0
AlokBansal8,0
mrtom,0
billinghamj,0
ReadingSteiner,0
pborreli,0.3633
loringdodge,0
krashidov,0
fkling,0
ColinEberhardt,0
boopathi,0
caridy,0
subtleGradient,0
chengyin,0
amccloud,0.3556
galenandrew,0
nick,0
jimjeffers,0
meric426,0
chantastic,0
