author,percentage
author,0
facebook-github-bot,0.9938
ELOHIMSUPREMES,0
trueadm,0.2417
sizebot,0.7577
526117,0.338
acdlite,0.1699
necolas,0.329
gaearon,0.1633
SimenB,0.3973
jordalgo,0
rickhanlonii,0.2838
Bonneville1979,0
Vlad-Shevliakov,0
threepointone,0.2331
bvaughn,0.1893
jquense,0.2379
ronald11126,0
sophiebits,0.1596
tjallingt,0
Andarist,0.4036
vikassandhu998,0
ahtee,0.3525
cherniavskii,0
philipp-spiess,0.3609
ide,0.2875
sebmarkbage,0.1946
cpojer,0.2638
ofirzBM,0
NE-SmallTown,0.3174
RubyLouvre,0
shubhamgautam,0
TheSavior,0.2654
mattiamanzati,0
giuseppeg,0
pbondoer,0
VariableVasasMT,0.1796
ljharb,0.3673
sompylasar,0.2919
youyeke,0
lovoop,0.3155
blackwolf08,0
thers,0
MuYunyun,0
cindyxinlun,0
matthargett,0
jhampton,0
behzad888,0
eek,0
panergongzi,0
ghengeveld,0
yukai-w,0
paul,0
zpao,0.2454
kunukn,0.2438
bjacobel,0
markerikson,0.4763
kevinSuttle,0.2598
eps1lon,0.3717
oliviertassinari,0.2476
diegohaz,0
mrmckeb,0
aweary,0.2256
edvinerikson,0.3505
rickyvetter,0
pgangwani,0
kaylangan,0
Jephuff,0
renanvalentin,0.3306
bloodyowl,0.4639
mikesamuel,0
koto,0
nhunzaker,0.1933
yashrajbharti,0
nutboltu,0
gkal19,0
Janpot,0
bdbch,0
smapress,0
Raphael20735,0
Jessidhia,0.4141
ryota-murakami,0.3025
thysultan,0.1968
kentcdodds,0.3671
mpeyper,0
ranneyd,0
davidje13,0
xp44mm,0
ericaprieto,0
lmerotta,0
tijwelch,0
steveluscher,0.4095
rodrigopr,0
dzienisz,0
joepuzzo,0
BenRevell96,0
thomschke,0
sudhirj,0
n8schloss,0
ferdaber,0
willdurand,0
sakshigupta,0
Yurickh,0
benwiley4000,0
overlookmotel,0
RobinMalfait,0
GonchuB,0
sami616,0
RedNinjaX,0
cullophid,0
mohsinulhaq,0
andrescalco,0
ppbl,0
jeemyeong,0
impulse,0
Phe0nix,0
pureinx,0
zanedb,0
Daniel15,0.3711
coderitual,0.317
int64ago,0
audiolion,0
zaguiini,0
ngtan,0
Jemair,0
nanyang24,0
aaronschubert0,0
PaquitoSoft,0
KBPsystem777,0
chaiyilin,0
sakalx,0
reyx7,0
calebmer,0
prashant-andani,0
chenesan,0
jamiewinder,0
aickin,0.3868
dan-lee,0.24
davegomez,0
milesj,0.3175
greysteil,0
ntucker,0
suanmei,0
brunolemos,0
koba04,0.559
kushalmahajan,0
luskin,0
carlosrberto,0
TrySound,0.2721
altibygg,0
TryingToImprove,0
ghinks,0
liamross,0
Kachulio1,0
armand1m,0
def0x099,0
devrchancay,0.3859
JoeCortopassi,0.3215
krave1986,0
eostb,0
alippai,0
greaveselliott,0
decompil3d,0
raunofreiberg,0.3604
SamCortopassi,0
hg-pyun,0
Roboonl,0
gajus,0
probablyup,0.2631
bmeurer,0.1689
developit,0.3695
kulek1,0
leebyron,0.3331
nomcopter,0
alexmckenley,0.252
Tor01100,0
JoshuaScript,0
Ephem,0
tnunes,0
FredyC,0.4237
arianon,0
phanirithvij,0
krzkaczor,0
mrkev,0
jamiebuilds,0.359
engprodigy,0
empyrical,0
jld3103,0
marcelometal,0
jsnavarroc,0
jonisar,0
sebastiankemp,0
wheelo,0
supergoat,0
yongningfu,0
sw-yx,0.3573
chasestarr,0
sag1v,0.2409
oriSomething,0
migueloller,0
Macil,0
jaydenseric,0
mmarkelov,0.3843
vikr01,0
loganfsmyth,0
poeschko,0.2723
tvler,0
PeterBell,0
dimitropoulos,0
alexeyraspopov,0.422
Karenott53,0
monkindey,0.4238
satya164,0.4274
lushc,0
arackaf,0
kana-sama,0
the-spyke,0
Mati365,0
shijistar,0
hzoo,0.3921
Wazner,0
viniciusll,0
sergei-startsev,0.2152
asapach,0
negatron99,0
NMinhNguyen,0
armujahid,0
JSteunou,0
einarq,0.3144
acusti,0.4091
rodrigooler,0
chrisnojima,0
agm1984,0
janczer,0
andresroberto,0
pull-bot,0.6442
link-alex,0
lustoykov,0
lyhper,0
msand,0
ali-master,0
plievone,0.3168
iamdustan,0.2263
chen8000,0
r3nya,0
jetoneza,0
skvale,0
debnathSD,0
mgol,0.3954
burka,0
yungsters,0.2779
jfo84,0.4139
rodrigobdz,0
sunnibfgi,0
hamlim,0
develician,0
bjrmatos,0
Lucifier129,0
elas7,0
vikaskyadav,0
manonthemoon42,0
davidblnc,0
motiz88,0
AlexGalays,0
veekas,0.4602
flxwu,0
mrgurdeep,0
pgarciacamou,0.4239
flarnie,0.2239
segoddnja,0.3323
Slowyn,0.3714
exogen,0
timdorr,0.1863
yunchancho,0
gengjiawen,0
cyan33,0.4341
FancyCoder0,0.8086
adamgilzean,0
brokentone,0.3978
RusinovAnton,0
jaredpalmer,0.1972
realityking,0
ImanMh,0
DCtheTall,0
stereobooster,0.3218
mrshelly,0
mzangie,0
dustinsoftware,0
jasonwilliams,0.2333
mridgway,0.319
nateq314,0
jddxf,0.3545
fatfisz,0
kamronbatman,0
sahrens,0
abhaynikam,0.5363
ThaddeusJiang,0
SamyPesse,0
ericsoderberghp,0.3875
frankleng,0
hramos,0.4282
mbrevda,0
lanzhiheng,0
Illu,0
whs-dot-hk,0
maieonbrix,0
gebilaoxiong,0
ellsclytn,0.4073
fckt,0
rtsao,0
k15a,0
BenLorantfy,0
Ende93,0
abcdlei5219593,0
KyleAMathews,0.2874
yhirano55,0
bsheikh,0
Hypnosphi,0
shergin,0
ryerh,0
iliran11,0
azizali,0
sambokai,0
Simek,0.3894
nonken,0
slorber,0.2886
bee0060,0
nicolevy,0.4614
JeffUberman,0
eemeli,0.2209
piuccio,0
kjirou,0
billschaller,0
ghost,0.9854
L42y,0
dfrankland,0
westonruter,0
tannerbaum,0
crux153,0
janicduplessis,0.3901
EnoahNetzach,0
nickmccurdy,0
maulberto3,0.1919
jeremenichelli,0.448
NekR,0
mlazowik,0
pmsandhu,0
superkarolis,0
kaushik94,0
krzysiek1507,0.4194
jamesreggio,0
antsmartian,0.4498
arcanis,0
getaaron,0
fkgozali,0.5
Yeti-or,0
barrymichaeldoyle,0.4115
AlicanC,0
thisizkp,0
alexkrolick,0
Deraen,0.2623
jaredLunde,0
pravi,0
klamping,0
benjamn,0.2249
BTMPL,0
hartzis,0
diasbruno,0
ohyeahgotit,0
mobilespace,0
Nimelrian,0
bpartridge,0
goldenice,0
yelouafi,0
EECOLOR,0
ajwhite,0
mplis,0
nin-jin,0
guillaume86,0
LucaColonnello,0
pomber,0
aralroca,0
declanelcocks,0
PandaSandStudio,0
joealden,0
GarethSmall,0.278
ewolfe,0
orta,0.3977
rajendraarora16,0.2312
stryju,0
chentsulin,0
elchacho15,0
alubchuk,0
coddingBoy,0
MRDNZ,0
marionebl,0.2738
robdodson,0.4028
AllenWilliamson,0
pshrmn,0
istarkov,0
spirosikmd,0
boondog3738,0
billyjanitsch,0.3127
maciej-ka,0
t4deu,0
stephenkingsley,0.2
sportnak,0
TimNZ,0
clairecliu,0
samlanning,0
wilsonhyng,0.4478
anthonychung14,0
rizoom,0
jamsch,0
banga,0.2248
wyze,0.2286
M-ZubairAhmed,0.3762
vikramcse,0.2368
azz,0
desasaliho,0
rmhartog,0
thymikee,0.434
appsforartists,0.4322
evmar,0
HeroProtagonist,0.2156
timneutkens,0
onstash,0
craigkovatch,0.1957
Lamtikhongem1989,0
mfix22,0
prometheansacrifice,0.3501
Ganesan-rivet,0
ianschmitz,0
tbroadley,0
mannanali413,0
esbena,0
GordyD,0.3025
yu-tian113,0.4893
yenshih,0
charles8xu,0
watadarkstar,0.3104
roderickhsiao,0
XaveScor,0
th3fallen,0
ddelrio1986,0
chenglou,0.2164
aulisius,0
drcmda,0
rossipedia,0
mjackson,0.3357
MrLoh,0
miraage,0
PerspectivesLab,0
syranide,0.2357
ctxhou,0
magicmark,0.296
Kol96,0
amasad,0.25
clemmy,0.413
DavidCurtis321,0
Gregoirevda,0
grabbou,0
zombieJ,0.3899
3260014374ting,0
raphamorim,0.3183
anushreesubramani,0.5824
brucewpaul,0
madeinfree,0.2
abiduzz420,0
SomeshThakur,0
leimonio,0
ConradIrwin,0.2222
ibash,0.1963
rivenhk,0
skiritsis,0.3405
Shoggomo,0
accordeiro,0.4354
timjacobi,0.3393
stnwk,0
Ethan-Arrowood,0.3059
Rebsos,0
Hoten,0
aarboleda1,0
serima,0
felicianotech,0
hardik127,0
thatsjet,0
andidavies92,0
misoguy,0.4314
f0rmat1k,0
travi,0
xjlim,0.4986
MatteoVH,0.3858
sjy,0
selbekk,0.2917
Haroenv,0.3871
ka7iu,0
deanbrophy,0.5314
aaronjensen,0
BreahnaDavid,0.2765
ahutchings,0
4leem,0
Jerry-Lau,0
Jaikant,0
tehOPEologist,0
silvestrijonathan,0.4135
tobiasandersen,0
thiagopaiva99,0
douglasgimli,0
smaniotto,0
jishnujayakumar,0
khjoony,0
jstejada,0
zhaozhiming,0
AudyOdi,0.4551
dleitee,0
andrevargas,0
enapupe,0
flaviolivolsi,0
mjw56,0.3204
SadPandaBear,0
NicBonetto,0.5442
anhuiliujun,0
mori-dev,0
landvibe,0
mxstbr,0.4194
nuc,0.3772
clarkdo,0
fatosmorina,0
bogas04,0
dantman,0
Kamshak,0
neoziro,0.1866
Hendeca,0.2573
reactjs-bot,0.8509
Krizzu,0
andreysaleba,0.2112
johnnysprinkles,0
pgn-vole,0
buzinas,0
StephanBijzitter,0
cosmicdreams,0
OriR,0
yangshun,0.3675
gusgard,0
joecritch,0.3568
robertcoopercode,0
rreusser,0
ilasorsa,0
kingisaac95,0
pyitphyoaung,0
jeditobe,0
romellogoodman,0
codehakase,0
fpoumian,0
jasononeil,0
mhhegazy,0.4108
ovirovkin,0
skratchdot,0
evgenyrodionov,0
konekoya,0
browniefed,0.3219
Connorelsea,0
Mathspy,0.3274
fk,0
jonricaurte,0
fazlerocks,0
hprobotic,0
cmwall,0
vildevev,0
SavePointSam,0
eryue0220,0
MichaelDeBoey,0
glasser,0
danielsbird,0
karlhorky,0
skovy,0
frenzzy,0
jvitoroc,0
xyzdata,0.2
taggon,0
bernard-lin,0
MartinKolarik,0
porsager,0
ArgonAlex,0
dakom,0
AndrewIngram,0.3151
donavon,0
danny-andrews,0
pencilcheck,0
streamich,0
dijonkitchen,0
kenotron,0.2549
cjongseok,0
MattGoldwater,0
anujaware,0
mokevnin,0
dabutvin,0
Slapbox,0
josueduff,0
NikaBuligini,0
lelandrichardson,0.4388
wesrobinson12,0
shashankraider,0
danrot,0
yyx990803,0
mitermayer,0
jieunjieun,0
nstraub,0.3895
operatino,0.1667
evilbs,0.4956
davidatthepark,0
chisler,0
karthikb351,0
devedse,0.4695
hnordt,0
fxfactorial,0
colebowl,0
iansu,0.4873
ssilve1989,0
manikandasankar,0
ksvitkovsky,0
pisrael,0
luixo,0
sammysaglam,0
leidegre,0.2587
montogeek,0.3233
kdr1,0
keyz,0.33
mjomble,0
aaronabramov,0.2692
Landish,0
vivaldoy,0
MAPESO,0
caridy,0
webhat,0
retrocomputist,0
LeoNatan,0
abigsmall,0
Chudesnov,0
phiresky,0
abhishekpathak,0
rscharfer,0
stepancar,0
tai2,0
fmoo,0
samueltthomas,0
harrythedev,0
javache,0
mabounassif,0
gwmccull,0.2574
kivervinicius,0
BenBrostoff,0
codepodu,0
siddharthkp,0.4085
ai,0
AlmeroSteyn,0.3903
timurtu,0
luckydrq,0
dummycode,0
marvinhagemeister,0
vjeux,0.1681
nuragic,0
ccardinaux,0
hamza-openinvest,0
li2go,0
consultwithmike,0
trusktr,0
JonAbrams,0
elijahsmith,0
balloob,0
mariosouto,0
bam,0
sakinac,0
PreciousJeni,0
kastentx,0
JasonEtco,0
pieterv,0.2816
idibidiart,0
mjaltamirano,0
lipis,0
goodwin64,0
Wilfred,0
ddrjm,0
mondwan,0
jordanpapaleo,0.8965
ehellman,0
hikaru-light,0
aspala,0
pingan1927,0.2756
linmic,0
abumalick,0
amberxixi,0
sethkinast,0.1794
danvitoriano,0
xgqfrms-GitHub,0.3927
Timer,0
Flaque,0
himynameisdave,0
dmitriz,0
zack,0
leobalter,0.3177
tomocchino,0.3181
gunn,0
dustin-page,0
rauschma,0
brigand,0.3458
exiadbq,0
lamo2k123,0.5252
jessebeach,0.2588
dylanb,0.2578
pedrottimark,0
bubyday,0
hozefaj,0
radi-cho,0
Jwan622,0
chrisui,0
hanumanthan,0
oguzgelal,0
ehzhang,0
markspolakovs,0
kookiekat,0
vitalets,0
skyline-123,0
ericelliott,0.5066
Offirmo,0
AshebirGetuBelete,0
yasserkaddour,0
maxdeviant,0.3003
rohmanhm,0
wayou,0
liuliangsir,0
wacii,0.351
michax,0
joeldenning,0
aloveb,0
fakkiu,0
ajcumine,0.2886
ivikash,0
huy-nguyen,0
filiphosko,0
rogeliog,0
lavarajallu,0
tlakomy,0.3857
ericsakmar,0
acz13,0
arshabh,0
sunkibaek,0
gadtfly,0
Nikhil22,0
addyosmani,0.3524
ChrisBarthol,0
michael-donat,0
acidsound,0
akshaykmr,0
chyzwar,0
simonbuchan,0
rfreitas,0
miguelcg,0
DavidBachmann,0
stevemao,0
viankakrisna,0
vnctaing,0
zackargyle,0
sungwoncho,0.2696
ptomasroos,0
xtuc,0
beznosd,0
statianzo,0
paulkoegel,0
wking,0
claudiopro,0.4646
valscion,0.4204
dsblv,0.2
davidkorff,0
BDav24,0
philraj,0
DanZeuss,0
xStrom,0
kodram,0
szyablitsky,0
nativedone,0
krinoid,0.3499
albacoretuna,0
lacker,0.3438
anmonteiro,0.3825
petterik,0
danielbraun,0
Rastopyr,0
oscar-b,0
jamesknelson,0
zacbraddy,0
andys8,0
diegomura,0.1941
j0lv3r4,0.343
LeZuse,0
johann-sonntagbauer,0
rohannair,0.254
15828881249,0
DQNEO,0
spences10,0
tomgasson,0
rauchg,0
crosscompile,0
richiethomas,0.4101
dschep,0
justinfagnani,0
treshugart,0
churchie317,0.1754
spen,0
gyfis,0
decadef20,0
zhangyu911013,0
czajkowski,0
Restuta,0
VinSpee,0
karthikchintapalli,0
mitenka,0
kkemple,0
kwonoj,0
gitanupam,0
cn007b,0
agiron123,0
tam-borine,0
davidrbright,0
wmertens,0
charlierudolph,0
tauren,0
dangonzo,0
nitelite,0
mbrookes,0.4684
viebel,0
mathiasbynens,0.3878
vramana,0
fredericmarx,0
khankuan,0
gre,0
hiendv,0
n3tr,0
lucas-aragno,0
notgiorgi,0
mahadehassan34,0
kweiberth,0
gghez,0
JoshuaCWebDeveloper,0
laumair,0.1667
yesmeck,0
paranoidjk,0
johnnyshields,0
camspiers,0
david-mark,0.3704
thisguychris,0
frontsideair,0
brillout,0
zertosh,0.3911
ConnorAtherton,0
ryanflorence,0
btd,0
LinusU,0
Heedster,0
unel,0
sshymko,0
aij,0
VladislavBaranov,0
mdsEu,0
jacmkno,0
mieszko4,0
mattfysh,0
bgirard,0
marcysutton,0
yormi,0
dashtinejad,0.5369
hedgerh,0
ankeetmaini,0.6488
franciscofsales,0
ttsui,0
renderf0x,0
wojtekmaj,0
devtanc,0
samsch,0
jdalton,0.3428
oksas,0
shuhei,0
sdougbrown,0
dhyey35,0.3674
jimbolla,0
alexburner,0
mrscobbler,0.4379
brentvatne,0
jrockwood,0
chicoxyzzy,0.2148
saneyuki,0
singpolyma-shopify,0
goenning,0
ivanzotov,0.4334
remekoh,0
kevinzwhuang,0.1406
cvle,0
rricard,0.3121
lasekio,0.4817
omerts,0.2423
Shahryar27,0
hhhss91,0
SMHFandA,0
rickbeerendonk,0.3145
mkonicek,0
conartist6,0.1963
fcsonline,0.2099
maxired,0
nathansobo,0.351
ericnakagawa,0.3672
rthor,0.1385
goatslacker,0
GantMan,0
wrzasa,0
varjmes,0.4254
localheinz,0
tarjei,0
marciopuga,0
peterbraden-amana,0
elmariofredo,0
Hotell,0
Georgegriff,0
mfijas,0
tae-jun,0
Ragnaroek,0
JamieDixon,0
cmatheson,0
eoin,0
ccoffey,0
steroberts89,0
jamonholmgren,0
davidblurton,0.1429
llimllib,0
teameh,0
aleksey-shmatov,0
robbertbrak,0
orlando,0
suchipi,0
samit4me,0
gaelduplessix,0
optimatex,0
Jiab77,0.1989
timarney,0
aoc,0
pke,0
azizj1,0
JamesDonnelly,0
GIARGIARI,0
olegman,0
megawac,0
ramoona,0
briandeheus,0
jimfb,0.2859
mnpenner,0.2595
andrew-bents,0
wuct,0
nkt,0
mixed,0
aleclarson,0.3212
nikolas,0
martin-svk,0
ZoeBijl,0
yangfan0095,0
GGAlanSmithee,0
shamrin,0
spudly,0
FND,0
pranaygp,0.4415
tomkel,0
coveralls,0.7652
NameFILIP,0
fson,0
gabelevi,0
swarajban,0
SchleyB,0
just-boris,0.2044
evenstensberg,0.4
qiuyuntao,0
SalehHindi,0
millermedeiros,0.1667
rkotze,0
jakepusateri,0
shaneosullivan,0
paulirish,0
pavlelekic,0
beholderrk,0
NestorTejero,0
captainsafia,0
AgtLucas,0
ventuno,0
reaperhulk,0
ArmorDarks,0
RobertKielty,0
faceyspacey,0
bobzhang,0
MatthewHerbst,0.2253
bolinfest,0
troydemonbreun,0.4472
vitkarpov,0
gor181,0
sassanh,0
Montana,0
justingreenberg,0
baer,0
cht8687,0
caub,0
pavlin99th,0
shoo7830,0
g-palmer,0.2487
lynn,0
franjohn21,0
jamesblight,0
jin,0
dozoisch,0
iammerrick,0
denar50,0
mikeappell,0
toddmedema,0
YousefED,0
STRML,0.304
ruiaraujo,0
iangilman,0
btoueg,0
alexzherdev,0.417
sjsyrek,0
catamphetamine,0
vamsi,0
finnigantime,0
cole-sanderson,0
hph,0
hunterhawes13,0
andresgutgon,0
amilajack,0
ksonnad,0
butchmarshall,0
msmania,0
mertkahyaoglu,0.1667
josephsavona,0.2222
scloudyy,0
Hasanul-Hoque2013,0
mikecao,0
usmanajmal,0.2417
EvHaus,0
olov,0
travisbt,0
iclanzan,0
DarylCantrell,0
bvella,0
jedwards1211,0.3655
mslade-vcf,0
moodysalem,0
bochen2014,0
mP1,0
vlucas,0
slmgc,0
brycehanscomb,0
raphaguasta,0
mmcgahan,0
nathanmarks,0
ericf,0
batusai513,0
mariajplmiranda,0
yiminghe,0.4752
pixeldrew,0
griffinmichl,0
zwhitchcox,0.2912
brad-decker,0.3136
hideokamoto,0
alexyuly,0
graue,0.4019
alansouzati,0.4075
tylermcginnis,0
felipethome,0.4273
hkal,0.426
zakrid,0
starkch,0
bodyno,0
Smert,0
git-richard,0
jcfrancisco,0
sotojuan,0
fab1an,0
joeporpeglia,0
joshhunt,0
sashashakun,0.1555
inkinworld,0
segmentationfaulter,0
dennyjun,0
ogom,0
bruderstein,0
philipshurpik,0
andrewimm,0
zarkoselak,0
josipherceg,0
kevinbarabash,0
nfcampos,0.3205
glenjamin,0.4269
jwbay,0
taion,0.4158
stopachka,0
joshduck,0
grahammendick,0
borisyankov,0
darobin,0.3685
fobbyal,0
bruceharris,0
kujon,0
adamryvola,0
alitaheri,0
ankitml,0
raphaelkross,0
ilyagelman,0
ioctaptceb,0
nickjacob,0
arendjr,0.1818
mheiber,0.3223
tnrich,0
chadfawcett,0
grassator,0
MichaelCereda,0
davidaurelio,0.2857
403studio,0
jrowny,0.2667
dabbott,0
kof,0
wollnyst,0
dfrho,0
jayphelps,0
DanielRosenwasser,0.3179
RReverser,0.33
TanaseHagi,0
Yaxian,0
tony99nyr,0
jakeboone02,0
sheerun,0
yanandcoffee,0
lencioni,0
grrowl,0
mereskin,0
jiyinyiyong,0.2129
jzlxiaohei,0
elodszopos,0
carlosbaraza,0
karanthakral,0
yuji0602,0
dmnd,0
andykenward,0
testones,0
germangp088,0
Sumei1009,0
jmm,0.3869
elrumordelaluz,0
salzhrani,0
fibo,0
alexjsdev,0
kennyjwilli,0
IIIIllllIIIIllllIIIIllllIIIIllllIIIIll,0
krolow,0
Bilge,0
mikegreiling,0
Wildhoney,0.4375
gurkerl83,0
jhudson8,0
mondaychen,0
dlong500,0
m4tthumphrey,0.3795
dsifford,0
formido,0
IvanVergiliev,0
TheLudd,0
jeffbski,0.3762
RaitoBezarius,0.2192
puradox,0.3221
gingur,0
mijamo,0
mfunkie,0
micky2be,0
sottar,0
p-jackson,0
rayshan,0.2957
jdlehman,0.1867
cbrwizard,0
bogdanvlviv,0.2302
pavelkornev,0
Bear-Foot,0
bpedersen,0
bradmsmith,0
jdorfman,0
victor-homyakov,0
maherbeg,0
sarbbottam,0
ajgreenb,0
jontewks,0.3687
rgbkrk,0.3168
marcshilling,0
ericmatthys,0.2037
maximus8891,0
iamchenxin,0.2866
terry3,0
omeid,0
mangafas,0
qerub,0
ludvigsen,0.227
NoelBroda,0
vcanales,0
sairion,0.593
eccentric-j,0
everdimension,0
WebReflection,0
rofrischmann,0
cody,0.3903
saifelse,0
camjc,0
swaroopsm,0.3221
uxtx,0
hellosmithy,0
mutley,0
atran,0
jonathanp,0
conorhastings,0
karczk,0
songawee,0
puppybits,0
davidvgalbraith,0
adraeth,0
Andrew8xx8,0
nakazye,0.4164
Zhangjd,0
matthewlooi,0
dortonway,0
MattijsKneppers,0
tmysz,0
csbok,0
Third9,0
translucens,0
jjjjw,0
shogunsea,0.3366
rhinoxi,0
raineroviir,0.2638
JinxiuLee,0
kohashi,0
iawia002,0
rgarifullin,0
speedskater,0
yuanyan,0
timwis,0
vslinko,0.3925
richardscarrott,0
trxcllnt,0
philiptzou,0
stevenvachon,0
axemclion,0
maxmert,0
sebmck,0.3992
winkler1,0
bgw,0.4186
bportnoy,0
chromakey,0
srph,0
iancmyers,0
DominicTobias,0
gfogle,0.3983
pbomb,0
dallonf,0
ndfred,0
lostthetrail,0.2572
davidpfahler,0
shinnn,0
truongduy134,0
abutterworth,0
blainekasten,0.3263
CorainChicago,0
mikeybox,0
RandScullard,0.276
bellostom,0
MarkMurphy,0
piscolomo,0.5427
evcohen,0
ericjim,0
zeke,0
jamesplease,0
chrisbolin,0
nbcraft,0
bhamodi,0.4131
rajatsehgal,0
sercaneraslan,0
danielrussellLA,0
rhys-vdw,0
ianobermiller,0
RoccoC,0
Erid,0
trevordmiller,0
martiros,0
jayarjo,0
mdolbin,0.2128
benmills,0
alunyov,0
vasanthk,0
jacenko,0
michaelgmcd,0.2929
SEAPUNK,0
amelierosser,0
benjycui,0
kayakyakr,0
ara4n,0
atilacamurca,0
afc163,0
fabiomcosta,0.4383
mwiencek,0.4169
alcedo,0
artursgirons,0
meghprkh,0
RochesterinNYC,0
wnr,0
edmellum,0
justo,0
jwworth,0
kumarharsh,0
vitorbal,0
tgandrews,0.2307
ryneeverett,0
hayesgm,0.4527
biglovisa,0
jutaz,0
booleanhunter,0
bouk,0
stefk,0
kolodny,0
dompuiu,0
cerisier,0
thekevlau,0.2396
jnak,0
benjie,0
davidbarton,0
mhart,0.3679
ericclemmons,0
pluma,0.4285
tommoor,0
zramaekers,0
remko,0
twoRoger,0
3den,0.3555
trigun539,0
drabinowitz,0
spiralman,0
stuartsan,0
brianzelip,0
hejld,0.4744
koulmomo,0
marocchino,0.4536
fkling,0
hoodwink73,0
justanman,0
KeweiCodes,0
daukantas,0
phss,0
rppc,0.435
oliverwoodings,0
remojansen,0
martijnrusschen,0
alxndr,0
nickclaw,0
ramiruhayel,0
RaasAhsan,0.4089
kumfo,0
tsongas,0
simonewebdesign,0
yuyokk,0
TechyHouseWife557,0
frzng,0
darul75,0
arkist,0.8658
dalinaum,0
kevinrobinson,0.2873
aantono,0
Download,0
ali,0
krainboltgreene,0
ludovicofischer,0
weaselandfox,0
drdelambre,0
nickbalestra,0
wle8300,0
nottoseethesun,0
SpartaSixZero,0
nickdima,0
enkot,0
romainneutron,0
bcomnes,0.3129
neelance,0
jrforrest,0
lparry,0
wincent,0.25
urbanvikingr,0
jadekler,0
Prinzhorn,0
nLight,0.3925
416serg,0
benigeri,0
afraser,0
line-o,0
tomduncalf,0
WanderWang,0
vnovick,0
MaxPRafferty,0
matthetherington,0
vipulnsward,0.395
matiassingers,0
k-cheng,0
loganhenson,0
lijunle,0
camsong,0.237
xelad1,0
machineloop,0
pnuzhdin,0
janpaul123,0
madjam002,0
dmatteo,0.283
jankuca,0
Ma27,0
jsdf,0
arnihermann,0
davidmason,0.2786
rdquintas,0
chargeOne,0
dgreensp,0
dcousens,0.1429
bspaulding,0
VynceMontgomery,0
RoyMontoya,0
hellendag,0.4452
benjaffe,0
jw-00000,0
andrewsokolov,0
wesbos,0
sgwilym,0
yuzhi,0
youngminz,0
knowbody,0
korczis,0
himkt,0
KevinTCoughlin,0
matchu,0
codesuki,0
laiso,0
sugarshin,0
thorn0,0
oluckyman,0
xmo-odoo,0
katzoo,0
yasaricli,0
mmoss,0.1867
allofthenorthwood,0
iamdoron,0
AnSavvides,0.411
mihaip,0
jiyeonseo,0
lili21,0
wibud,0
zhangjg,0
jeffchan,0.3401
eriklharper,0
Youmoo,0
undernewmanagement,0
mnordick,0
flipactual,0
henrik,0
SpencerCDixon,0
djrodgerspryor,0.1905
tomchentw,0
ianb,0
JaeHunRo,0
lyip1992,0
hakunin,0.25
dvdplm,0
dheuermann,0
AlastairTaft,0
nmn,0.1429
kohei-takata,0.4534
makky3939,0
Torwori,0
jorrit,0
tgriesser,0
ArnonHongklay,0
marcuswhybrow,0
hekar,0
epsitec,0
marjan-georgiev,0
gustavoguichard,0
scgilardi,0
joaomilho,0
matthewborden,0
Alysander,0
KJTsanaktsidis,0
superhighfives,0
jessepollak,0
ccorcos,0
eiriklv,0
irae,0.1429
johnnyreilly,0
thetaxman,0
dittos,0.4014
scottburch,0
okorz001,0
RusAlex,0
thr0w,0
yangmillstheory,0
niole,0.3688
berkerpeksag,0
jaredly,0.3972
maoziliang,0
troutowicz,0.2857
netergart,0
rtfeldman,0.4346
garbles,0
ha404,0
alkhe,0
jbonta,0
cesarandreu,0
subtleGradient,0.2911
tholapz,0
mikrofusion,0
drojas,0
steveorsomethin,0
mathieumg,0.3709
drd,0
leolannenmaki,0
jlongster,0
richardaday,0
priyatham-aps,0
dieppe,0
adelevie,0.2322
dariocravero,0
rwoodnz,0
fredericksilva,0
janraasch,0
jscheel,0
jas14,0
DarkScorpion,0
restlessdesign,0
atrauzzi,0
andreypopp,0.3778
aruberto,0
ksmithbaylor,0
battaile,0
dpercy,0
gyzerok,0
jisaacks,0.3688
jstoja,0
johanneslumpe,0.1769
bryanbraun,0
lhausermann,0
abhilashsajeev,0.2207
nicolasbrugneaux,0
ziahamza,0
geoyws,0
lukehorvat,0
prathamesh-sonpatki,0
magsout,0
jmarceli,0
cristovaov,0
mking,0
sslsunvi,0
revolunet,0
basarat,0
davemeetsworld,0.2365
jamischarles,0
BerkeleyTrue,0
nickhudkins,0
Charca,0
mcdonnelldean,0
luisfarzati,0
gnapse,0
manonthemat,0
mirague,0
renolc,0
cia48621793,0
juanecabellob,0
jaylinwang,0
UnnitMetaliya,0
jamesfulford,0
phated,0
JerrySievert,0
shama,0
gdtrice,0
hesselink,0
kebot,0
bsansouci,0
neojski,0.422
samwgoldman,0
pwmckenna,0
eplawless,0
framp,0.1838
kulicuu,0
jrobison153,0.1882
gavriguy,0
swannodette,0.4173
mweststrate,0
TimDaub,0
joshhornby,0
dmitry,0
tomazahlin,0
wali-s,0
togakangaroo,0
garethnic,0
chaseadamsio,0
MoOx,0
84564221,0
vicapow,0
ddneat,0
melwinVincent,0
leftdevel,0
murashki,0
devknoll,0
petehunt,0.187
levibuzolic,0.2
HurricaneJames,0.3604
masterfung,0
byroot,0
alexpien,0
meatballhat,0
fliptopbox,0
taiansu,0
jhicken,0
sejoker,0
alexkirsz,0
reedloden,0.2639
nemoDreamer,0
anyong,0
JimBobSquarePants,0
jonscottclark,0
frostney,0
caike,0
kassens,0
mjurczyk,0
natew,0
ibrahima,0
cycomachead,0
fa7ad,0
sumnulu,0
skiano,0
azproduction,0
scottnonnenberg,0
emptyemail,0
guybenron,0
tobia,0
theseyi,0
yukinying,0.3992
mindplay-dk,0
Ciantic,0
ivan-kleshnin,0
four43,0
JedWatson,0
robertknight,0
rohozhnikoff,0
timbur,0
mariodu,0.4022
colinmegill,0.3361
ryan-roemer,0
msikma,0
alexgorbatchev,0
cmwelsh,0
jokeyrhyme,0
jamesgpearce,0
dqdinh,0
nijikokun,0
zhech2,0
StevenLangbroek,0
supernintendo,0
James-Dunn,0
tonyspiro,0
sumbach,0
hbrls,0
koistya,0
jonchester,0
agelter,0
Pouja,0.535
pirate,0
gilbox,0
fourcolors,0
AoDev,0
danielearwicker,0
ariabuckles,0.3431
bunnyc1986,0
vsiao,0.2378
jonhester,0.1755
coliff,0
dapetcu21,0
akre54,0.3372
aaronshaf,0
chrisirhc,0
nathancahill,0
darcyadams,0.2016
MattKunze,0
amykyta,0
TrySpace,0
disjukr,0
AiOO,0
yeun,0
jisunjessica,0
Kroisse,0
toughrogrammer,0
AlexKVal,0
banderson,0
jongold,0
neverfox,0
59naga,0
benekastah,0
streeter,0
SanderSpies,0.3797
konklone,0
oiva,0
FoxxMD,0
hmarr,0
pletcher,0.4128
brianpchsu,0.3971
briankung,0
jasom,0.3982
Vijar,0
pablinos,0
dsteinbach,0
eneriberri,0
syrusakbary,0
phillbaker,0
CodyReichert,0
WickyNilliams,0.296
mdaverde,0
martinstein,0.3328
iam4x,0
tehp,0
btholt,0
jeffmo,0.3576
charlieschwabacher,0
brianleroux,0.3132
ForbesLindesay,0
mgutz,0
ClimbsRocks,0
jareware,0
jergason,0
smonev,0
benmoss,0
kevinold,0
JoelOtter,0
swestwood,0
andrew-d,0
eliseumds,0
shaunbent,0
tendant,0
cedrics,0
message,0
masylum,0
ryanseddon,0.3054
kilometers,0
awwright,0.2167
Nevraeka,0
stkb,0
huang47,0
jasonLaster,0
ryanzec,0.3317
pspeter3,0.2526
glenpoaada,0
RichardLitt,0
AndrewRayCode,0
tcoopman,0.3322
af,0
jasonwebster,0
romanmatiasko,0
cookfront,0
xincici,0
jbhatab,0
rafd,0
colindecarlo,0
RileyTomasek,0
samccone,0.2812
aackerman,0
mhuggins,0
solussd,0
liammaier,0
ashtuchkin,0
BinaryMuse,0
dsander,0
ChrisBland,0
msujaws,0
zigomir,0
christianalfoni,0
ikr,0
isaiah,0
RP-3,0
salehe,0
Shahor,0
nevernormal1,0
den1k,0
justinwoo,0.2938
spencerhandley,0
zachasme,0
LeonFedotov,0
Peeja,0
mjul,0
TJZenkai,0
shripadk,0
ThomasCrevoisier,0.282
worklez,0
krawaller,0
flying-sheep,0
b5,0
CosticaPuntaru,0
dustingetz,0
peteruithoven,0
ahdinosaur,0
hoytech,0
jimjea,0
LoukaN,0
plaxdan,0
jenshz,0
totty90,0
lrowe,0.2628
pedronauck,0
stephenjudkins,0
cirocosta,0.3208
nelix,0
dujuanxian,0
jgable,0
jenil,0
2color,0
zmsmith,0
fisherwebdev,0.3614
pvenkatakrishnan,0
pablolmiranda,0
v9n,0
iepathos,0
gurdasnijor,0
guidobouman,0.2946
jordwalke,0.3593
polkovnikov-ph,0
Venryx,0
sonaye,0
magrinj,0
jsu93,0
heydenberk,0
silver83,0
mtsyganov,0.4819
mhintz,0
audreyt,0
L8D,0
imcotton,0
nickmerwin,0
jonasi,0
deadlyicon,0
fitzgen,0
contra,0.3907
daniellewissc,0
julen,0.3968
giantelk,0
rexxars,0
michaelrp,0
ChrisSki,0
crm416,0.5428
erikbrannstrom,0.2645
mkreidenweis,0
Coobaha,0
vanwagonet,0
philix,0
Autarc,0
pekim,0
pierluigi,0
antikus,0
ghost23,0
earlonrails,0
samselikoff,0
jaketrent,0
igorklopov,0
pamelafox,0
jimobrien,0.2382
cutbko,0
karlmikko,0
evangoer,0
thauburger,0
jefffriesen,0
euforic,0
stuarts,0
mathieuancelin,0
futurechan,0
kristianmandrup,0
molst,0
DimitryDushkin,0
opichals,0
luofnyga,0
fgnass,0.3241
longlho,0
garrensmith,0
amm385,0
enguerran,0
rstacruz,0
merriam,0.2629
avanderhoorn,0
remixz,0.2778
volkanunsal,0
gasi,0.4262
Enome,0
fxxkscript,0
eins78,0
jonase,0.2433
RobertWarrenGilmore,0
jboolean,0
jgebhardt,0
Bobris,0
Tvaroh,0.2625
protron,0
cassus,0
whatthejeff,0
jonathan-beebe,0
jmcriffey,0
constantx,0
amsul,0
nullobject,0.2148
brandonbloom,0.1667
mcwhittemore,0
dblandin,0
ToucheSir,0
popham,0.2113
gilbert,0
eddhannay,0
barnabyc,0
gscottolson,0
piranha,0.3774
callmevlad,0
fleaflicker,0
pedroteixeira,0.4149
joshma,0
gebrits,0
Raynos,0.3373
danielschonfeld,0.4084
sunnyrjuneja,0
kramerc,0.4012
bmeck,0
brianreavis,0
sabeurthabti,0
benatkin,0
eskimor,0
Jxck,0
julianlconnor,0
hendrikswan,0.4327
mitar,0
sahat,0
yazaddaruvala,0
joelburget,0
jkimbo,0
steida,0.2536
matthewoates,0
saschanaz,0
zoomclub,0.169
zichun,0
marcinkwiatkowski,0
mulderp,0
DveMac,0
matthewwithanm,0.3607
kmeht,0
andygeers,0
thomasboyt,0.3526
MarkNijhof,0
ugin,0
markijbema,0.2222
kossnocorp,0
stevoland,0
niki4810,0
justinj,0
jmingov,0
fxbois,0
marcins,0
magalhas,0
dhruvbhatia,0
stephenhandley,0
rcs,0
fforw,0.3362
freiksenet,0
actionnick,0
LilyMGoh,0
percyhanna,0.2965
kendagriff,0
LBRapid,0
parshap,0
brianblocker,0
Rob-pw,0
dashed,0
evanc,0
tmcw,0
jbrantly,0
dzannotti,0
sathify,0
alancmclean,0
c0b41,0
anaibol,0
martinandert,0
shauntrennery,0
EtienneLem,0
forresto,0
nadeesha,0
bripkens,0.439
jjt,0.381
johnthethird,0.3286
dazld,0
bobeagan,0
glenn-murray-bse,0
aymanosman,0
jeberly,0
jordanstephens,0
xpe,0
sahas-,0
Tectract,0
OR13,0
maxfriedmann,0
mikeesouth,0
newswim,0
kyletaylored,0
wbowers-coursera,0
jeanlauliac,0
mcsheffrey,0.2953
Cartas,0
jhiswin,0.1667
seidtgeist,0
brycekahle,0.4005
Frozenlock,0
yayitswei,0
JustinTulloss,0
andrewdavey,0.3568
jbaiter,0
prabirshrestha,0
martinklepsch,0
fernandoacorreia,0
the-kenny,0
radebrecht,0
mohnish,0
Kureev,0
korbin,0
wereHamster,0
carlmw,0
awei01,0
hariharan-uno,0
ericflo,0
grncdr,0
xixixao,0.2314
mtharrison,0
dizzy0ny,0
passy,0
joeyyang,0
caseywebdev,0
chikamichi,0
martynsmith,0
jessep,0
flashjames,0
gerred,0
bradparks,0
ghostandthemachine,0
MalucoMarinero,0
i8ramin,0
adjohu,0
stolinski,0
hojberg,0.2853
thSoft,0
mikemorton,0
ivan,0
brainkim,0.2926
mccutchen,0
Zinggi,0
super-cache-money,0
cezary,0
bitshadow,0
luigy,0
loganallenc,0
ul,0
squidsoup,0
quark-zju,0
nicholasbs,0
bricooke,0
epriestley,0
youngjay,0
davidhellsing,0
levi,0
tommyh,0
weiribao,0
pgherveou,0.4573
krsmedlund,0
brianr,0.1701
ssorallen,0
akeelnazir,0
Samangan,0
nilliams,0
danielmiladinov,0
brettahale,0
toddself,0
jtmalinowski,0
tomelm,0
dillonforrest,0
bitmage,0
mhlmhl,0
clayallsopp,0.1877
pcottle,0
jlfwong,0
hugo,0
paulshen,0
jeffreylin,0.1329
kirbysayshi,0
ashwinb,0
ngavalas,0
seiffert,0
rnd174,0
asbjornenge,0
martinbean,0.2
lguzzon,0
xcambar,0
christianroman,0
