author,percentage
lutherjm,0.9846
kperryua,0.9819
fjricci,0.9621
pschuh,0.9491
marcrasi,0.9361
jmolloy,0.9333
burmako,0.9322
xymus,0.9261
sl,0.9014
DexinLi,0.9
bgogul,0.8955
bartchr808,0.8848
Rostepher,0.8758
dan-zheng,0.8685
scallanan,0.8664
davidungar,0.866
rxwei,0.865
ahoppen,0.8626
swift-ci,0.8582
mikeash,0.8541
nathawes,0.8536
yln,0.8511
practicalswift,0.8503
nate-chandler,0.8491
nkcsgexi,0.8483
huonw,0.8472
ebainville,0.8411
kubamracek,0.8367
trentxintong,0.8318
alblue,0.8307
lancep,0.81
erg,0.81
BenchR267,0.8082
zisko,0.8051
swiftix,0.8026
krilnon,0.8
LaurentMazare,0.8
phausler,0.799
ikesyo,0.7956
ChrisBrough,0.7917
anemet,0.7826
rintaro,0.782
mwwa,0.7817
ematejska,0.7812
ravikandhadai,0.7764
slavapestov,0.775
graydon,0.7679
weissi,0.7668
shajrawi,0.7668
aschwaighofer,0.7665
natecook1000,0.7641
rudkx,0.7625
tbkka,0.7584
alexshap,0.7576
cheshire,0.756
bcardosolopes,0.7436
compnerd,0.7354
ktopley-apple,0.7326
devincoughlin,0.7314
bitjammer,0.7247
adrian-prantl,0.7174
benlangmuir,0.7147
stephentyrone,0.7136
Catfish-Man,0.7127
DougGregor,0.7122
tkremenek,0.7095
airspeedswift,0.7085
atrick,0.7076
davezarzycki,0.7041
jasonmolenda,0.7041
jckarter,0.7036
AnnaZaks,0.7032
itaiferber,0.6947
Gankro,0.6931
lorentey,0.6914
eeckstein,0.6912
egranata,0.6882
milseman,0.6851
Yongjin0919,0.6835
najacque,0.6812
harlanhaskins,0.6776
rjmccall,0.6772
xedin,0.6753
moiseev,0.6747
brentdax,0.6735
bendjones,0.6667
eliperkins,0.6667
vedantk,0.6625
hughbe,0.6589
kevints,0.6556
gparker42,0.6547
lplarson,0.6531
gwynne,0.6518
hyp,0.6479
cooperp,0.6443
briancroom,0.6439
lanza,0.6427
amartini51,0.6424
akyrtzi,0.6418
yasserdeceukelier,0.6394
dcci,0.634
gregomni,0.6256
vgorloff,0.6251
jopamer,0.6149
Fidetro,0.6148
gottesmm,0.6081
gamabuntan,0.6051
dabrahams,0.6049
mhong,0.6048
samding01,0.5983
michael-lehew,0.5978
sarveshtamba,0.5974
nadavrot,0.5949
shahmishal,0.5927
llvm-beanz,0.5781
SusanDoggie,0.5745
gooichi,0.5721
PatrickPijnappel,0.567
gribozavr,0.5642
cwakamo,0.5639
mike-ferris,0.5621
hitstergtd,0.5562
ddunbar,0.5542
njjiang,0.5494
levivic,0.5462
tfiala,0.5413
kstaring,0.5303
tattn,0.5301
CodaFi,0.5292
colinhowell,0.5224
parkera,0.5221
seabaylea,0.5193
mtake,0.5182
agnosticdev,0.5178
bob-wilson,0.5147
jrose-apple,0.511
JDevlieghere,0.5066
mxswd,0.5054
futurejones,0.5015
cwillmor,0.4948
jekbradbury,0.4902
sgugger,0.4901
hartbit,0.4841
return,0.4825
palimondo,0.4818
pvieito,0.4818
johnfairh,0.481
linqingmo,0.4797
gmilos,0.4731
realdoug,0.4721
naru-jpn,0.47
delcypher,0.4684
mundaym,0.4682
JGiola,0.468
jtbandes,0.4676
aroben,0.4634
vivkong,0.4618
aleksgapp,0.4615
codestergit,0.4615
KrishMunot,0.4608
romanroibu,0.4596
mattrajca,0.4584
robinkunde,0.456
gabrielPeart,0.4552
frootloops,0.4547
arguiot,0.4529
MaxDesiatov,0.4524
dexonsmith,0.4513
dabelknap,0.4498
spevans,0.4477
matthewcarroll,0.4476
lhoward,0.4471
smeenai,0.446
Kacper20,0.4455
xwu,0.4447
russbishop,0.4439
marcelofabri,0.4431
emilstahl,0.4431
Nirma,0.443
drodriguez,0.4421
tanmayb123,0.4397
alexwlchan,0.4393
tienex,0.4382
Gumichocopengin8,0.438
xiaobai,0.4375
lattner,0.4348
ken0nek,0.4343
KingOfBrian,0.4338
colemancda,0.4322
anayini,0.4321
froody,0.4318
uraimo,0.4304
nakeep,0.4304
Cbieniak,0.4302
gmittert,0.4298
zwaldowski,0.4298
nuclearace,0.4294
DevAndArtist,0.4268
tkrajacic,0.4253
joewillsher,0.4248
dingobye,0.4235
kelvin13,0.4231
rposts,0.4207
Moximillian,0.4201
khanlou,0.4187
bjhomer,0.4173
johnlui,0.417
aciidb0mb3r,0.4167
jakepetroules,0.415
danielmartin,0.4134
manavgabhawala,0.4129
chriseidhof,0.4124
ben-ng,0.4113
Bernard-Bernie-Sanders,0.4107
jtkeeling,0.4101
tdimeco,0.4097
djwbrown,0.4096
fredriss,0.4094
masters3d,0.4093
takecian,0.4089
BrandonMathis,0.408
vicky002,0.4052
dgrove-oss,0.4024
jimingham,0.4005
omochi,0.4003
jpsim,0.4002
ezephir,0.4001
cielavenir,0.4
jder,0.3998
garyliu1,0.396
mdiep,0.3954
an0,0.3953
Jumhyn,0.3939
pitiphong-p,0.3939
ianpartridge,0.3931
OscarSwanros,0.3916
d-ronnqvist,0.3904
hooman,0.39
millenomi,0.3892
Kaiede,0.3891
paulofaria,0.3888
tanadeau,0.3887
Mitame,0.3883
therealbnut,0.385
drewcrawford,0.3849
SquaredTiki,0.3848
JaSpa,0.3828
clackary,0.3826
orent,0.3804
zbowling,0.3803
Goles,0.3801
LEOYoon-Tsaw,0.3798
keith,0.3797
ole,0.3795
bogner,0.3789
dplanitzer,0.3771
TheOtherDave,0.3769
mortenbekditlevsen,0.3764
bryanpkc,0.3751
johnspurlock,0.3733
technicated,0.373
wokalski,0.3722
bielikb,0.3716
ArtSabintsev,0.3714
oblitum,0.3708
danra,0.3705
13rac1,0.3702
carlos4242,0.3683
kud1ing,0.3661
adrfer,0.364
modocache,0.3626
BalestraPatrick,0.3617
ultramiraculous,0.3611
weliveindetail,0.3606
allevato,0.3602
vguerra,0.3601
MichaelBuckley,0.3598
theblixguy,0.3556
q2r5,0.3548
timbodeit,0.3538
panzarino,0.3509
mko-io,0.3479
FlexMonkey,0.3475
kitasuke,0.3463
sparkasaurusRex,0.3462
kastiglione,0.3449
felix91gr,0.3445
mohitathwani,0.3438
jshier,0.3424
RLovelett,0.3408
tjw,0.3392
AlexDenisov,0.3369
Azoy,0.3361
hpux735,0.3341
KamranMackey,0.3338
AndrewSB,0.3328
NachoSoto,0.332
antonblanchard,0.3317
GuillaumeBibaut,0.3304
estan,0.3296
tapthaker,0.3295
IngmarStein,0.3294
paulyoung,0.3287
ghost,0.3263
rockbruno,0.3261
PhilArmstrong,0.3258
plotfi,0.3243
RUSshy,0.3239
louisdh,0.3222
jrtibbetts,0.3222
DavidGoldman,0.3217
timvermeulen,0.3211
LucianoPAlmeida,0.32
benrimmington,0.3196
troughton,0.3193
adamshin,0.3167
das,0.3149
glessard,0.3136
rajbarik,0.3126
Coeur,0.3125
dduan,0.3119
jutaz,0.3101
tarunon,0.3097
jdfweb,0.3077
jsjohnst,0.3065
ffried,0.306
rahul-malik,0.3058
ephemer,0.3055
nsalmoria,0.3051
korli,0.2969
nafu,0.2943
hamishknight,0.294
karwa,0.2911
ahti,0.2899
shawnce,0.2899
lilyball,0.2898
gspiers,0.288
norio-nomura,0.2863
JaviSoto,0.2842
marcusrossel,0.2836
austinzheng,0.2835
tinysun212,0.2826
zayass,0.2826
zneak,0.2821
Jnosh,0.2821
carlbrown,0.2748
amraboelela,0.2733
erica,0.2728
vsapsai,0.2696
mxcl,0.2672
mackoj,0.2667
flyin1600,0.2644
eaplatanios,0.2615
emish,0.2605
Bouke,0.2603
danielctull,0.2595
azdavis,0.2593
ymanton,0.2548
orakaro,0.2522
AdamHess,0.2511
ansimita,0.25
AnthonyLatsis,0.2424
mkchoi212,0.2422
tokorom,0.2415
billabt,0.2401
groue,0.2371
alper,0.2296
czechboy0,0.2286
nerdsupremacist,0.2277
johnno1962,0.2268
udp,0.2237
jeremyhu,0.2189
frogcjn,0.2183
dmbryson,0.2113
neilkimmett,0.2112
amackworth,0.2073
radex,0.2024
shahzadlone,0.2
stefanstefan2001,0.2
landonf,0.1984
cnd,0.1923
nordicio,0.188
iachievedit,0.1873
yurikoles,0.1857
Fruneau,0.1799
bdash,0.1621
MagaTailor,0.1558
gonzalolarralde,0.1444
saeta,0.1429
DaKnOb,0.1429
author,0
srcmake,0
porglezomp,0
buttaface,0
Shashi456,0
owenv,0
lukereichold,0
PFCAwesome,0
jansvoboda11,0
dmcyk,0
LiuDeng,0
Robuske,0
ksasi,0
bartimus-primed,0
brettkoonce,0
Dellybro,0
danliew-apple,0
Valpertui,0
Sajjon,0
jph00,0
tanner0101,0
SHAGO7932,0
WNoxchi,0
openloop,0
kiliankoe,0
Qbyte248,0
xeno-by,0
dave-fernandes,0
turbolent,0
sendilkumarn,0
ergunkocak,0
stmontgomery,0
xcadaverx,0
ktoso,0
mattpolzin,0
rex4539,0
pointum,0
nico,0
bannzai,0
dlindenkreuz,0
magauran,0
numist,0
paulmillr,0
adamnemecek,0
dennisvennink,0
coypoop,0
Toma91,0
iRayanKhan,0
dnadoba,0
tfpauly,0
dlbuckley,0
jfbastien,0
dominikgrewe,0
helje5,0
modelorganism,0
vinivendra,0
JunyuKuang,0
zetasq,0
rob-keepsafe,0
rnk,0
andreanmasiro,0
benasher44,0
mzp,0
Tiza59,0
daniel-grumberg,0
zx2c4,0
johndpope,0
kchibisov,0
Devu45,0
kniazik,0
orchetect,0
Stoff81,0
couchdeveloper,0
clayellis,0
tinder-garricnahapetian,0
maniramezan,0
m3bm3b,0
spencerkohan,0
fedetrim,0
frogg,0
ImanX,0
Jceciliani,0
zoul,0
Jan361,0
Dante-Broggi,0
asowani,0
stephan-tolksdorf,0
wickwirew,0
nh7a,0
ravitripathi,0
Lascorbe,0
samskiter,0
koher,0
hashemi,0
ChristopherRogers,0
ekscrypto,0
linhcn,0
Mazyod,0
creaaa,0
krypt-lynx,0
TofPlay,0
mtfourregp,0
robertjpayne,0
lynnleelhl,0
afshinpir,0
onevcat,0
DanielAsher,0
IOOI-SqAR,0
rayfix,0
morozkin,0
acecilia,0
Julcompa,0
darquro,0
bruno-rocha-movile,0
albinekcom,0
Vercantez,0
stephencelis,0
polac24,0
d-date,0
Kazutaka333,0
CTMacUser,0
Keno42,0
tellowkrinkle,0
DylanLukes,0
Letanyan,0
jeis2497052,0
ryanmaxwell,0
kdawgwilk,0
langford,0
deepeshwp,0
5at5ish,0
lhames,0
MrMage,0
sirlantis,0
kasei,0
thegameg,0
ezura,0
suiody,0
LongiBigage,0
chuganzy,0
paulmenage,0
cachemeifyoucan,0
sashabelonogov,0
arnavb,0
otex,0
gcasa,0
willclarke,0
zflamig,0
antonmes,0
coyo8,0
ajfigueroa,0
tiagomartinho,0
mnvr,0
PaulTaykalo,0
guest10024,0
KeithErmel,0
jessesquires,0
CharlesJS,0
mbaranowski,0
MEnnabah,0
sherbinyk,0
tishansteve,0
dabutvin,0
willtellis,0
ob,0
gibachan,0
martinr448,0
daniel-beard,0
deyton,0
brianlheim,0
Tarunadityaselva,0
tiferrei,0
kylebshr,0
djones6,0
AnshulYADAV007,0
koogawa,0
ZhengShouDong,0
cardoso,0
regexident,0
Nelyus,0
AlexeyDemedetskiy,0
gistya,0
mlehew,0
acpopescu,0
inamiy,0
julien1619,0
JohanDufau,0
echaddock,0
JohnEstropia,0
michael-yuji,0
solidcell,0
LuizZak,0
nullpixel,0
Pre1,0
greglutz,0
Dimillian,0
bubski,0
garricn,0
vmanot,0
sonnytron,0
haywire0211,0
mbrickn,0
med69,0
chrisamanse,0
neonichu,0
segiddins,0
AnthonyMDev,0
patchthecode,0
ahyattdev,0
capnslipp,0
tonisuter,0
oden,0
proydakov,0
samirGuerdah,0
calebd,0
szotp,0
hlovatt,0
lupinglade,0
mcmurrym,0
toffaletti,0
dgregor,0
keitaito,0
gverdouw,0
jmgc,0
erikjv,0
mmattioli,0
micahhainline,0
non-binary,0
nnsnodnb,0
regnerjr,0
dtorres,0
MatzeB,0
s1ddok,0
matthewvermaak,0
e78l,0
thomasbarwanitz,0
igordonxiao,0
Aghassi,0
remekoh,0
im-vaibhav,0
7NGU,0
mominul,0
vitalyster,0
auswahlaxiom,0
hffmnn,0
clearbrian,0
superarts,0
paulrolfe,0
thaolinh,0
nighthawk,0
SlaunchaMan,0
medampudi,0
banxi1988,0
king7532,0
adelang,0
myfreeweb,0
nether-cat,0
sigito,0
AquaGeek,0
hkareemllc,0
nathanhosselton,0
bryongloden,0
ronak2121,0
hexdreamer,0
MnO2,0
araykopotay,0
dmc1979,0
DaveLiu888,0
TechyPeople,0
joker-eph,0
jlandon,0
esetnik,0
BasThomas,0
hfossli,0
JadenGeller,0
mjmdavis,0
exalted,0
abl,0
jhribal,0
rsfinn,0
ak3n,0
KrisMarko,0
mattgallagher,0
YosephHaryanto,0
jamala,0
shotat,0
kuzi117,0
banjun,0
wheerd,0
zanderzhng,0
dcartman,0
dunkelstern,0
cocoacoder,0
xhpwn,0
kurisubrooks,0
filmhomage,0
nubbel,0
ramsedsay,0
ruscur,0
dakeshi,0
koke,0
marksands,0
nickoneill,0
ejohnsonw,0
mattyohe,0
antonvmironov,0
danielgindi,0
PiersonBro,0
Kametrixom,0
wxxsw,0
gauravk92,0
Reflejo,0
owensd,0
Togira,0
aassss,0
J-Bobb,0
juanruizcasas,0
MatejLach,0
jansabbe,0
fluidsonic,0
robrix,0
rnapier,0
jvasileff,0
benshan,0
mattdaw,0
greg,0
tenderlove,0
0xc010d,0
andriichernenko,0
julasamer,0
martijnwalraven,0
neilpa,0
valfer,0
stigi,0
tmu,0
adocyn,0
alvarhansen,0
danieleggert,0
zeeshankhan,0
diogoAntunes,0
jcnm,0
leogiertz,0
Geforce8472,0
naoyashiga,0
kazzmir,0
videmort,0
meadori,0
MarcSteven,0
OktayGardener,0
damuellen,0
1ace,0
avaidyam,0
DCRichards,0
unsign3d,0
b3ll,0
pbassut,0
domdomegg,0
JesseScott,0
pklebba,0
airingursb,0
zky001,0
daemonchen,0
au5ton,0
phasuksmit,0
jblorenzo,0
GreyEcologist,0
rileytestut,0
zakrid,0
freak4pc,0
kleinlieu,0
wx-chevalier,0
lovemo,0
kiban18,0
vapor99,0
Ir1d,0
wangxuguo,0
kewang,0
cHaLkdusT,0
meeDamian,0
JingweiWang,0
yichengchen,0
nolim1t,0
consbulaquena,0
nishantpractoios,0
AlwaysTyping,0
rafaelwkerr,0
conqueror,0
shige0501,0
swiftc-org,0
Geno1024,0
dodola,0
AniOSDeveloper,0
ray26,0
andrekandore,0
justinoboyle,0
otymartin,0
chenp-fjnu,0
refinedKing,0
stevepeak,0
cellularmitosis,0
n8gray,0
peterfriese,0
takebayashi,0
rtreffer,0
tinysolver,0
denisvnukov,0
mteper,0
lroseblade,0
pushkarnk,0
smikes,0
es-kumagai,0
MacMeDan,0
nonsensery,0
raylillywhite,0
mayurkr,0
eschaton,0
Moonisky,0
kostiakoval,0
xtravar,0
kovpas,0
mren2,0
ogres,0
florianreinhart,0
C0deH4cker,0
thel3l,0
lunaroyster,0
phlebotinum,0
pahmed,0
falcon03,0
zerotypos-found,0
datwelk,0
mrazam110,0
rgomoliako,0
EliaCereda,0
gauravds,0
adtrevor,0
k8stone,0
jinmingjian,0
bolshedvorsky,0
hvy,0
BurntCaramel,0
StevenMaude,0
tysun,0
kashRaja,0
wsanchez,0
glyph,0
johnantoni,0
getaaron,0
zwang,0
scanf,0
pramodsharma403,0
hakusaro,0
salutis,0
RajkumarPunchh,0
parinyaprasatsan,0
xenyal,0
zmiecer,0
danieldiekmeier,0
tbartelmess,0
hiragram,0
mrecachinas,0
insha,0
orobio,0
urbaniak,0
dowobeha,0
katzenbaer,0
hamin,0
Undo1,0
153957,0
JrGoodle,0
TomasLinhart,0
keon,0
yas375,0
caitp,0
diejmon,0
flying-sheep,0
liambutler-lawrence,0
jawwad,0
phimage,0
neko,0
nikita-leonov,0
landaire,0
Inari-Whitebear,0
batmuffino,0
nbulous,0
beren12,0
kmonsoor,0
stevenschmatz,0
krzyzanowskim,0
mattt,0
colinta,0
qoobi,0
IngCr3at1on,0
bdunlay,0
cbrentharris,0
thawkins,0
liangdzou,0
shimesaba9,0
mohammadg,0
OskarStark,0
davidcbilas,0
zygoat,0
mightydeveloper,0
anushil05,0
Jaxan,0
monicasoni,0
przybylski,0
peterkellyonline,0
tangentfairy-zz,0
Shirk,0
s3itz,0
clooth,0
ashfurrow,0
swizzlr,0
cannyboy,0
jordanekay,0
pilky,0
Rosyna,0
bprzemyslaw,0
hirad,0
steveklabnik,0
c9n,0
boolean93,0
moiling,0
Orange-W,0
FighterRay,0
TroutZen,0
dbworku,0
SkateLiu,0
sdulal,0
chrislloyd,0
T-Pham,0
snatchev,0
Haroenv,0
jordanhubbard,0
kentya6,0
jonnyla,0
mattdelves,0
balajipandian,0
iosdv,0
MathiasPaumgarten,0
ivenesco,0
JHoloboski,0
thanegill,0
fuxx,0
aviflax,0
rgrinberg,0
hamzasheikh,0
papertigers,0
stass,0
her,0
ssuchanowski,0
wadestuart,0
tmandry,0
alanmcgovern,0
brks,0
qorcjftns,0
asumaran,0
AndreasPrang,0
bbashy,0
noamtamim,0
iKevinY,0
adityatrivedi,0
MosheBerman,0
phroggyy,0
codykrainock,0
JasonGallagher,0
ksaldana1,0
al45tair,0
apocolipse,0
marlonandrade,0
robertrossmann,0
renlongyu,0
iAlexander,0
XBeg9,0
stuarthannig,0
Leandros,0
jetpacmonkey,0
davidcelis,0
LinusU,0
rootedbox,0
bawangxx,0
jessethegame,0
ezfe,0
zzarcon,0
jorng,0
alfwatt,0
glittershark,0
vamsi,0
vocaro,0
kylef,0
kkirsche,0
jhersh,0
thmartin,0
arelenglish,0
lemonkey,0
wademauger,0
kristenmills,0
ethanjurman,0
evgenyrodionov,0
paulbailey,0
lucastorquato,0
JRJurman,0
craigcabrey,0
carterbuce,0
Rumel,0
kocsenc,0
computermatt,0
hepin1989,0
Danappelxx,0
schwa,0
mooman219,0
iconmaster,0
amro,0
bclymer,0
mrmacbob,0
jeremytregunna,0
connorshea,0
jamesbascle,0
FeliciousX,0
digitalcosmos,0
stennettm,0
jasarien,0
Knight1,0
cman131,0
madrobby,0
CastIrony,0
coolstar,0
ArseniyShestakov,0
leonaves,0
FranciscoE-Hudl,0
johan-bjareholt,0
jterhorst,0
joshmanders,0
RX14,0
jhollida24,0
nkcmr,0
Techcable,0
andrewthetechie,0
jakesays-old,0
vivekseth,0
JiriTrecak,0
carrchr,0
kindraywind,0
dlo,0
incanus,0
jemmons,0
duel007,0
n1k0,0
miko007,0
nootrope,0
xforever1313,0
destan,0
bumbadadabum,0
BergQuester,0
xfix,0
mtwilliams,0
stal888,0
smy2748,0
darkstalker,0
jhudsonWA,0
ebfio,0
arxpoetica,0
mglinski,0
freerunnering,0
Benjin,0
atmaxinger,0
kellenfujimoto,0
DanielleGonzalez,0
Xaekai,0
schipplock,0
gtcarlos,0
nihilist,0
mikesanderson,0
ivodopiviz,0
tejasmanohar,0
Zolnoor,0
djrenren,0
alejandroschmechel,0
gritt,0
waldemarnt,0
shockkolate,0
TuckerBMorgan,0
tervay,0
sinoru,0
choikwa,0
dualmoon,0
jakibaki,0
tcr,0
Dogild,0
mcloide,0
kelvinlauKL,0
ScottehMax,0
Calinou,0
emsquared,0
nabijaczleweli,0
gdaunton,0
dvbportal,0
BirknerAlex,0
RyanCopley,0
jock-tanner,0
ColdSauce,0
SamBellerose,0
radianttap,0
rtasson,0
revmischa,0
cryham,0
wodim,0
hauleth,0
murdocdv,0
unsignedzero,0
thagabe,0
fami-com,0
willfaught,0
onlurking,0
biouxtai,0
pixelbender,0
andrewpage,0
GeoffreyVDB,0
PavloVasylchenko,0
ryanprimeau,0
LtPinback,0
ErikBjare,0
Atalanttore,0
rogergzou,0
ngie-eign,0
jonobrien,0
EvelynSubarrow,0
B3rry,0
Dowwie,0
iataylor,0
dchacke,0
trinitron83,0
pizzamaker,0
chrisbutcher,0
linl33,0
ihaveamac,0
mk0x9,0
puminya,0
konimex,0
byennen,0
Dragnucs,0
sercankd,0
IBPX,0
rclarke10,0
jroper,0
waynr,0
chai2010,0
mikefaille,0
Adryd,0
sqmk,0
AaronBottegal,0
ccfontes,0
steinomatic,0
vicendominguez,0
lenovouser,0
mrturcot,0
michelf,0
markscsmith,0
kbendelow,0
TUNER88,0
Pitsko,0
jimmydorry,0
spravo13,0
Rukachan,0
NickDiMucci,0
clrung,0
mrshelly,0
trungdq88,0
arteezy,0
longlene,0
jonghyun-kim,0
HongxuChen,0
andlabs,0
ltyyz,0
4chanmoot,0
muntoya,0
neoromantique,0
iURWang,0
iziz,0
wanbok,0
ventolinmono,0
DingSoung,0
mtunique,0
gmittal,0
matthewschlue-wf,0
comfyneet,0
Salada,0
julongdragon,0
John-Shaw,0
spencermurray,0
AdiFahmi,0
pwarren,0
mohoromitch,0
sczyh30,0
ianychoi,0
sunfjun,0
bells17,0
EdwinTrejo,0
sosng,0
Macmee,0
312362115,0
ne-sachirou,0
Raymooond,0
ryh,0
vus520,0
jpittman,0
ayberk,0
natedejager,0
tdtds,0
sikosis,0
laplaceliu,0
vansteki,0
daydayfree,0
