author,percentage
tedlz123,1
tensorflow-jenkins,1
mention-bot,0.9632
benoitsteiner,0.9306
maciekcc,0.9276
andydavis1,0.9191
simpeng,0.913
nestle1993,0.9
brunomorishita,0.8889
googlebot,0.8836
frankchn,0.8339
tensorflowbutler,0.8254
rohan100jain,0.825
shlens,0.8247
FancyCoder0,0.8205
pglushkov,0.8096
chengmengli06,0.7931
andrewharp,0.764
schmuell,0.75
Mazecreator,0.7382
sb2nov,0.7204
jonathanwyatt16,0.7146
ymodak,0.7117
luxupu,0.7041
jhseu,0.703
mrry,0.6984
hawkinsp,0.6974
kayzhu,0.693
eigen2017,0.6922
jpienaar,0.6905
zhangyaobit,0.6876
petewarden,0.6872
caisq,0.6845
ilblackdragon,0.6797
v1incent,0.6667
zhenyuni,0.6667
peeyush18,0.6667
discoveredcheck,0.6664
cwhipkey,0.6653
keveman,0.6644
seanli9jan,0.6552
pandaoxin,0.6512
tatatodd,0.6462
awan-10,0.6456
dagamayank,0.6396
yiqianglee,0.6383
admcrae,0.6233
candyzone,0.6231
chihuahua,0.6212
Earthson,0.6152
concretevitamin,0.6133
zheng-xq,0.6102
ScorpioCPH,0.6066
rmlarsen,0.6047
dthkao,0.6021
kingofthebongo2008,0.6013
missaugustina,0.5962
allenlavoie,0.5947
dantkz,0.5841
gbaned,0.5829
yifeif,0.5815
horance-liu,0.5803
chris-chris,0.5773
panyx0718,0.5725
guptapriya,0.5714
cuixiaom,0.5714
liuyipei,0.5714
dominic-rossi,0.5714
skambha,0.5607
wt-huang,0.5569
aidan-plenert-macdonald,0.5566
achowdhery,0.5519
mpjlu,0.5506
ANSHUMAN87,0.5504
asimshankar,0.541
FlashTek,0.5401
JerrikEph,0.5395
dongjoon-hyun,0.5373
jeremybarnes,0.5371
poxvoculi,0.5327
bowang,0.5308
Eric2016Lv,0.5308
anight,0.5294
musikisomorphie,0.5265
gweidner,0.5253
bananabowl,0.5241
pragyaak,0.523
gargn,0.5216
conqerAtapple,0.5204
nlopezgi,0.5192
thjashin,0.5177
raghuraman-k,0.5176
smitshilu,0.5169
revan,0.515
jinxin0924,0.5141
haosdent,0.5085
erain,0.5084
xldrx,0.5078
sandipmgiri,0.5052
guizili0,0.5048
pavithrasv,0.5032
andrewcmyers,0.5028
decentralion,0.5021
MarkPKCollier,0.5013
zhongying811,0.5
mheilman,0.4994
alsrgv,0.499
Srini511,0.4984
neilhan,0.4983
willdzeng,0.4975
dsmilkov,0.4963
miaout17,0.4925
2sin18,0.4919
cloudbank,0.4914
zycdragonball,0.4892
wanguanglu,0.4892
weidankong,0.489
akshaym,0.4887
irenedea,0.4874
accraze,0.4873
drpngx,0.487
ankitvgupta,0.4862
codrut3,0.4845
ttdd11,0.4841
eladweiss,0.4831
pooyadavoodi,0.4826
alextp,0.4822
shkr,0.4819
yuefengz,0.4815
lucasmoura,0.4815
roumposg,0.4804
moontails,0.4792
xodus7,0.4776
vrv,0.4773
formath,0.477
av8ramit,0.4758
dariocazzani,0.4757
ankush-me,0.4753
mdeff,0.4745
aam-at,0.4743
fumihwh,0.4742
congxu-ml,0.4732
ghost,0.4727
sumesh13,0.4726
alexggmatthews,0.4716
manipopopo,0.4715
rryan,0.471
yesmung,0.4678
avijit-nervana,0.4674
guotong1988,0.4671
alonsovidales,0.466
Kongsea,0.4651
carusyte,0.4647
chrisyeh96,0.4641
gunan,0.4638
boeddeker,0.4638
clsung,0.4636
bhavani-subramanian,0.4632
brettkoonce,0.4628
charlesnicholson,0.4628
amitsrivastava78,0.4622
karthikvadla,0.46
Moriadry,0.46
Jihadik,0.4594
kbsriram,0.4576
quaeler,0.456
yangjunpro,0.4558
duncanriach,0.4554
thuyen,0.4554
wbaek,0.4548
hunkim,0.4542
laszlocsomor,0.4538
theflofly,0.4532
abenmao,0.4531
kumasento,0.4525
margaretmz,0.4523
fraudies,0.4519
cshenton,0.4514
delock,0.4513
sherrym,0.4512
anton-matosov,0.4498
tjingrant,0.4497
agramesh1,0.4494
maxmelnick,0.4491
sswv,0.4489
a6802739,0.4481
ashahba,0.4477
shoyer,0.4475
pwnall,0.4474
Mostafa-Alaa,0.4472
ry,0.4472
kbalka,0.4468
blodan,0.4465
yanboliang,0.4461
shamoya,0.4461
nammbash,0.446
BryanCutler,0.4459
fayeshine,0.4458
tyfkda,0.4456
ispirmustafa,0.4452
nutti,0.445
joyalbin,0.4445
taehoonlee,0.4442
lowintelligence,0.4438
brchiu,0.4438
jcastagneri,0.4437
siju-samuel,0.4433
akashgangil,0.4432
rbharath,0.4432
mdfaijul,0.4426
yanivbl6,0.4422
agistrueai,0.4418
bpiel,0.4417
kirilg,0.4413
ceteke,0.4405
pythonanonuser,0.44
majnemer,0.44
jackyko1991,0.4398
loliverhennigh,0.439
bodin-e,0.4382
HuiyangFei,0.438
tedhtchang,0.4378
rajendraarora16,0.4378
aweers,0.437
annanay25,0.4369
wodesuck,0.4364
reedwm,0.4352
nikste,0.4351
wchan,0.4347
namrata-ibm,0.4341
lmthang,0.4339
joeyearsley,0.4332
avostryakov,0.4322
timshen91,0.4317
smit-hinsu,0.4317
jvdillon,0.4314
ziky90,0.4304
dguerra,0.4304
alisidd,0.4302
adminq80,0.4301
mandroid6,0.43
fpmchu,0.4299
ashwin,0.4298
flx42,0.4289
gaohuazuo,0.4286
zhaoyongke,0.4285
tobegit3hub,0.4282
wenxizhu,0.428
abhitopia,0.4279
lc0,0.4275
srjoglekar246,0.4275
cg31,0.4269
seanpmorgan,0.4266
ageron,0.4265
benbarsdell,0.4264
EronWright,0.4257
jinghuangintel,0.4255
resec,0.425
siddharth-agrawal,0.4249
mkolod,0.4244
davidzchen,0.4243
Nayana-ibm,0.4242
learyg,0.4237
dave-andersen,0.4235
marcociccone,0.4235
hsaputra,0.4235
michaelisard,0.4232
lucaswiser,0.4226
vit-stepanovs,0.4223
johnsmithm,0.4222
dcirne,0.4212
yangyanli,0.421
ewilderj,0.4204
ville-k,0.4192
cclauss,0.419
jayfurmanek,0.4189
carlthome,0.4189
joaak,0.4187
dmitrievanthony,0.4186
denis0x0D,0.4185
nathansilberman,0.4184
rjpower,0.4183
Dayananda-V,0.4179
vjpai,0.4178
powderluv,0.4177
jmhodges,0.4169
ConcurrencyPractitioner,0.4166
kobejean,0.4166
ibebrett,0.4165
samdow,0.4163
zffchen78,0.4157
llhe,0.4149
dr4b,0.4148
aselle,0.4142
rthadur,0.4141
wangsiyu,0.4129
willnorris,0.4129
kentonl,0.4126
vchigrin,0.4119
artemmalykh,0.4118
amchercashin,0.4118
cdluminate,0.4113
Gurpreetsingh9465,0.4105
jendap,0.4102
trentlo,0.4095
renjie-liu,0.4094
nuchi,0.4094
akindyakov,0.4091
Ayush517,0.4082
temrich,0.408
goldiegadde,0.4078
frreiss,0.4075
pengwa,0.4072
lamberta,0.4068
karmel,0.4064
mohamedadaly,0.4061
nvcastet,0.4058
botev,0.4056
jakiechris,0.4055
pbanavara,0.4053
alexpantyukhin,0.4047
drasmuss,0.4045
kyscg,0.4042
pminervini,0.4037
jmchen-g,0.4037
hsgkim,0.4033
louiehelm,0.403
kashif,0.403
maniteja123,0.403
selcouthlyBlue,0.4025
Neargye,0.4014
jihunchoi,0.4012
SSaishruthi,0.401
msamogh,0.4008
qjivy,0.4008
mbbrodie,0.4001
csukuangfj,0.4
taion,0.3999
skycoop,0.3996
daj,0.3994
gshashank84,0.3991
guillaumekln,0.3991
parallelo,0.399
Slonegg,0.399
MtDersvan,0.3989
deven-amd,0.3987
lakshayg,0.3985
guikarist,0.3982
jbobba,0.3981
HaebinShin,0.3974
benjaminp,0.3971
tanzhenyu,0.3966
sleighsoft,0.396
extrowerk,0.3957
PariksheetPinjari909,0.3953
superbobry,0.3953
nluehr,0.3951
jenselofsson,0.3945
theyonibomber,0.3938
suiyuan2009,0.3937
PhilJd,0.3932
darrengarvey,0.393
manjunaths,0.393
akhtyamovpavel,0.3926
Bharat123rox,0.3925
AndreasMadsen,0.3924
rdipietro,0.3921
protoget,0.392
alanhdu,0.3916
dougalsutherland,0.3913
chenzhiwo,0.3912
nataliaponomareva,0.3911
lukaszkaiser,0.3911
shivaniag,0.391
raingo,0.3908
lhendre,0.3899
ChrisAntaki,0.3889
LoSealL,0.3889
yongtang,0.3888
ashraf-bhuiyan,0.3887
scotthuang1989,0.3884
markdryan,0.388
xiejw,0.3876
jwlawson,0.3876
yweweler,0.3868
buaaliyi,0.3868
jfsantos,0.3868
ghostplant,0.3864
jinze1994,0.3861
asaquib,0.3859
markslwong,0.3858
shreyneil,0.3856
tmc,0.3855
dpaiton,0.3853
timothyjlaurent,0.3846
igormq,0.3844
damienmg,0.3839
yupbank,0.3836
andrehentz,0.3834
MycChiu,0.3833
fchollet,0.3832
nhasabni,0.3827
mrTsjolder,0.3827
printdhruv,0.3824
alrojo,0.3822
kdexd,0.3821
wdirons,0.3818
jowagner,0.3817
MattConley,0.3807
josh11b,0.3795
dmikushin,0.3789
amrit-poudel,0.3778
thagikura,0.3776
bstriner,0.3773
junshi15,0.3772
m3bm3b,0.3771
stegben,0.3769
chemelnucfin,0.3763
tadeegan,0.376
akshayka,0.3757
imsheridan,0.3745
amygdala,0.3744
zafartahirov,0.3744
elibixby,0.3743
phvu,0.3742
oxwsds,0.3739
tiagofrepereira2012,0.3736
dave-msk,0.3728
damienpontifex,0.3728
erwa,0.3718
jeffdaily,0.371
AzizCode92,0.371
tillahoffmann,0.3708
damienstanton,0.3706
danijar,0.3705
shishaochen,0.3704
terrytangyuan,0.3699
mdanatg,0.3698
GeorgyZhou,0.3698
ervaibhavkumar,0.3692
sanjoy,0.3686
BrianOn99,0.3686
jinqian,0.3681
qmick,0.3675
again4you,0.3674
martinwicke,0.3655
eaplatanios,0.3654
alanyee,0.3653
lukemetz,0.3645
saeta,0.3643
zh794390558,0.3629
jackwish,0.361
Harshini-Gadige,0.3606
joel-shor,0.3602
gustavla,0.3602
mattn,0.36
tatianashp,0.3598
claynerobison,0.3592
Mainak431,0.3591
KendallWeihe,0.3591
trevor-m,0.3589
Carmezim,0.3589
georgepaw,0.3588
girving,0.3583
tjakob,0.3578
suharshs,0.3575
wookayin,0.3574
AnishShah,0.3568
jthestness,0.3568
DjangoPeng,0.3562
Hoeze,0.3561
bioothod,0.3555
Keno,0.3554
KOLANICH,0.355
thesuperzapper,0.3543
betterenvi,0.3542
thorjohnsen,0.3541
sjperkins,0.3528
sdenel,0.3526
ilya-edrenkin,0.3524
futurely,0.3517
yanchen036,0.3511
fortuin,0.3508
yzhwang,0.3508
d4l3k,0.3507
Styrke,0.3507
pirate,0.3507
zasdfgbnm,0.3505
yashk2810,0.3501
StanislawAntol,0.35
cancan101,0.3496
guoshimin,0.3492
MarkDaoust,0.3492
feihugis,0.3491
sguada,0.3474
chsigg,0.347
lingz,0.347
liutongxuan,0.3468
shengfuintel,0.3466
FloopCZ,0.3461
panmari,0.3461
mahmoud-abuzaina,0.3454
lukeiwanski,0.344
sibyjackgrove,0.3436
scottcjt,0.3434
droidicus,0.3432
foreverfaint,0.3432
karllessard,0.3419
DimanNe,0.3419
jhetherly,0.3417
BinFan,0.3416
annarev,0.3416
tfboyd,0.3404
Zantares,0.3404
vincentvanhoucke,0.3403
ebrevdo,0.3402
npanpaliya,0.3393
shashishekhar,0.3392
TTrapper,0.339
Timmmm,0.3385
jianlijianli,0.3379
yejw5,0.3375
okuchaiev,0.3369
bernardopires,0.3361
IMBurbank,0.3344
xxxx001,0.3339
nutsiepully,0.3337
nealwu,0.3336
Stepiii,0.3333
malmaud,0.3333
rohitgirdhar,0.3333
jjsjann123,0.333
wujingyue,0.3329
aaroey,0.3324
JKurland,0.3321
ezhulenev,0.3317
mosesmarin,0.3316
sabhiram,0.3314
vivek-rane,0.3308
fwinnen,0.3288
Netzeband,0.3287
mystic123,0.3287
nikhilmishra000,0.3266
NeilGirdhar,0.3263
jcf94,0.3259
lzlarryli,0.3258
gzmkl,0.3255
raviqqe,0.3255
mingxingtan,0.3253
ringw,0.3251
samjabrahams,0.3239
halleywj,0.3238
ekelsen,0.3232
finbarrtimbers,0.3231
chrert,0.3226
Dref360,0.3217
Sohl-Dickstein,0.3216
samikama,0.3214
houtoms,0.3212
nanddalal,0.3212
osdamv,0.3205
jerryyin,0.3195
kmader,0.317
rongjiecomputer,0.317
jlebar,0.3165
jperl,0.3163
peterbraden,0.3139
bchu,0.3135
jrbtaylor,0.3134
freddan80,0.312
fanshiqing,0.3111
ipeirotis,0.3104
KiewanVillatel,0.3097
skye,0.3094
lattas,0.3091
qbx2,0.3091
kamcpp,0.3077
shahzadlone,0.3071
abhinav-upadhyay,0.3068
ppwwyyxx,0.3055
Sudeepam97,0.3026
ibab,0.3017
ppries,0.3016
penpornk,0.2987
qlzh727,0.2984
Mistobaan,0.2981
shashvatshahi1998,0.2976
facaiy,0.2964
whchung,0.2959
fenrus75,0.2959
rasbt,0.2958
jart,0.2954
sono-bfio,0.2922
elbamos,0.292
nehaljwani,0.2917
yardstick17,0.2913
memo,0.2909
acjak,0.2895
gautam1858,0.2891
al3xsh,0.2888
nolanliou,0.2885
jubjamie,0.2879
bhack,0.2873
DeliangFan,0.2859
immars,0.2858
perfinion,0.2857
gokceneraslan,0.2857
chaihua483,0.2854
alex-petrenko,0.2847
mavenlin,0.2842
jsimsa,0.2833
eliben,0.2831
pranavm-nvidia,0.2824
Squadrick,0.2811
kdethoor,0.2804
jdduke,0.2802
craigcitro,0.28
AidanGG,0.2799
nrstott,0.2788
ryanleary,0.2778
sbrodehl,0.2774
hhzrz,0.2756
lgeiger,0.2752
ahundt,0.2737
KristianHolsheimer,0.2724
evanluyifan,0.2717
RealTimeDeployment,0.2715
nfelt,0.2714
guschmue,0.2711
gdeer81,0.2708
angersson,0.2705
javierluraschi,0.2702
DrMarcII,0.2701
Timen,0.2699
efagerho,0.2685
kbrems,0.2679
zhuangh,0.2672
jungle-cat,0.2663
pkit,0.2653
mihaimaruseac,0.2652
freedomtan,0.2649
fritzo,0.2639
rayanelleuch,0.2625
blakehechtman,0.2619
impjdi,0.2606
akanimax,0.2606
lilbedwin,0.2601
FirefoxMetzger,0.2601
JoshVarty,0.26
Shuolongbj,0.2598
dubey,0.2597
MicaelCarvalho,0.2593
PhABC,0.259
Lewuathe,0.2584
mdymczyk,0.2574
Tauranis,0.2573
monkey-jsun,0.2571
mikowals,0.2564
lukaszbk,0.2564
georgesterpu,0.2555
galv,0.2554
adamjrichter,0.2552
sjamesr,0.2538
jchia,0.2535
markostam,0.2526
smistad,0.2521
ArtsiomCh,0.2519
NathanHowell,0.2506
SayHiRay,0.25
yorkie,0.25
strubell,0.2485
sun9700,0.2484
shenli-mobvoi,0.2474
sana-damani,0.2464
byronyi,0.2434
m-colombo,0.241
snnn,0.2393
msarahan,0.2391
johndpope,0.2381
danosipov,0.2371
sahiliitm,0.2365
t13m,0.2353
meteorcloudy,0.2345
palmerlao,0.2342
smilu97,0.2333
EKami,0.2333
bkovalev,0.2333
junpenglao,0.2325
yegord,0.2318
Egor-Krivov,0.2318
ctava,0.2306
sandersk,0.2298
shravankumar147,0.2292
martin-gorner,0.2272
guoyejun,0.2271
xinan-jiang,0.2251
Androbin,0.225
alanzoppa,0.225
kchodorow,0.2248
yaroslavvb,0.2244
ronrest,0.2237
nsuke,0.2231
hshankar61,0.2229
4F2E4A2E,0.2218
DavidNorman,0.2217
XuChunling,0.2214
mkurovski,0.2189
swook,0.218
yoya,0.2167
rllin-fathom,0.2165
lesniewski,0.216
Syndrome777,0.2149
mdaley,0.2144
jbedorf,0.2133
kmh4321,0.2111
jdgumz,0.2108
minminsun,0.2105
coder3101,0.2097
CheukNgai,0.2089
xmbrst,0.2087
deval1491,0.2058
spinnau,0.2053
lissyx,0.2037
jackd,0.2015
DEKHTIARJonathan,0.2001
JimBoonie,0.2001
TimZaman,0.2
ciprianflow,0.2
wei-v-wang,0.2
lukmanr,0.2
dariavel,0.2
tntnatbry,0.2
danielgordon10,0.2
znah,0.2
dgolden1,0.2
shreyasva,0.2
skavulya,0.1985
baoblackcoal,0.1978
gorBaghdasaryan,0.1975
twairball,0.1972
illuzen,0.1952
zuoxingdong,0.1948
yann-yy,0.1946
kr-ish,0.1939
rajha-korithrien,0.1913
comicchang,0.1894
hevensun,0.1884
hovhannesgithub,0.1883
liuzjmike,0.1814
case540,0.18
gibiansky,0.1797
Sylvus,0.1778
scottmudge,0.1763
cliffwoolley,0.1718
jyegerlehner,0.1682
haozha111,0.1681
azaks2,0.1667
random-forests,0.1667
knightXun,0.1667
HectorSVC,0.1667
fesun,0.1667
dvyukov,0.1666
MarvinTeichmann,0.164
JoursBleu,0.1621
PuchatekwSzortach,0.1619
rinugun,0.1616
shamanDevel,0.1613
sandyskies,0.1604
PatrykChrabaszcz,0.1585
PatWie,0.1584
snownus,0.1533
preethivenkatesh,0.1436
jalammar,0.1429
ic,0.1429
dauba-dauba,0.1429
wangqr,0.1404
b0noI,0.1323
rizasif,0.125
author,0
dbuades,0
plopresti,0
jaingaurav,0
SmokerX,0
shubham769,0
apivovarov,0
guoyinchen,0
Myeongjoon,0
eashtianjr,0
NosovDmitry,0
HenrySiau,0
eito-fis,0
timip,0
MaxT123,0
mik3up,0
rvsubbu,0
ak-org,0
MichaelMagnoli,0
merturl,0
kooock,0
thisisiron,0
review-notebook-app[bot],0
I-Hong,0
velocirabbit,0
lufol,0
NickSadjoli,0
jvishnuvardhan,0
jiakai0419,0
aaronhma,0
leonard951,0
astropeak,0
chengchingwen,0
jekbradbury,0
LogX2,0
ThisIsIsaac,0
jhalakpatel,0
tsawada,0
anuj-rawat,0
alanchiao,0
jeythekey,0
domschl,0
bwosh,0
karimnosseir,0
yunjae2,0
justindujardin,0
avasid,0
xiamaz,0
Mr-Nineteen,0
MKisilyov,0
TungJerry,0
zlsh80826,0
rchao,0
Redor,0
wangtz,0
shanshanpt,0
multiverse-tf,0
hanton,0
ila96,0
captain-pool,0
BradHuang1999,0
neighlyd,0
cheshire,0
wyzero,0
vjravi,0
Net-Mist,0
Yoshimitsu,0
eforgacs,0
FremyCompany,0
edloper,0
amanp592,0
samhodge,0
dynamicwebpaige,0
anj-s,0
aliuc,0
hlsyounes,0
lu-wang-g,0
chenchc,0
cuihaoleo,0
sklan,0
m0hdas,0
reactivetype,0
nlewycky,0
hksonngan,0
theangels,0
xingao267,0
cushon,0
fsx950223,0
isaacgerg,0
monklof,0
orybkin,0
donovanOng,0
peterlee0127,0
code-burster,0
nunoplopes,0
petrosmol,0
ohadlights,0
hamatake,0
AlexMetsai,0
arp95,0
hlopko,0
vigsterkr,0
edelsohn,0
brandjon,0
pinxue,0
nuka137,0
tomerk,0
miktoki,0
tomhennigan,0
neerajprad,0
cbcase,0
rahulpalamuttam,0
asispatra,0
xpirad,0
SunflowerPKU,0
infil00p,0
Corea,0
thomasjoerg,0
BlackHoundNate,0
NateMeyvis,0
sixuewang,0
glima,0
mmstick,0
edrozenberg,0
mengdong,0
kgizdov,0
kyleabeauchamp,0
jtressle,0
robieta,0
Shanlans,0
drewszurko,0
fabboe,0
stonebig,0
allevato,0
njzjz,0
huan,0
ctessum,0
melissagrueter,0
aaniin,0
ngimel,0
zjjott,0
StevenHickson,0
cenh,0
CyFeng16,0
veqtor,0
Ryan-Qiyu-Jiang,0
VolodymyrPavliukevych,0
Takuro-Ito,0
mgaido91,0
kpe,0
scouvreur,0
rachellim,0
arthurarg,0
SungchulLee,0
jkyl,0
FamousDirector,0
MKesenheimer,0
YuanLinNV,0
Artem-B,0
dlaz,0
KyotoSunshine,0
khodges42,0
MihailSalnikov,0
adarob,0
jvmancuso,0
guoguo11191,0
shibe2,0
VikramTiwari,0
tensorflow-copybara,0
DecentGradient,0
dkarlovi,0
gavinlive,0
dargor,0
vcarpani,0
snease-abq,0
fix27,0
lovesegfault,0
josharian,0
AakashKumarNain,0
mike-holcomb,0
MlWoo,0
tamaranorman,0
miguelmorin,0
xiaobaoding,0
zhjunqin,0
DanCard,0
wanywhn,0
ktaebum,0
mkuperst,0
khurram18,0
felix-schneider,0
qu1j0t3,0
chrisdahlberg,0
shivam13juna,0
zaichang,0
pateli18,0
dd1923,0
sallamander,0
isaprykin,0
ziyin-dl,0
EmanueleGhelfi,0
ilango100,0
mars20,0
innovimax,0
tnthornton,0
kariya2,0
yuanxiaosc,0
israelg99,0
Hazarapet,0
rky0930,0
cstur4,0
stevelang789,0
ajweiss,0
froystig,0
Xib1uvXi,0
dibgerge,0
luke-han,0
GbengaOdesanmi,0
pavanky,0
weberxie,0
thirupalanisamy,0
huaxiaozhong1,0
legatoo,0
vidakDK,0
MikalaiDrabovich,0
tomguluson92,0
schaber,0
jquadrino,0
ericmcbride,0
eggie5,0
karlschriek,0
rahul003,0
maystroh,0
AnaRhisT94,0
Kh4L,0
lxl910915,0
Eurus-Holmes,0
CastielWong,0
MorganR,0
fullarray,0
akikaaa,0
legraphista,0
omalleyt12,0
howl-anderson,0
nnorwitz,0
sahilbadyal,0
mr-yamraj,0
claytonjian,0
nicolaerosia,0
unnir,0
NEWPLAN,0
andhus,0
qqfish,0
venuswu,0
SiegeLordEx,0
thedch,0
IFeelBloated,0
marine0131,0
yuxitong,0
supriyar,0
dianlujitao,0
olicht,0
fangjyshanghai,0
alexei-v-ivanov,0
alanpurple,0
samolisov,0
sunnycase,0
RobinDong,0
therc,0
zldrobit,0
fcole,0
pmgdeb,0
was84san,0
felippe-mendonca,0
DanielDIQA,0
sby,0
drauh,0
farizrahman4u,0
nickyungyung,0
csuter,0
Dido0o0,0
er91,0
vitor-alves,0
gowtham1997,0
johnlinp,0
owsd,0
dkuegler,0
paulilhe,0
DELTA37,0
patricksnape,0
Kirayue,0
jpds,0
juanluisrosaramos,0
calid,0
myron,0
wateryzephyr,0
dksb,0
himkt,0
alelouis,0
mgielda,0
artur-braga,0
scttl,0
gelembungsahabat,0
pclove1,0
PROGrand,0
rachellj218,0
volpato30,0
Tingbopku,0
Monnoroch,0
mslacken,0
haoyan01,0
wwt17,0
eryshev,0
andrewbanchich,0
benjamintanweihao,0
Bantena,0
whismile,0
DRoghanian,0
franklin5,0
eLvErDe,0
cgrail,0
cgrati,0
EFanZh,0
rnarkk,0
chunyang-wen,0
airlied,0
vbvg2008,0
mdestaubin,0
thunderfyc,0
jnettlet,0
rfernand2,0
steven-chien,0
omoindrot,0
kitstar,0
alphastreak,0
prazek,0
Shujian2015,0
albertz,0
TechBK,0
gdh1995,0
leondgarse,0
joba01,0
Smokrow,0
jackonan,0
tedyu,0
npow,0
rampageservices,0
phalexo,0
tonyreina,0
noahstier,0
vinacmg,0
mzakharocsc,0
efernandez,0
Cibifang,0
MaxGhenis,0
sam2702,0
jjwang01,0
raytroop,0
codescv,0
satsumas,0
sanjibnarzary,0
aapeliv,0
artsobolev,0
odaira,0
rspier,0
icedream2linxi,0
kkmsft,0
jktomer,0
shiyangc-intusurg,0
Lucie2A,0
kouml,0
ariwaranosai,0
ahoneybun,0
peacedog123,0
lorderikir,0
CrazyJiawei,0
hartikainen,0
mbrio,0
ryanwcyin,0
crawles,0
bendavid,0
dspinxd,0
shahzeb1,0
pei6,0
sbalk,0
cheneeheng,0
olesalscheider,0
SliMM,0
patzm,0
cbockman,0
annemenini,0
wenmengzhou,0
melvinljy96,0
jzhoulon,0
PavelToropynya,0
sfujiwara,0
reza-ebrahimi,0
johschmitz,0
mbrukman,0
dalexander,0
alexbeloi,0
kaczmarj,0
justin1121,0
smatzek,0
wangershi,0
Joeran,0
rakeshchada,0
xfxyjwf,0
Siddhant085,0
Hong-Xiang,0
nkuvyrkin,0
joneepenk,0
daa,0
SpikingNeuron,0
mattpepin,0
RyanRosario,0
NewUserHa,0
mattdodge,0
vsl9,0
mpenagar,0
cosine0,0
YongCHN,0
sean9keenan,0
mei-ye,0
nbcsm,0
trias702,0
AkshayMathur92,0
adoda,0
brge17,0
PaulWoitaschek,0
goodfeli,0
aboucaud,0
nickdesaulniers,0
wangqin4377,0
Bidski,0
koul,0
miguelmota,0
smillius,0
XFeiF,0
jungpilyu,0
wimglenn,0
kekeblom,0
christian-igel,0
cheerss,0
jonathanlunt,0
k-w-w,0
stewbasic,0
zhenyu,0
SneakyFish5,0
gstoner,0
OGkush7,0
sadatnfs,0
mhmoodlan,0
jony0917,0
imcaspar,0
qwfy,0
TheAifam5,0
jing-c,0
loshchil,0
rodrigofp-cit,0
kshitiz8,0
d0k,0
dimaxano,0
JulietAlphaKilo,0
TShapinsky,0
mktozk,0
oahziur,0
alexbw,0
briannemsick,0
sfanxiang,0
kjopek,0
nitisht,0
elsonrodriguez,0
matthew-z,0
MarziEd,0
andrewginns,0
zYeoman,0
slobber,0
meggamind,0
henry860916,0
walyong,0
chuckwoody,0
naurril,0
hermanzdosilovic,0
Horstage,0
parajain,0
rongou,0
iamaziz,0
dennisjenkins75,0
bensander,0
bertsky,0
cooperoelrichs,0
ravwojdyla,0
permutohedra,0
dillondaudert,0
aylusltd,0
jmlipman,0
taras-sereda,0
surry,0
stevenschmatz,0
maxpumperla,0
paulobuchsbaum,0
ruanjiandong,0
emaballarin,0
hqueue,0
KapoorHitesh,0
maitbayev,0
tungld,0
VETURISRIRAM,0
reeze,0
drealecs,0
DHZS,0
benmyara,0
eladeban,0
saik4t,0
Huizerd,0
Jibanprakash,0
karankaw,0
dandouthit,0
jaycode,0
marhlder,0
cadama,0
fdoumet,0
algohali3008,0
namyikim,0
qixiuai,0
mr-ubik,0
AndrewLeach,0
rajatmonga,0
sdalbsoo,0
mirekphd,0
fbcotter,0
shanest,0
soonson,0
PedroCardoso,0
jke-zq,0
gzuidhof,0
lawsonfulton,0
bfollinprm,0
slanab,0
damiles,0
nanshihui,0
AD-530,0
chaosink,0
pillarpond,0
amundv,0
TwistedHardware,0
yfynb1111,0
achalshah20,0
prafiny,0
ngc92,0
tucan9389,0
jason9693,0
mgoyder,0
kevinykuo,0
demircancelebi,0
fo40225,0
vivekvpatil8888,0
scihacker,0
voegtlel,0
ed-alertedh,0
gztf,0
yogiadi,0
TanUkkii007,0
jeremy-rutman,0
opencici2006,0
ctiijima,0
peci1,0
pvaneck,0
sandeepngupta,0
thomasyoung,0
pineking,0
B3N50N,0
yogurfrul,0
coreywho,0
jessebenson,0
Sana14,0
wateret,0
dotm,0
nnadeau,0
8W9aG,0
tweicc,0
hedenface,0
filipefilardi,0
ADiegoCAlonso,0
jerry4897,0
TixLo,0
sabbakumov,0
srvasude,0
yk5,0
PetrochukM,0
vrushalibhokare,0
sbsends,0
eqy,0
VasuAgrawal,0
harahu,0
linusmartensson,0
plusplusjiajia,0
tomeuv,0
mbajkowski,0
lobachevzky,0
1vn,0
shakhawat3742,0
zengsn,0
MattShannon,0
wuchangming,0
sshrdp,0
Nithanaroy,0
TinghuiWang,0
chenchuanyin,0
oscarriddle,0
Davidnet,0
yjmade,0
francoisruty,0
lkafle,0
daio,0
msofka,0
zanes2016,0
TBastiani,0
inc0,0
naveenkumarmarri,0
wendazhou,0
austingg,0
maxisme,0
YashalShakti,0
jjangsangy,0
gabrielilharco,0
TakashiL,0
terryykoo,0
muayyad-alsadi,0
suke27,0
mit2nil,0
Fnjn,0
batzner,0
bshao001,0
mixalturek,0
Kejie-Wang,0
gi097,0
toshirin,0
riklopfer,0
chenugray215,0
seungjooli,0
arisliang,0
yongchao-liu,0
kuba-lilz,0
slevental,0
apollo-time,0
xxiane,0
WenguoLi,0
wumo,0
Bhasha03,0
machinelearning147,0
jpayoung,0
madhavajay,0
giuscri,0
matwilso,0
Mukundan314,0
yaox12,0
ryantimjohn,0
derenrich,0
zhangbo5891001,0
jcmgray,0
yhwang,0
AntreasAntoniou,0
pierremac,0
iron9light,0
yym-ustc,0
Rholais,0
tjeckleburg,0
tiangolo,0
mustafakasap,0
idavis,0
dfumento,0
dchatterjee172,0
Matanley,0
deeply,0
jin,0
AlbertOh90,0
steowens,0
nairouz,0
aseem-hegshetye,0
zapashcanon,0
smajida,0
minggli,0
nagachika,0
Stryker0301,0
kaushik1094,0
kamilogerto2,0
ifulmirwanda,0
leftler,0
spivotron,0
deroneriksson,0
ssd352,0
Johnson145,0
kuanzi,0
talkhaldi,0
frankcarey,0
Abe404,0
hdon,0
Samuel-Sigauke,0
marcbelmont,0
sanxiyn,0
KarlJack47,0
Celelibi,0
natsukium,0
MandarJKulkarni,0
thefiddler,0
mark-orr,0
FengYangTL,0
stesha2016,0
lazypanda1,0
cykustcc,0
frankgh,0
JackHunt,0
petacube,0
subashp,0
bradwannow,0
MaheshBhosale,0
ChaseOxide,0
yumaokao,0
Zealoe,0
RohinMohanadas,0
qiuminxu,0
kenjitoyama,0
JChord,0
dushmis,0
ankurtaly,0
andykernahan,0
hsm207,0
marshalhayes,0
jeffxtang,0
naktinis,0
Anton-Velikodnyy,0
cooijmanstim,0
tworuler,0
jnorwood,0
Anjum48,0
zhiruiwang,0
Skydes,0
andreas-eberle,0
kernhanda,0
matthieudelaro,0
spring01,0
chofchof,0
GPhilo,0
sschuhmann,0
klshrinidhi,0
ashish-ram,0
TrumanLing,0
solin319,0
anthonygelibert,0
martrs,0
tsoernes,0
mjwen,0
linearhit,0
tchugh,0
vmikulik,0
starsblinking,0
luotao1,0
Cescfangs,0
jkinkead,0
lspvic,0
pqrth,0
raziel,0
psyhtest,0
depthwise,0
dssgsra,0
PiotrCzapla,0
progwolff,0
bolixyz,0
rombin,0
erikchwang,0
faroit,0
fredbertsch,0
achraf-boussaada,0
godrxz,0
michaelkhan3,0
sunnygao1980,0
gangliao,0
aaronzs,0
velicue,0
charan223,0
jhultman,0
brianwa84,0
clemens-schulz,0
si-you,0
4d55397500,0
elgehelge,0
winstonaws,0
owen-t,0
jeffcarp,0
mufusu,0
KhrulkovV,0
KuzeydekiBuyucu,0
ub216,0
mehmetbasbug,0
ksindi,0
saugat,0
pgpgpg,0
vade,0
0x00b1,0
vnavkal,0
lihanchen,0
darthsuogles,0
mattbasta,0
dongsam,0
smopucilowski,0
m1guelpf,0
cbjrobertson,0
adelsz,0
PaulWang1905,0
themightyoarfish,0
fdzzy,0
yilei,0
t-kalinowski,0
robb-brown,0
standy66,0
im-minion,0
daquexian,0
wagonhelm,0
kagemusha,0
15751064254,0
armando-fandango,0
dongzhuoyao,0
thisisrandy,0
errord,0
mikeknapp,0
laraibzubair18,0
Carter440,0
chrisying,0
shahidhs-ibm,0
myungjoo,0
akimach,0
gklambauer,0
vroger11,0
parsifal-47,0
MikulasZelinka,0
ceballosiker,0
adamcavendish,0
ic0n,0
izhangzhihao,0
hadim,0
yoavram,0
ozabluda,0
LionSR,0
castleguarders,0
JohanJu,0
rosun82,0
tibrewalpratik17,0
bringtree,0
croath,0
zzcgumn,0
secsilm,0
tkondrashov,0
apik420,0
hannesa2,0
nalsil,0
n3011,0
rhaps0dy,0
hhxjzyr,0
suvojit-0x55aa,0
brychcy,0
macmonac,0
ozgyal,0
EdenZ77,0
concerttttt,0
voidbag,0
ygoncharov,0
mwytock,0
anitha-v,0
hyunyoung2,0
smksyj,0
arixlin,0
ZhengshengWei,0
chrisgorgo,0
guolinke,0
millskyle,0
keven425,0
splitice,0
llyyun,0
arinbjornk,0
nietras,0
YijinLiu,0
basejn,0
psanketi,0
yingted,0
dmaclach,0
alistair-low,0
matslina,0
chrisdonahue,0
garrettargenna,0
ahoereth,0
chengchengpei,0
larrytin,0
dcunhas,0
Dong--Jian,0
cinqs,0
Baschdl,0
sadlerjw,0
mschulkind,0
boegel,0
tano297,0
cthom055,0
footh,0
leviding,0
elijahxyc,0
FloFoer,0
kamwoh,0
posix4e,0
noaezra,0
lospooky,0
EncodeTS,0
dongpilYu,0
j-towns,0
langmore,0
ManHyuk,0
M1cR0xft,0
PW486,0
qiaohaijun,0
nsuh,0
caogj,0
cglewis,0
Andres-Hernandez,0
grisaitis,0
jacquesqiao,0
vishvananda,0
baranov1ch,0
JacksonKontny,0
pyaf,0
LevineHuang,0
liyinhgqw,0
ecpoppenheimer,0
XiaoyuGuo123,0
khelkun,0
eeandrew,0
JesseLivezey,0
qichaotang,0
tayo,0
PinkySan,0
donigian,0
Ouwen,0
ahsannabi,0
mahdiabavisani,0
chi-hung,0
davidben,0
liaolushen,0
kdubovikov,0
tazr,0
wonsekim,0
Leslie-Fang,0
ursk,0
michelleirvine,0
kouzant,0
Atlas7,0
yang0773,0
iNomaD,0
caikehe,0
cuevas1208,0
melvyniandrag,0
craffel,0
ZxYuan,0
jerry73204,0
mandar1010,0
pavelchristof,0
jimpallomeni,0
flacjacket,0
Enigma-li,0
vladmos,0
m-smith,0
EMCP,0
steven-hh-ding,0
ttrouill,0
magnusja,0
fcharras,0
davorrunje,0
tfnub,0
Magisun,0
abhishek-neurala,0
Itaydal,0
andrefaraujo,0
ahyangyi,0
habibutsu,0
msarett,0
JettJones,0
Dorokhov,0
chishaxie,0
xixikaikai,0
xmsk,0
stuarteberg,0
wei-yuan,0
joshburkart,0
dabutvin,0
postBG,0
a-dai,0
redouanelg,0
joshkyh,0
EdwardDixon,0
honkentuber,0
aglne,0
Keno42,0
dnnavn,0
sfikas,0
ashwhall,0
opensourcemattress,0
lhlmgr,0
Meinwerk,0
apark263,0
nthakor,0
k4r4koyun,0
meettyj,0
slacy,0
sathyamoorthyrr,0
neilpanchal,0
rshin,0
dmacvicar,0
PaulYangSz,0
eaigner,0
raphael-sch,0
afpro,0
CSNoyes,0
miyataken999,0
liamnaka,0
adaitche,0
aseemrb,0
dkurt,0
pks,0
cBournhonesque,0
pieroit,0
lefnire,0
ahsanhussain,0
wolffg,0
bryant1410,0
qianyizhang,0
YiMX,0
laishere,0
pratyushsnehi10,0
TheLastAlly,0
youkaichao,0
superzerg,0
hlng2002,0
alexdennis,0
hugovk,0
Echofy,0
kyo055,0
sampepose,0
alexwal,0
Zhaojp-Frank,0
camaclean,0
SwordYork,0
Wee7,0
mrlzla,0
CasiaFan,0
plsuarez,0
JoshuaBradbury,0
muxamilian,0
ychfan,0
mirh,0
Eric-Wallace,0
rubenvereecken,0
samtaylor159,0
asdf2014,0
ggael,0
mehdi-goli,0
dingxun88,0
fxfabre,0
wchargin,0
hzhangxyz,0
MichaelScaria,0
hlzz,0
xdsilly,0
olgafour1,0
PlateauGao,0
superyyrrzz,0
raymondxyang,0
galvk,0
dkristoffersson,0
patrikerdes,0
clemens-tolboom,0
tigercosmos,0
jingli9111,0
Kingwl,0
zapline,0
vizee,0
junluan,0
roffel,0
MrGeva,0
soumya-ranjan-sahoo,0
ptone,0
AnchoretBaladev,0
willfrey,0
wangxianliang,0
germanmarky,0
yxlao,0
ssaavedra,0
zhouh,0
yunyin,0
hgaiser,0
rorywaite,0
micklexqg,0
amapic,0
ZeroCool2u,0
ericyue,0
CatalinVoss,0
cj-bradley,0
Arvinds-ds,0
weiweijiuzaizhe,0
vmarkovtsev,0
tjrana,0
Anuraag-Advani,0
avolkov1,0
jianlong-yuan,0
yhenon,0
brunoalr,0
nickgeorge,0
gilberthendry,0
aloisklink,0
Ggoals,0
keryell,0
hotchkiss87,0
yufengg,0
pankajkgupta,0
davidpham87,0
skaarthik,0
TheButlah,0
polyzen,0
agl,0
Thenerdstation,0
baptisteArnaud,0
chunjy92,0
LennyBoyatzis,0
TK-blost,0
neuzxy,0
quantumlicht,0
coldsheephot,0
mas-dse-greina,0
tapanprakasht,0
lazyparser,0
RockfordWei,0
stephenjfox,0
kevinjos,0
vorpus,0
sven-mayer,0
foxish,0
Yiran-wu,0
zhongzyd,0
superryanguo,0
adityaatluri,0
maximermilov,0
ribx,0
hbrammer,0
pzins,0
DeNeutoy,0
ZhHong,0
enggsudarshan,0
chenliu0831,0
Scitator,0
fbsder,0
ningxynf01,0
windead,0
StevenLShafer,0
jkschin,0
alexklibisz,0
magixsno,0
buffxz,0
jhaux,0
wangkuiyi,0
ksellesk,0
Spotlight0xff,0
eric-wieser,0
sleepfin,0
kwotsin,0
JingJunYin,0
harpone,0
rockclimber112358,0
Humanity123,0
AsterAI,0
jviereck,0
astorfi,0
orome,0
yanastali,0
sj6077,0
nimatter,0
wqj97,0
cxxgtxy,0
lanhin,0
mohan-chinnappan-n,0
chqiwang,0
RyanKung,0
dnovillo,0
1123,0
b1rd,0
nelson-liu,0
Czxck001,0
Zhengneng,0
ethirajsrinivasan,0
solaris33,0
carefree0910,0
AleksTk,0
GuohongLi,0
ddurham2,0
cydonia999,0
xiaocai00,0
brucechou1983,0
ikarosilva,0
leandro-gracia-gil,0
roi-f,0
cydonia99,0
staticfloat,0
vladfi1,0
jiefangxuanyan,0
chenghuige,0
shuuki4,0
piyush121,0
hitxueliang,0
khan-faiz,0
stsievert,0
dreamibor,0
qiangjiang,0
yfor1008,0
arrufat,0
xcyan,0
shallinlin,0
CarbonComputed,0
mortada,0
jhjin,0
austinzh,0
HuaizhengZhang,0
jzuern,0
FrisaSZ,0
ben-mlr,0
kemaswill,0
tae-jun,0
sffc,0
zhuhyc,0
sesamesub,0
MattX,0
shahzebkhan111,0
EddieOne,0
sebastian-schlecht,0
kant,0
denish44,0
li-ch,0
GBLin5566,0
dmonopoly,0
agniszczotka,0
chrsmrrs,0
codeshareabc,0
wydwww,0
szpssky,0
harungunaydin,0
feiga,0
Songweiping,0
poohzrn,0
richardjdavies,0
umangmehta12,0
chenfsjz,0
luizhenriquesoares,0
Currie32,0
cfperez,0
hartb,0
mbrickn,0
eklitzke,0
yuanbyu,0
dumBGuy08,0
gnedivad,0
tomjaguarpaw,0
ivan-aksamentov,0
adennie,0
karpkarp,0
Zakor94,0
MartinMoon,0
wannabesrevenge,0
mrahtz,0
joyousrabbit,0
lvjiangzhao,0
beniroquai,0
GitBubble,0
xho22,0
neilmb,0
himsR,0
imsrgadich,0
yunjiangster,0
eth-n,0
fanlu,0
vdevaram,0
JVillella,0
Datadude88,0
Enet4,0
zc813,0
MikeTam1021,0
csarron,0
Namnamseo,0
datumbox,0
rajhans,0
saxenasaurabh,0
bradyz,0
lcnature,0
Linusnie,0
anjany,0
lidalei,0
falcondai,0
hughsando,0
oya163,0
bhaprayan,0
KhabarlakKonstantin,0
falaktheoptimist,0
dmytrokyrychuk,0
renyi533,0
jamesmishra,0
zjj2wry,0
seo-3,0
Garvys,0
Mycosynth,0
tgy,0
nharada1,0
dustinvtran,0
Fenugreek,0
naveendennis,0
besirkurtulmus,0
lyuwenyu,0
pmc01,0
jakelee8,0
Kangbababa,0
td2014,0
wangyum,0
sugyan,0
mszep,0
Immexxx,0
critiqjo,0
nsriram13,0
gmbender,0
craykg,0
seonho,0
seano314,0
nirajpatel,0
notnot,0
brchristian,0
sanosay,0
noqcks,0
hsiaoyi0504,0
vmalyi,0
dimpavloff,0
erfannoury,0
tomwanzek,0
techscientist,0
bogatyy,0
JulienSiems,0
Cais,0
ariejdl,0
asross,0
erolrecep,0
zaikuzailei123,0
augch,0
yurap,0
sizbrother,0
kswapd,0
zifeitong,0
Jiaming-Liu,0
senden9,0
liaoshen439,0
wangg12,0
wangweiye,0
calpa,0
jgavris,0
MostafaGazar,0
oldgeeksguide,0
Conchylicultor,0
persiyanov,0
nkconnor,0
Karel-van-de-Plassche,0
omasoud,0
timanglade,0
shaurya0,0
zengyu714,0
eddiepierce,0
cherishlc,0
ankeshanand,0
rpryzant,0
phiradet,0
selay01,0
agarwal-ashish,0
primetang,0
pelmers,0
krikru,0
seanmarcia,0
javiribera,0
viclim,0
gpapan,0
jbms,0
nmiculinic,0
szym,0
JarnoRFB,0
LiningZheng,0
promiseofcake,0
luchensk,0
bakunyo,0
JoanThibault,0
geromueller,0
mstreeter,0
Julian,0
Kjeanclaude,0
sromano,0
vamsi-sripathi,0
carlorosati,0
mrdavey,0
rkaplan,0
mlucool,0
Lezcano,0
machrisaa,0
burness,0
ivankreso,0
renmengye,0
aptro,0
hprovenza,0
hfp,0
clockzhong,0
biomassives,0
hholst80,0
LaurenLuoYun,0
foxik,0
momr,0
MircoT,0
ndronen,0
polonez,0
tarrencev,0
Dapid,0
Ericvulpi,0
elirex,0
ChihChengLiang,0
ysuematsu,0
vv1133,0
Andyccs,0
aj-michael,0
rmekdma,0
wolverine2k,0
SamuelYG,0
riverzhou,0
kunthar,0
alexeagle,0
shivam-kotwalia,0
Hvass-Labs,0
SteveSYYang,0
fishercoder1534,0
mbasilyan,0
boathit,0
Franck-Dernoncourt,0
mortenjust,0
velaia,0
rxwei,0
tirrorex,0
mhnatiuk,0
leftnoteasy,0
JacobIsrael123,0
TheUSER123,0
philipperemy,0
seongahjo,0
K75gTJnoDY0e,0
Bihaqo,0
BinRoot,0
tsee,0
stozpark,0
babaktr,0
alonpal,0
YuhuaBillChen,0
manuelsh,0
vsuthichai,0
physicsai,0
mayankchatteron1,0
yesanton,0
bostelk,0
avloss,0
fcbruce,0
DollarAkshay,0
Tiannnxx,0
bkeyvani,0
chadkennedyonline,0
Montmorency,0
evancofer,0
rmeertens,0
beyhangl,0
philwo,0
inflation,0
tangshuran,0
newge,0
Goddard,0
dm0,0
alexgorban,0
DomenicD,0
ferrouswheel,0
RustingSword,0
jangsoopark,0
luheng,0
shenyuhit,0
ptrendx,0
cwlbraa,0
gar1t,0
Invisibility,0
tiriplicamihai,0
nizhib,0
AfirSraftGarrier,0
BoyuanJiang,0
Christopher-Steel,0
zhongyuk,0
Gubarev,0
NewProggie,0
laudney,0
jithinodattu,0
shirriff,0
kevin-keraudren,0
tim-barnes,0
pyrytakala,0
StefanoD,0
SriramRamesh,0
gengqx,0
fire717,0
Ghedeon,0
icoxfog417,0
XuesongYang,0
lighTQ,0
villasv,0
littlekfc,0
Sadmansamee,0
philokey,0
Randl,0
zakariahaque,0
fomiciov,0
malzantot,0
lucfra,0
Haroenv,0
hoangmit,0
rickyhan,0
a7744hsc,0
j123123,0
saseptim,0
djones,0
b-3-n,0
nikikilbertus,0
youyou3,0
fp,0
thepok,0
temporaer,0
ghego,0
boing102,0
prb12,0
JimSEOW,0
cerrayo,0
karthiek,0
CamJohnson26,0
knownsoldier,0
frankfqchen,0
fabriciojoc,0
sotojuan,0
c0g,0
jonasrauber,0
jybaek,0
kamilryszkowski,0
ofilip,0
hestendelin,0
dmathewwws,0
tegg89,0
klattimer,0
karlinnolabs,0
hahnjiang,0
MrQianJinSi,0
barnjamin,0
LiamHe,0
DevinCheung,0
kbrose,0
ntpincus,0
elviswf,0
passerbythesun,0
bssrdf,0
PkuRainBow,0
ethancaballero,0
davidbrai,0
ultraklon,0
unsalted,0
DreSimpelo,0
hrldcpr,0
ye,0
tusharsoni08,0
OscarDPan,0
jusjusjus,0
pfaucon,0
IvanUkhov,0
arnlen,0
Phhere,0
rowjay,0
amlankar,0
alexgkendall,0
esc,0
arundasan91,0
nekot,0
NickYi1990,0
kirillbobyrev,0
gsemet,0
imironhead,0
fsegouin,0
florianletsch,0
aleSuglia,0
pannous,0
normads,0
pajayrao,0
vra,0
pwaller,0
andrewt3000,0
yenchenlin,0
itsmeolivia,0
aaalgo,0
AppleHolic,0
sbinet,0
ofirpress,0
DenisGorbachev,0
jpangburn,0
mithrandir,0
afshinrahimi,0
danielwaterworth,0
RitwikGupta,0
bamos,0
jon-sch,0
ichuang,0
yzqcjdtc,0
gnebehay,0
fabianschilling,0
tomrunia,0
HW-ZZ,0
naturegirl,0
paderijk,0
icklerly,0
astromme,0
bquast,0
zplizzi,0
tijmentieleman,0
bdilday,0
poindextrose,0
goldcaddy77,0
ylongqi,0
Travis42,0
Russell91,0
wangyida,0
therne,0
nikitakit,0
anair13,0
beopst,0
helinwang,0
muik,0
mecab,0
raix852,0
h0pbeat,0
qinjian623,0
satok16,0
wew2012,0
ssyrain,0
JohnAllen,0
adamcrume,0
johann-petrak,0
abidrahmank,0
perhapszzy,0
renato2099,0
ngaloppo,0
parvizp,0
sergejsrk,0
bafu,0
yangwang166,0
ugnelis,0
cipri-tom,0
tilarids,0
ericdnielsen,0
marcomarchesi,0
eplondke,0
philip-clarke,0
pcasaretto,0
vivekjuneja,0
rueberger,0
Huarong,0
heinzbeinz,0
SarthakDubey,0
sammoes,0
rasmi,0
msperlich,0
plutoshe,0
daeyun,0
juanprietob,0
shotat,0
agrawalnishant,0
markstrefford,0
bryongloden,0
JonathanRaiman,0
shenhanc78,0
rnditdev,0
dcastro9,0
shaolinkhoa,0
argavish,0
dmansfield,0
jianbaishi,0
gideonite,0
ilai-deutel,0
pumpikano,0
Robin-des-Bois,0
StephenOman,0
georgedahl,0
danielfrg,0
petrjanda,0
tvogels,0
kingtaurus,0
lilac,0
cedias,0
aroyer,0
IsaacYangSLA,0
bogdanteleaga,0
Undo1,0
breandan,0
mouradmourafiq,0
ericxsun,0
ErnestG,0
j-wilson,0
dipanjanS,0
zsdonghao,0
ThomasWollmann,0
ypxie,0
moof2k,0
mtngld,0
fpolacov,0
dansbecker,0
ajschumacher,0
raoqiyu,0
juharris,0
AkihikoITOH,0
rwill128,0
timbrucks,0
AmmarkoV,0
nsthorat,0
victorhcm,0
keiji,0
petewarden4prs,0
felixmaximilian,0
cgel,0
qiaotian,0
itsarbit,0
rewonc,0
carrasqu,0
akors,0
wolfbill,0
sankethvedula,0
wookaka,0
stken2050,0
billautomata,0
nakedcity,0
guymguym,0
chrisber,0
Jakobovski,0
mrphoenix13,0
stephenroller,0
ninotoshi,0
kibum14,0
kholbekj,0
yvirin,0
gouwsmeister,0
laouer,0
myme5261314,0
yaochx,0
NickShahML,0
ASDen,0
alquraishi,0
jinghuangzhu,0
Vlsarro,0
gojira,0
jcyk,0
kchen92,0
Svikashini,0
da-x,0
shancarter,0
jtolds,0
lahwran,0
sandalwing,0
rakyll,0
DSLituiev,0
rcullito,0
etrain,0
zszhong,0
awni,0
bayesfactor,0
jstaker7,0
the872,0
kanitw,0
andykitchen,0
ShuaiW,0
lekaha,0
waitingkuo,0
ludimagister,0
ybbaigo,0
maxxua,0
moonboots,0
iblis17,0
jameshensman,0
shekkizh,0
ivallesp,0
makseq,0
elqursh,0
dgboy2000,0
frol,0
cbonnett,0
OlavHN,0
johcarvajal,0
akuz,0
cameronphchen,0
basveeling,0
JACKHAHA363,0
KonradMagnusson,0
ihodes,0
sesse,0
mpeteuil,0
kmitchner,0
higebu,0
cesarsalgado,0
urimend,0
olostan,0
rekhajoshm,0
eerwitt,0
NHDaly,0
Obeyed,0
izeye,0
daxlab,0
Vesnica,0
wlsc,0
Macbull,0
noporpoise,0
yoneken,0
moutai,0
Mandar-Shinde,0
amcnamara,0
luckluca,0
lukas-krecan,0
sasbluesea,0
cwhy,0
mtamburrano,0
rthouvenin,0
cjauvin,0
noahlitvin,0
furaoing,0
jmtatsch,0
alephman,0
SaganBolliger,0
ah-,0
edevil,0
emmjaykay,0
seanpavlov,0
xsankar,0
eguven,0
PatrickChrist,0
wasserfuhr,0
flrgsr,0
naveensundarg,0
cvondrick,0
TimelyToga,0
jeffreyadean,0
girishramnani,0
danvk,0
klangner,0
jimfleming,0
frankyjuang,0
zackchase,0
Geka000,0
ageitgey,0
normanhh3,0
matspetter,0
esd100,0
omarev-git,0
markb729,0
chrhansen,0
royalstream,0
zhoubinjason,0
osdf,0
bcoppens,0
akiomik,0
aymericdamien,0
carpedm20,0
ogrisel,0
rldotai,0
prolearner,0
dennybritz,0
benslaney,0
zfrenchee,0
jordanpn,0
formido,0
almostimplemented,0
kazoo-of-the-north,0
rpagliuca,0
mobyIsMe,0
Yangqing,0
jeffdonahue,0
andreimaksimenka,0
alibitek,0
ptarjan,0
BenMorganIO,0
mrdrozdov,0
makky3939,0
webmaven,0
